note_id,x,y,cluster
155216,17.000217,2.483408,26
77465,5.3083544,-6.8919754,-1
133948,9.021259,1.8290801,-1
80176,2.1615114,16.224346,-1
72232,15.770949,13.737206,96
31864,0.9604324,7.3811793,-1
26809,3.9290705,6.7249913,-1
149866,13.727637,13.911041,111
87064,9.781946,6.328202,-1
123006,-5.4300666,10.490701,76
119317,-5.199587,2.9755094,55
92167,-7.6098547,17.873095,107
42234,12.25039,-8.276643,92
92105,-2.9990108,14.851651,-1
89665,0.8146489,5.04473,-1
149815,-3.6834233,9.840167,-1
91779,2.6177487,3.0455022,9
146172,5.8852444,8.872962,-1
89642,5.231289,2.8342829,-1
90928,-2.914104,14.752376,-1
43555,5.7268686,2.1868224,15
129465,-1.0578983,6.3778887,-1
80892,0.4229221,7.1572304,-1
80727,6.200218,12.113153,-1
49286,5.1759124,9.940512,-1
159059,6.4925117,7.79063,-1
18630,-0.2384806,5.156113,-1
168381,10.20263,1.4650024,-1
45433,12.205924,9.065109,32
88707,-10.272214,-1.6855837,77
64196,4.093035,3.2302246,3
67707,6.9624863,19.402079,73
198381,10.202647,1.4648715,-1
1380,10.203584,1.4646951,-1
83157,-1.3656304,3.1823037,12
90149,4.097415,2.3320475,-1
178381,10.221365,1.4829077,-1
188381,10.205984,1.4667298,-1
152076,10.308923,-1.8000623,47
73120,8.030271,-3.2927577,84
162716,-0.3308009,17.866877,107
125729,1.9116836,7.459575,-1
187225,-8.162883,19.333616,107
194092,-11.753915,-4.762399,91
117267,-0.57625574,10.229441,-1
177225,-7.607741,17.873205,107
116456,8.535991,-5.926542,-1
159570,9.045635,16.36072,95
149755,13.65297,3.0922942,112
197225,-8.164344,19.338362,107
204092,-11.753294,-4.76257,91
102059,4.686375,14.430787,-1
184092,-11.754892,-4.76061,91
154419,9.04587,3.442692,-1
165442,-14.929663,6.2662635,89
174092,-11.755646,-4.760435,91
76327,2.5810835,2.7877598,-1
7091,-11.736673,-4.779878,91
224,-0.3306373,17.864523,107
167225,-7.6080513,17.873217,107
181894,4.5628505,6.848986,-1
64941,1.9640046,3.3237715,-1
108947,-7.2486353,4.2876797,-1
73099,-1.0452441,9.536906,-1
122288,3.000243,1.041774,-1
180059,19.601744,1.3541192,92
4893,4.5666676,6.837346,-1
171894,4.5647993,6.849446,-1
130639,0.6498739,13.829547,-1
41351,1.1668744,14.082808,64
89329,-4.900878,-0.753785,104
191894,4.5657315,6.842922,-1
126294,14.338273,9.573995,32
15125,-4.8143067,3.7093472,-1
91000,1.9051008,3.4044027,-1
79029,-5.2392383,10.596082,-1
96329,3.499797,9.549202,-1
200059,20.039026,1.4209715,92
170059,12.250425,-8.276574,92
119140,6.306217,6.7020073,-1
201894,4.564924,6.844776,-1
3058,12.25048,-8.276515,92
190059,19.601877,1.3541718,92
114489,-4.539978,3.127542,55
42752,0.78809285,5.0545263,-1
155425,8.425687,7.4793506,-1
123768,-4.9009924,-0.75533205,104
86241,3.129159,2.8254457,-1
92709,-1.8493915,9.591919,-1
83928,-2.112674,9.461835,-1
125659,-4.8468227,3.0010424,-1
194410,-1.6905395,3.8243825,48
119479,3.51698,-0.05960462,-1
117356,4.4350142,-2.3683765,-1
90305,6.901559,14.804574,-1
114403,-4.0121155,5.71504,-1
72926,2.268736,9.762778,-1
81763,1.8885748,15.714676,-1
28944,3.2767885,14.207467,48
109214,-3.7981417,3.1260371,54
37146,4.739216,2.9366198,-1
184410,-1.6907016,3.8243415,48
34609,2.9975162,3.6445167,-1
37338,0.0045212284,8.754513,-1
113712,-3.2590759,10.6019945,-1
12011,4.0013294,14.167947,-1
174410,-1.6958297,3.8136387,48
117050,-1.7906471,10.029946,39
7409,-1.6931604,3.8196924,48
55247,-0.2327792,-4.564131,112
35456,5.1723976,22.925894,40
126799,10.308778,-1.7999346,47
204410,-1.6917536,3.8212302,48
75975,15.610973,6.32552,52
34388,-0.8834664,-3.352488,109
60957,-2.1032505,6.736477,-1
143037,2.6858523,7.7687955,-1
95730,2.3386142,9.942443,70
143121,3.0690124,5.0945826,-1
200027,-3.403869,-3.6644216,108
143885,2.8929648,7.5927157,-1
115606,15.586615,11.288296,97
20611,1.0160713,10.471738,-1
95004,3.019623,14.213568,48
14800,-0.23934652,-4.534106,-1
29604,10.16809,21.449226,98
82247,4.100972,6.825914,-1
93459,-1.1359556,7.588745,16
72267,8.094765,10.938313,28
73440,3.7849097,1.1491547,13
84360,-14.975184,12.22353,89
32488,-4.9320836,4.0169706,-1
37575,5.6490054,14.647124,-1
89414,4.0589995,7.9940033,-1
180027,-3.403779,-3.664572,108
190027,-3.4036803,-3.6646948,108
89476,-5.2001686,2.9767356,-1
3026,-3.4035733,-3.6647775,108
77061,13.380056,-0.058697008,-1
119678,13.402042,9.443972,-1
156709,-0.55100745,10.873525,-1
170027,-3.4034555,-3.664841,108
135906,6.4314537,7.8856044,-1
65076,-0.42529202,9.228156,-1
34230,10.184452,10.584734,-1
139314,-7.293947,8.199714,6
203716,16.827837,-2.4283984,63
82439,0.7241043,3.0427136,-1
117270,0.50680757,6.4480605,-1
61761,-11.737558,-4.7789783,91
71416,1.7170599,2.4961624,-1
66149,10.168464,21.449062,98
62065,4.3254247,10.258795,-1
79656,1.8310745,15.84492,-1
125401,1.8128009,9.595878,-1
162531,-4.7178297,9.234675,-1
75718,5.310177,-6.9127913,77
166023,-3.3413734,1.6779121,-1
82158,11.420011,5.2098985,70
79675,0.2795802,11.120978,-1
62793,6.291866,12.010567,-1
74321,0.4197171,12.939966,-1
129903,0.5399169,11.863817,-1
40451,-3.3454645,-0.3695935,-1
159777,-16.734507,7.179655,89
132578,6.7419896,7.349292,104
73874,-4.409462,3.0586684,-1
183716,17.612097,-2.1980894,63
53862,-0.033859167,5.6169477,-1
88766,4.2424645,1.9721501,-1
162673,0.2986669,11.126998,-1
101296,18.318853,12.451186,100
101293,-2.2497203,8.249674,-1
126651,1.5912273,-3.1397464,-1
125818,16.779627,-1.7173095,63
149806,6.391164,13.84174,-1
36401,4.721977,9.611264,37
158562,-4.1165156,5.853803,-1
41959,-6.6524515,0.87259614,42
124943,2.820832,3.5865128,-1
163624,-4.0650673,12.971404,-1
83662,3.8832202,-2.6530714,-1
121355,-0.23269057,-4.5642877,112
149865,-1.0096874,6.0449705,-1
88214,-5.8823476,0.36219174,45
44318,5.0870657,18.330927,51
6715,16.780613,-1.7174137,63
173716,17.174006,-1.8263155,63
90884,8.45451,-1.4376386,-1
76615,0.24009284,11.093585,-1
157025,3.275403,9.77351,-1
93811,8.41356,7.4848824,-1
193716,17.173992,-1.8261373,63
156017,13.375599,-0.054515414,-1
75506,-3.7233734,3.1218247,-1
67018,4.2361536,10.104916,-1
93114,5.7898254,14.3351145,-1
104194,-6.9985175,9.347535,90
79298,0.4732265,6.1669974,-1
73178,-7.4082704,4.2403755,-1
142862,8.030298,-3.2927258,84
160777,8.835635,-12.210057,89
164800,4.728994,1.8154057,27
92128,-3.7103395,3.2829764,-1
156882,0.39248773,9.100103,82
35944,-1.9255198,0.73878855,-1
184172,6.350559,2.1832416,-1
39827,16.828125,-2.4279907,63
29505,6.1403375,6.7105594,-1
79609,5.7821755,9.60263,40
117253,13.727015,13.910835,111
108485,-1.0981541,18.974163,83
81451,5.6899877,15.257569,-1
102244,6.178931,12.034328,-1
204172,6.34512,2.1847281,-1
74184,-4.0972424,5.101188,-1
134767,2.027076,9.073238,-1
142627,14.359359,4.64276,86
89973,6.245629,4.864823,-1
106543,-1.6570058,3.8478808,-1
87135,4.571308,8.572422,-1
142524,10.222564,10.644442,17
170932,-1.3747541,4.119425,-1
111307,10.255903,10.523524,-1
83035,8.231165,10.853968,-1
39084,1.1560292,9.38927,-1
150672,10.432252,18.98245,82
34653,12.227084,9.068585,32
36248,3.8522336,2.2130318,27
89571,10.5474205,21.505444,98
200932,-1.3753006,4.1189704,-1
180932,-1.3754287,4.117079,-1
150268,0.5273732,11.7124405,-1
47411,-0.7692593,10.909402,-1
165822,5.9232717,2.1445076,-1
78498,1.5883794,-3.1368873,-1
190932,-1.3755633,4.1133757,-1
73474,3.5407288,4.864544,-1
162282,22.145058,0.6775731,89
28980,2.010429,3.841364,-1
161441,-7.5773535,4.184437,-1
13595,6.3045917,8.033457,-1
37293,3.9186673,9.703421,-1
90815,-9.358414,-11.616115,89
66150,7.715215,14.390664,-1
151002,-8.175015,18.091639,107
112048,0.7995031,3.8934805,-1
29616,3.2924113,5.0636144,-1
13793,5.893372,2.3637455,-1
3931,-1.3752201,4.1173363,-1
194172,6.3513327,2.184106,-1
7171,6.3149858,2.1900494,-1
174172,6.3442965,2.18442,-1
156697,7.8952556,1.2041069,106
159413,2.6998725,4.355973,-1
130469,3.6496193,13.682133,-1
204877,-2.4513044,15.776742,-1
15698,15.58607,11.288459,97
193500,7.9338026,10.485552,-1
61602,3.4864883,-0.37559974,-1
84012,6.1385117,27.366016,88
11179,2.0936577,3.8724968,-1
188835,18.318594,12.00165,100
15466,16.828777,-2.4279509,63
126796,18.536442,-4.9151855,88
168835,18.318016,12.450478,100
108275,5.7959766,7.389684,-1
52336,-11.737409,-4.779175,91
142864,3.4952857,1.1916486,-1
6499,7.93185,10.481194,-1
188717,-7.13087,8.297257,6
98864,1.7753162,8.781656,-1
114824,-5.2036405,2.9739153,55
201600,13.804806,21.677103,102
183500,7.9339504,10.482384,-1
1716,-7.151388,8.278007,6
168717,-7.152561,8.277633,6
203500,7.9688935,10.517212,-1
62079,-5.4279504,10.491863,76
174877,-2.4541125,15.778303,-1
41761,-0.719341,11.357037,-1
7876,-2.450883,15.781146,-1
182286,1.4803097,23.09736,-1
90099,3.353036,4.3412337,-1
37852,6.2018433,6.639163,-1
4599,7.7251825,24.303547,102
20036,0.22060686,0.6182385,-1
194877,-2.4508014,15.781166,-1
72169,20.757343,-3.8015473,88
51700,4.375447,-7.193813,77
158511,14.330626,-0.70225495,111
38153,9.045702,16.360844,95
66605,10.546011,21.504778,98
155170,14.330593,-0.7022963,111
171600,10.952694,26.266937,102
37446,-1.5487871,10.367235,-1
21720,-2.4730997,0.18899107,-1
112378,3.2622015,7.1019087,-1
127739,12.690721,1.8483614,88
186925,2.0338178,10.264361,-1
140945,4.722161,8.437187,-1
9924,2.025576,10.258035,-1
181600,10.995609,24.043236,102
184877,-2.4508193,15.781346,-1
131526,5.588094,7.706705,-1
141178,-6.9416213,8.134102,-1
172286,1.4803165,23.097385,-1
155210,8.030348,-3.2926679,84
120752,5.1611958,18.416882,51
206925,2.0274622,10.268728,-1
149994,5.8429275,14.134808,-1
113443,-1.64621,9.973651,-1
149984,9.045752,16.360758,95
156406,3.6181076,14.654285,-1
42345,-7.470341,7.2681975,-1
192286,1.4803277,23.09741,-1
39944,-17.533007,11.478829,89
82909,16.4874,4.698713,80
5285,1.4803256,23.097408,-1
40930,-4.053078,3.6699483,-1
155986,0.31370762,0.7213393,-1
111456,14.338393,4.624163,86
119353,-4.106445,12.413343,31
196925,2.0314505,10.267197,-1
109718,10.54689,21.504965,98
45651,0.2153664,0.59523046,14
151093,-11.737345,-4.779244,91
53281,0.29407609,3.5798237,-1
131579,9.045805,16.360712,95
38419,-7.1164937,5.402427,-1
173500,7.9376955,10.485348,-1
154080,9.763077,-4.6502237,-1
1834,18.318567,12.45052,100
88909,5.418332,0.0027703356,-1
117251,15.585905,11.288499,97
178835,18.317823,12.001504,100
43921,6.286186,4.4031224,-1
85247,-11.978412,4.1118703,94
191600,10.995741,24.042923,102
103463,22.36131,7.550169,74
198835,18.317745,12.449772,100
178717,-7.1493254,8.278346,6
65169,1.6303694,15.874174,-1
202286,1.4803337,23.09741,-1
198717,-7.127507,8.294143,6
176925,2.025395,10.265473,-1
148855,-0.043426655,11.033435,-1
132600,-1.8697926,26.870296,89
174734,-8.712287,-1.0580359,97
93812,2.2083533,9.787561,-1
104009,3.7208793,1.1001706,13
158145,2.3573878,13.147235,-1
63267,-5.080249,10.675205,-1
126365,1.7759862,9.3443985,-1
157552,-11.737379,-4.779253,91
7733,-8.712386,-1.0580835,97
159615,0.8213447,7.059426,-1
128235,11.3376875,-0.7174863,37
99358,-4.6626377,3.3944557,-1
82643,-0.7454303,12.388455,78
92196,1.650962,7.717401,-1
149796,8.350644,14.432866,-1
40615,-6.983763,-9.055386,89
126486,18.280687,12.396491,-1
204734,-8.712382,-1.0580224,97
157335,-2.6594255,14.505303,-1
158204,3.44056,0.03298013,-1
27690,-3.6146777,10.16975,-1
99134,-6.113341,12.595696,67
20798,1.2865242,5.7555127,-1
195516,-11.758851,-4.75724,91
138478,3.5116522,14.6952,48
205516,-11.766498,-4.750432,91
14610,4.824804,10.448293,-1
117529,1.4001662,12.194207,-1
105709,-1.2866503,9.145109,-1
8515,-11.73777,-4.7785892,91
142084,-3.7345233,3.1319351,-1
67342,-4.262083,11.226715,-1
61276,1.8544836,15.77491,35
92606,-16.801008,17.563545,89
140605,6.6842623,8.025188,-1
17487,-5.117984,10.666066,-1
175516,-11.738224,-4.778389,91
31394,4.7694826,1.3528976,-1
12642,5.76449,14.244017,-1
118130,14.329866,-0.7021351,111
185516,-11.738227,-4.778521,91
91449,5.9349513,1.9653313,-1
136683,1.5752147,6.8860984,-1
113722,14.500923,-1.0608147,111
143430,15.974399,-9.075271,74
93507,0.55098283,14.897172,-1
156924,-0.99931467,10.959081,99
92476,-0.9765864,3.0125132,-1
78494,8.128109,3.1697052,57
18495,4.5669994,7.5814056,43
10323,1.9930925,3.7712433,-1
107822,7.665921,7.1778817,-1
76893,3.6813374,14.203789,-1
164929,1.316717,1.7019936,20
160847,4.403941,11.719982,-1
124708,1.9942434,8.84418,-1
194734,15.586136,11.288929,97
98366,-1.469272,21.364746,60
184734,15.586234,11.288701,97
34805,4.5422764,7.594607,-1
132574,-1.8698174,26.870323,89
197563,7.00987,6.500846,-1
151055,15.5863285,11.288742,97
83456,0.9450593,11.709451,-1
39450,2.394973,6.4902515,-1
170094,8.567139,2.6531565,57
151432,3.3600092,2.2868752,-1
148882,-0.2898709,8.478392,-1
42000,2.645306,2.2452126,-1
32943,-10.163088,-8.136267,89
34109,-0.61987,12.560833,-1
176250,-2.2573843,6.8356795,19
67358,-4.1567273,5.9036293,29
64927,-1.556149,5.6225576,-1
117150,0.2915755,11.106505,-1
181715,2.5975435,-5.428589,-1
4714,2.5975928,-5.428623,-1
73180,2.9423857,1.1962246,-1
167563,7.011229,6.499198,-1
191715,2.5976388,-5.428571,-1
25338,1.8260885,10.731247,-1
46401,3.1332073,4.8732266,-1
155324,2.9689927,0.9043336,-1
39915,-7.1291313,5.3578615,-1
160286,-1.6666373,5.4775968,-1
76191,7.8255444,14.38639,-1
88545,-2.0510771,6.652106,19
113028,2.6948972,10.506084,-1
187563,7.0107684,6.499617,-1
68159,4.852141,3.6074913,-1
139923,-9.35842,-11.616147,89
98367,6.541758,14.979736,-1
119414,-5.953029,-1.7905396,-1
128016,-6.9645743,8.1466875,-1
562,7.017734,6.49593,-1
149771,3.53769,13.582685,-1
37373,1.9945503,-0.58694494,-1
78655,0.5069861,4.216369,-1
93846,13.770674,-3.5868313,98
42211,-4.198281,-5.358768,91
190094,8.567476,2.6526008,57
86050,3.6164563,7.3109593,-1
101021,6.5382867,6.769831,-1
206250,-2.260147,6.835759,19
177563,7.019367,6.494384,-1
88647,-3.6044302,3.5057511,-1
27550,-0.48848155,9.6510105,-1
150792,-5.428112,10.491902,76
141118,2.3735538,2.0314522,-1
43124,4.4671335,9.727489,37
88667,2.2090778,6.2750154,-1
158080,3.7010612,14.561252,-1
118096,4.7298856,1.8150983,27
153666,8.341553,7.3272038,-1
74671,4.076133,11.684746,-1
196250,-2.2636907,6.835818,19
152218,6.0123253,13.992601,-1
161045,3.76098,19.329432,-1
186250,-2.2833805,6.838446,19
114823,-5.2033925,2.9729471,55
180094,8.567628,2.6526456,57
81485,6.752529,13.901589,-1
144338,7.418051,13.555942,-1
45179,4.056967,8.075296,-1
45045,-0.83774734,0.16483548,-1
120254,13.804999,21.677038,102
13322,0.43156692,3.4338603,-1
47619,-2.9204674,-0.26085037,-1
201715,2.5976734,-5.428579,-1
157334,-4.8468494,3.1738536,-1
152807,-2.0374804,9.661078,39
131456,4.3753924,-7.193843,77
117554,-5.7820787,-5.791108,-1
52996,6.962476,19.40205,73
17966,0.25566924,11.4768915,106
43829,0.20172879,14.327881,-1
152423,-6.6928797,-7.250372,89
142557,5.822711,2.189748,-1
14785,6.383771,11.019983,1
171715,2.5977063,-5.428529,-1
53014,7.4195814,7.5742025,103
3093,8.566555,2.653263,57
98849,2.1673472,2.5390086,-1
65238,0.28954357,8.478539,-1
9249,-2.2639813,6.835065,19
200094,8.559042,2.668648,57
62145,5.037861,6.7615094,-1
36040,6.599643,14.924755,-1
59299,8.069124,3.1459525,-1
189022,1.4590399,5.652231,-1
196797,3.2662473,-0.6548255,-1
116445,-1.1023144,18.977144,-1
143891,1.001347,14.446043,64
204965,-3.9295354,5.6113133,-1
36606,0.80426115,3.8859048,-1
35626,-9.224659,8.251065,99
79567,0.3901823,11.660835,-1
181225,-8.050747,17.704576,107
140278,-5.5642877,7.1391163,-1
187620,3.1019747,2.7286527,-1
80505,6.404972,13.886005,-1
20422,0.88551253,4.7140064,-1
163736,-1.3827887,4.2114196,-1
159217,0.2127972,11.118225,-1
138691,13.413382,-0.08389295,-1
9796,3.2513611,-0.6505435,-1
33508,2.5116003,4.942021,-1
139602,13.429417,16.719893,65
51190,4.6266775,15.119969,-1
163449,-4.3600855,3.7100468,56
62797,13.727685,13.911119,111
114921,12.226149,9.103072,32
52859,8.09528,10.954454,-1
170294,5.0521564,12.142486,-1
187959,13.4294815,16.719944,65
186797,3.2273488,-0.6715975,-1
143089,1.149394,14.080203,64
19603,2.282374,9.560239,-1
199022,1.4598992,5.6513095,-1
115973,-10.1631365,-8.136297,89
167432,-1.2145044,9.356222,-1
619,3.099651,2.7290041,-1
79835,10.75502,9.142163,-1
197959,13.430121,16.720217,65
79796,1.3261801,7.894801,-1
158931,0.7715921,27.323015,74
81831,10.55669,10.923664,-1
87882,-1.1458664,7.5881076,-1
17913,5.7715297,2.1249013,-1
141218,1.5908693,-3.1398208,-1
59541,9.857238,7.0771976,-1
140845,2.8028631,4.818135,33
18690,10.194995,10.635969,-1
958,13.429668,16.720247,65
184965,-3.934679,5.617399,-1
95792,0.40950343,3.435967,-1
200294,5.0519476,12.142704,-1
90832,1.9659314,1.8971162,20
48287,4.0836797,9.416365,-1
163131,-7.2353945,8.226221,-1
90656,-2.981215,14.8311205,-1
187432,-1.205741,9.354791,-1
143360,-0.7013247,11.499868,-1
167620,3.103925,2.726596,-1
80735,-9.798617,22.511862,89
164826,-5.877416,0.36512715,45
201225,-8.176988,18.093441,107
111739,-16.260643,14.466348,89
86024,0.85958886,6.9383864,-1
43498,-2.6607962,14.525676,-1
3293,5.057442,12.146906,-1
151668,-7.3049464,3.9158661,-1
119812,-2.1767278,6.457516,-1
177620,3.10249,2.7269683,-1
135401,2.698615,5.011345,33
23027,-1.0809276,3.1574996,12
161410,0.40427783,3.567108,-1
152721,-10.272195,-1.6855971,-1
160738,4.177478,11.651165,-1
34689,1.0327666,2.4817173,-1
177959,13.429682,16.720419,65
38162,-1.107666,18.981386,83
118112,3.1020658,4.8323994,-1
154812,7.5241075,13.703041,-1
100789,-1.0965737,7.61214,-1
46627,6.0337152,20.707127,-1
174965,-3.9329913,5.6142178,-1
197620,3.1070106,2.7232208,-1
97601,13.413241,-0.08383018,-1
119161,-3.803211,2.410414,-1
102858,8.267709,14.42205,-1
180294,5.0528035,12.14356,-1
165267,11.021731,12.913397,-1
111954,2.5971344,-5.4236608,-1
4224,-8.052007,17.702946,107
431,-1.206071,9.344917,-1
45876,9.670392,23.36677,102
7964,-3.9278352,5.6105895,-1
86481,6.196392,6.5729423,-1
206797,3.2527196,-0.65562075,-1
67642,-0.8295852,0.17370743,0
194965,-3.9477797,5.5872235,-1
25169,2.802027,4.930627,33
45763,-11.980423,4.1103387,94
171225,-0.33040744,17.86602,107
197432,-1.2134678,9.354811,-1
10882,-3.9924734,5.7102146,-1
83998,10.08905,10.61107,-1
159863,0.819315,3.0895813,-1
103885,10.192993,10.657233,17
43337,3.051848,6.1671605,-1
13880,3.0187476,1.1425998,-1
190294,5.0532556,12.145672,-1
169022,1.4602075,5.6517754,-1
122687,0.2104201,12.315495,-1
89553,-5.5429497,7.25778,-1
95018,2.9029493,6.262288,-1
2021,1.4602827,5.65148,-1
150868,-5.8260775,12.403501,-1
176797,3.272504,-0.65237135,-1
153907,5.6590734,8.006791,-1
34645,0.276839,0.70017046,-1
161032,-0.5786462,11.572827,-1
86331,10.214801,10.661599,-1
10546,-0.99817693,6.030489,-1
57527,3.0602431,11.587721,-1
191225,-0.33069927,17.866741,107
137410,0.3224637,11.276117,-1
123028,0.6681028,14.125951,-1
167959,13.430466,16.720886,65
124748,-0.29864833,5.43097,-1
179022,1.4596319,5.65123,-1
154005,0.14121833,11.421538,-1
64267,-7.0027523,9.3578005,90
91162,-2.9217381,-0.26232338,-1
177432,-1.2123227,9.354422,-1
156396,3.6204424,1.4207954,13
19544,17.860628,8.223331,77
22867,0.4024376,7.029832,-1
156852,0.04379187,10.338153,-1
62321,-0.43178427,9.62204,-1
15219,-0.3517848,16.333035,-1
114665,6.672731,14.962984,-1
170184,0.6246953,8.491971,77
43278,7.4705276,14.684054,-1
87906,3.3188162,-0.1355646,-1
43365,-0.23491576,9.976217,-1
72046,6.3682466,4.444046,-1
92201,6.5331893,6.675132,-1
62327,8.069372,3.1550279,57
92484,3.4009306,-0.21990263,-1
199568,1.4112494,12.19442,-1
10543,-0.25578138,-4.5475397,112
187945,-0.012094346,10.050839,82
124107,-3.040049,10.817382,58
16873,-0.42941093,7.612232,-1
194220,0.70954865,4.0083923,-1
70847,5.769669,1.9424372,15
19532,-6.6523366,0.87250596,42
114479,-4.1062603,2.6306863,-1
34828,0.7630466,11.789921,-1
107301,10.223968,10.66405,17
131503,-7.2779064,4.0138636,-1
126160,4.7223344,2.2424314,27
45699,4.0709996,5.107297,-1
38660,4.73269,10.458757,-1
145794,-0.43160522,10.220885,-1
179568,1.3989619,12.186994,-1
41751,1.3653349,7.339211,-1
51992,-4.786311,3.274426,-1
184220,0.710462,4.0089135,-1
197945,-0.014706691,10.050186,82
171130,0.3981411,2.9823494,-1
89082,4.1131105,3.2128105,-1
39140,-8.09863,12.653091,87
163945,-7.298487,3.9186199,-1
191130,0.41406885,2.9881558,-1
85278,3.8872392,2.1919506,27
18024,5.8493705,5.8453417,-1
4129,0.41268992,2.98883,-1
114873,10.206089,10.641878,17
66906,3.0612688,9.79478,-1
23129,1.2957473,14.220774,-1
32155,7.332145,13.776979,-1
114423,-1.9206345,5.303676,10
107589,-0.31366217,11.254065,-1
108685,0.83085185,6.8958535,-1
204220,0.70712006,4.007392,-1
43479,6.7429514,14.903302,-1
31686,-3.7359939,9.808769,-1
102141,-4.0637836,5.796756,-1
36074,9.04587,16.36067,95
153755,-5.06155,10.749334,-1
90188,-0.28951234,12.295104,-1
103323,-4.222504,3.5486612,-1
31912,-1.8535912,6.637762,-1
70233,11.95603,-2.5687053,58
143254,-7.351775,3.9594681,-1
38360,5.2807307,2.141655,15
45291,-13.059022,0.1404571,41
7219,0.70697004,4.0056543,-1
181130,0.40168148,2.9936726,-1
78904,-0.87011904,11.269838,-1
189568,1.4063715,12.193862,-1
190184,0.6161702,8.506456,77
119386,-5.78249,-5.7910523,81
86242,0.15847766,11.073131,-1
39504,-3.2688003,1.2463913,30
32491,-3.164986,9.88809,-1
27270,4.022715,4.489086,-1
92101,-5.180454,22.654293,102
127103,6.2008076,11.021446,1
140399,20.038826,1.4209553,92
160375,4.4782677,9.700134,37
91854,4.5553427,7.5611324,43
140682,-16.734459,7.179879,89
128847,3.7591655,2.2696395,27
36951,-7.1462507,8.301056,-1
161597,18.391373,17.58505,-1
177945,-0.017262176,10.046224,82
63565,-0.8856121,9.433641,-1
104210,-0.26000726,5.060125,45
161942,-1.22165,8.500031,-1
148091,3.2426429,14.242254,-1
65164,5.8102946,7.3699026,-1
200184,0.61097664,8.491554,77
94690,5.424603,14.20108,-1
17852,3.3499706,8.245885,-1
121701,-4.1105466,5.9650774,-1
162164,-13.702301,-2.9897277,111
136715,16.828836,-2.4279075,63
128138,2.279149,29.055511,89
3183,0.61199516,8.492635,77
167945,-0.00804981,10.046812,82
128188,-1.7889272,5.6569767,-1
150067,4.698651,9.2516985,49
77045,2.9262419,7.597511,-1
56583,0.39013618,7.1592555,-1
149768,-16.80101,17.563517,89
32768,-0.83596605,0.16571157,-1
120146,8.297558,13.567383,110
169568,1.406041,12.193888,-1
174220,0.70912045,4.0030956,-1
68165,-5.3706675,10.529034,-1
96358,2.1809733,10.091926,-1
150645,18.09591,6.73913,80
39618,2.2666998,9.74256,70
127785,-15.356704,10.272163,89
37464,18.318546,12.002053,100
2567,1.4072981,12.1952305,-1
149471,3.0024145,11.469765,-1
90707,15.586509,11.288557,97
131673,0.9928577,7.232859,-1
94081,-0.33131596,17.864264,107
115785,3.218812,7.260307,-1
944,-0.00042452378,10.054417,82
140877,-0.23869142,4.941139,-1
106765,8.2979145,13.567533,110
180184,0.6159939,8.488992,77
63197,2.2791376,29.055504,89
93699,4.7795753,9.2657385,-1
74255,0.8009284,4.1386547,-1
46126,3.1341016,6.4145865,-1
85962,7.708741,14.394242,-1
134364,3.6622705,14.360859,-1
134387,-2.2434862,9.529832,-1
25206,2.3121524,9.683076,70
40542,-7.273661,8.196705,6
17919,6.7140703,-10.401353,74
63246,-0.21596189,8.438574,-1
90906,2.7315013,-0.6574603,-1
115966,1.5696682,1.4561269,-1
201130,0.41042823,2.9918742,-1
92186,6.5072675,6.677787,-1
126850,1.4743707,7.4706893,-1
45947,20.03868,1.420951,92
16350,4.1902676,4.672304,-1
89932,15.338944,-8.822446,74
142573,0.41734964,12.946562,-1
31156,1.6614418,2.7203708,-1
133894,13.417594,16.70739,-1
11623,-0.041219633,11.519499,-1
155649,8.838814,2.0372155,85
8894,-3.5334077,6.0198936,-1
88485,23.593224,1.7636998,102
178886,2.245568,16.298256,-1
169554,3.8905602,-2.6576216,72
71466,-4.13209,4.008144,-1
198886,2.2479687,16.300825,-1
88108,1.9382765,12.637309,103
119629,20.038528,1.4209158,92
87833,2.0252872,1.8936192,-1
168886,2.2473123,16.300755,-1
169331,9.549566,10.584216,-1
133899,2.402118,10.057426,-1
113709,6.2516637,16.140608,-1
205895,-3.5323653,6.020538,-1
101188,-0.1488855,5.053021,-1
24333,3.118157,2.754407,-1
12514,7.290296,14.903523,-1
78733,-1.1808977,13.340063,-1
54637,3.0910165,-0.84370106,-1
57365,1.9100013,9.13244,-1
88751,-0.8435235,7.6333575,-1
119672,5.9455085,2.1214895,-1
155947,16.487421,4.698773,80
137005,4.718634,10.826233,49
101730,-2.9229455,14.776622,-1
142370,11.721333,8.732663,-1
113675,1.6506766,16.388714,35
40183,-7.1890416,3.771057,-1
79542,4.2245183,4.8361363,25
11640,-0.45363975,7.6447396,2
17113,6.144005,4.556739,-1
136790,3.045346,1.1215122,5
186483,4.7799134,5.868618,-1
78229,-2.294875,8.240808,47
30336,6.3405566,4.7564983,-1
70065,2.398757,9.707938,-1
119357,10.832349,-0.25332943,-1
86184,6.406894,13.8918705,-1
113560,1.7965611,8.75229,-1
71828,1.422333,1.8238386,-1
88586,0.24253744,11.430118,-1
196483,4.7680063,5.880443,-1
76750,0.6446143,6.4394674,-1
2553,3.889403,-2.6587791,72
141506,2.9136252,14.074851,-1
68365,6.0122204,13.99036,-1
18451,-1.9848866,6.6569214,-1
92448,20.775242,9.755585,92
141481,6.054517,7.447825,-1
75673,-2.077532,6.7257957,-1
163695,2.0933068,-0.5157085,11
166356,0.77157587,27.323065,74
115798,8.509347,6.898664,-1
158300,-8.319723,10.612193,-1
161861,2.835164,4.874563,33
14817,5.0756264,9.575102,-1
49394,-1.5670316,3.0955832,-1
122274,11.064521,13.992782,-1
106464,1.1805135,11.8824625,-1
175895,-3.5331523,6.0202537,-1
87588,18.411512,5.1145387,64
151884,7.1029344,6.9133954,-1
189331,9.536263,10.575644,-1
129475,16.999952,2.48327,26
158429,4.4715276,5.2361364,25
81498,4.5547504,9.361881,-1
91213,3.313684,2.4468813,-1
74578,4.291015,9.881025,37
9482,4.7795453,5.8674784,-1
13822,7.323655,15.316612,-1
163129,3.3848195,2.36198,27
106964,-2.0003338,0.8528665,-1
65417,6.648523,7.4470997,-1
176483,4.7788467,5.8688326,-1
46004,-2.1553328,6.861294,19
45900,-2.1684425,9.425301,39
126610,4.9283795,10.496394,-1
115583,8.771118,16.051271,-1
118427,10.259365,5.5029955,70
83631,2.3883333,8.2668,-1
49213,-0.5220652,7.52473,-1
46223,4.1811657,6.6558466,-1
151646,8.229871,15.014476,-1
73548,-9.564289,14.010779,-1
27427,-1.2067807,7.6362367,-1
39036,-1.5292912,9.237451,-1
64357,2.8525872,4.7166667,-1
157884,6.4521112,7.225653,-1
93942,8.06881,3.1550806,57
104760,8.509132,6.8980713,-1
128450,-3.9069283,3.4383507,56
149353,1.4435284,3.209791,-1
17714,-4.2714067,12.348886,-1
96619,14.339718,4.625415,86
127389,2.7358696,5.4758797,-1
37520,3.3315318,16.614906,8
87460,-15.952944,2.5416522,87
34867,23.593193,1.7637004,102
1885,2.246231,16.297195,-1
127234,1.6812122,2.775364,-1
46608,-1.5489686,10.370314,-1
76190,-1.1765897,13.332616,-1
17699,4.8734193,10.52818,-1
148466,6.299276,4.502493,-1
46421,6.8092823,7.393105,-1
189554,3.8895447,-2.658948,72
158238,18.402777,5.116862,64
81858,4.5626225,7.5900035,-1
95992,0.48332524,5.317297,-1
195895,-3.5337687,6.019797,-1
62069,2.4918327,9.871857,70
179331,9.556932,10.588161,-1
161278,6.8642845,13.948374,-1
199331,9.547038,10.581974,-1
206483,4.766168,5.901697,-1
179554,3.8896947,-2.6590562,72
108131,5.2942834,7.303211,-1
153059,8.8357525,-12.209917,89
66215,4.040384,2.3275075,27
80344,14.500459,-1.0601548,111
143765,7.4635525,14.709292,-1
23259,8.612518,15.8515215,-1
44737,7.3089924,14.414004,-1
108278,-6.9593,5.7442284,-1
78039,-0.2974802,11.254995,-1
76656,18.41111,5.114526,64
166600,-3.8208947,5.874652,-1
134933,-3.1853986,10.706549,-1
91582,1.888333,2.6139014,-1
2330,9.519659,10.571903,-1
58146,4.08285,3.2539685,3
75191,8.835885,-12.209805,89
86656,12.444918,-4.833977,-1
38389,6.3808603,6.9009666,-1
114696,2.878708,14.00003,-1
61541,-4.0819736,12.335418,-1
66536,1.8897244,15.934292,-1
39223,7.618138,14.728328,-1
153997,0.1770036,8.870058,-1
76298,18.317837,12.001792,100
88525,5.6581345,2.085216,-1
80537,-0.5014895,11.498416,-1
36383,0.26806954,11.454412,-1
95972,5.4704704,7.475982,-1
103747,-0.21576612,8.439218,-1
50925,3.9674535,8.617178,-1
91709,-1.0279652,9.52531,-1
70415,14.171064,9.5074005,-1
199554,3.8901951,-2.6596246,72
15353,-5.217116,2.9773295,-1
103628,-1.9508137,5.2714734,10
188886,2.2727547,16.326231,-1
145038,6.7009354,15.6193075,-1
38086,18.158304,6.7854137,80
185895,-3.5334857,6.0201273,-1
89232,-1.1335808,7.612087,16
89235,-2.267414,3.6467965,87
72666,3.4394743,14.293442,-1
74920,-11.260927,8.431551,76
62200,-2.1026912,9.430643,-1
152407,13.651661,3.0945077,-1
87669,3.602978,4.903489,23
107680,-3.4482877,-6.1613145,-1
15403,3.4063592,8.173019,-1
111592,10.654355,16.17171,-1
38041,7.6309624,-2.282025,-1
78107,-0.5860177,11.755122,-1
17803,1.9351647,3.400608,22
165055,-0.2492409,10.823436,-1
197559,2.3587859,9.3635645,70
197742,4.1315346,1.7724779,27
164681,-1.665062,9.425641,-1
77604,14.357981,4.643009,86
205472,3.0186338,3.6232798,-1
186134,17.132933,-1.8069851,-1
95005,3.3265817,14.203187,48
77560,7.241342,7.2878413,-1
135990,-3.548082,2.1602523,-1
197682,-4.182924,5.9066052,29
17905,-15.352297,11.481109,89
197463,21.499836,3.790795,61
120684,3.0508049,11.60095,4
185472,3.0125573,3.6225634,-1
3966,0.06337717,10.220012,-1
202318,10.838989,-0.2573909,-1
160732,6.1498423,-2.8824015,-1
85571,5.67946,14.219401,-1
101662,-1.2319016,4.465897,7
88801,6.1848297,4.473461,-1
97540,1.0576602,6.5916786,-1
154343,22.361423,7.5501485,74
43904,-0.5105448,11.598453,-1
153949,1.7899759,1.4449707,-1
44308,-1.6147768,5.5297155,-1
204217,3.3643854,7.1348605,21
2332,-2.7135494,7.784697,-1
102758,13.4305105,16.721016,65
26868,-4.45213,3.669401,-1
153533,-10.54563,6.096153,64
179333,-2.7109995,7.7759666,-1
23322,-1.911676,9.550711,-1
4552,-1.705363,5.278364,-1
201553,-1.7059847,5.255114,-1
103299,0.21465693,0.60208577,-1
204324,0.82342327,4.978666,-1
161475,1.357404,6.3166547,-1
83807,4.5657787,9.050845,-1
103883,17.601982,-1.4317178,63
151622,6.3145065,8.029269,-1
46387,23.593143,1.7637542,102
202319,8.458269,3.5251634,-1
101425,3.565912,13.61775,-1
185385,2.2544627,4.6837316,-1
155408,0.38353866,12.872675,-1
88003,17.926004,5.2593613,64
176134,17.170448,-1.8610283,-1
159072,3.927068,2.2330306,27
40377,7.764592,13.740658,-1
98814,10.229825,10.649586,-1
39503,-3.4135299,1.3848354,30
39471,6.4340596,7.4484034,-1
157724,2.9888327,6.2444606,-1
99753,1.7838867,8.684319,-1
86933,2.351533,6.0021243,-1
41440,-4.7177205,10.817633,-1
157289,15.586621,11.2886095,97
3457,-4.3412805,6.0884967,-1
157100,5.8460274,2.1409376,-1
177463,4.6784983,-13.774045,61
177559,2.36145,9.3610935,70
97873,9.670491,23.366777,102
177682,-4.1853795,5.905612,29
39032,-11.604956,9.687319,-1
177742,4.1262527,1.7740159,27
175472,3.0162609,3.6239052,-1
3752,2.2770393,-0.41158321,-1
175385,2.2523577,4.6780953,-1
3793,14.255411,9.407395,32
38860,-9.91215,16.11212,-1
24338,-0.75103164,2.9696562,-1
155409,13.805188,21.67699,102
180458,-4.3412743,6.087744,-1
37624,9.900162,10.711367,-1
200967,0.05772779,10.223712,-1
89511,3.5699642,3.9035795,33
144554,9.698103,10.666797,-1
199333,-2.711427,7.782159,-1
52134,6.2352433,4.85805,-1
52182,18.318333,12.449782,100
143656,7.427824,7.343963,-1
19819,8.534934,-1.5561837,21
163787,1.9562978,9.216953,-1
95550,-15.934219,2.540195,-1
79655,1.3685708,10.935149,71
184217,3.3608627,7.1337614,21
184324,0.8209559,4.977329,-1
141914,13.430625,16.721212,65
79022,0.79918826,3.9634197,-1
35769,-4.588463,3.8754878,-1
7216,3.3633952,7.1356316,21
78841,0.6589252,14.07036,-1
35637,3.7271647,-0.58338064,-1
7323,0.82383347,4.9731603,-1
28414,5.863007,13.996828,-1
78486,-1.218646,-2.153631,-1
140112,7.108045,10.444153,-1
55273,4.435089,-2.3684142,-1
205385,2.2546308,4.673974,-1
55418,-4.0568748,3.376755,-1
107501,1.15606,18.350857,-1
36437,0.929586,-7.6984444,77
5318,8.45579,3.5208526,-1
180753,2.2520418,-0.4444472,-1
200794,14.338137,9.573955,32
180794,14.2499695,9.407825,32
200753,2.2547064,-0.44325724,-1
180967,0.061166268,10.220515,-1
47359,2.6447568,5.5530434,-1
150000,8.234887,15.023795,-1
149999,1.3186685,14.222491,-1
82811,-1.1009296,18.980179,83
174324,0.8174393,4.9851265,-1
149992,6.1842446,13.945274,-1
5317,10.838931,-0.25730854,-1
174217,3.3740664,7.1289525,21
145652,0.6645867,14.017313,-1
149489,-5.953235,-1.790419,-1
181553,-1.7071407,5.272207,-1
200458,-4.3427124,6.0884824,-1
82069,2.0440824,16.133495,-1
148176,1.6619291,2.7549906,-1
89926,-5.967459,-1.7444603,-1
49515,-1.1765995,13.332407,-1
182318,10.838821,-0.25717852,-1
182319,8.458271,3.5256994,-1
146864,0.18905106,4.629756,-1
89969,3.5941262,7.92463,-1
58197,10.224707,10.6466055,-1
141228,-4.1759233,12.514662,-1
191553,-1.706583,5.2703485,-1
114663,1.8613592,15.798723,-1
126711,3.1032157,6.404542,-1
31716,8.298612,13.567279,110
93713,2.045057,-0.5341027,-1
59053,-3.2664733,1.2436038,30
126614,4.3755183,-7.193778,77
71025,20.73709,9.747968,-1
171553,-1.7045366,5.2722344,-1
13774,18.392536,17.58553,53
128162,6.4596386,4.6739225,34
131307,1.9932328,9.197009,70
64097,5.87794,2.169712,-1
165763,1.2797306,14.194397,-1
73665,20.752962,-3.8035588,88
195385,2.2567804,4.677657,-1
91221,8.177636,13.631176,-1
194324,0.8154611,4.9841733,-1
67019,1.8553228,15.963057,-1
15625,-3.865645,1.9594646,-1
190753,2.2816193,-0.4237944,-1
126251,4.553685,7.565458,43
64032,0.9847043,-10.175852,63
65162,10.444381,3.194012,-1
167742,4.130156,1.7661936,27
61863,10.308614,-1.799859,47
167682,-4.1850185,5.9050736,29
126246,-4.716826,3.0000772,55
195472,3.0172095,3.6236153,-1
190794,14.33513,9.5685005,32
67149,-6.011598,3.9804473,-1
8384,2.2505093,4.677047,-1
187559,2.3582954,9.368403,70
65152,-0.46263602,2.5554304,-1
187463,21.499521,3.7910647,61
119048,18.022835,-7.349649,74
190458,-4.3413615,6.087029,-1
117169,7.7387333,6.8966393,-1
12695,18.39243,17.585485,53
170794,14.338131,9.573767,32
71532,-2.5352273,-1.4568148,62
8471,3.0162854,3.6227894,-1
114157,6.3857865,14.323156,-1
75537,3.5115144,14.413501,48
12774,5.5196524,14.316357,-1
170753,2.2567942,-0.44331503,-1
91471,3.3423615,8.241943,-1
166392,3.9681327,8.2919655,-1
71603,-4.23608,11.239367,-1
67468,5.380723,0.020990457,-1
93349,6.880524,17.25987,63
127461,15.199367,13.782265,96
67408,5.9069715,14.772777,-1
194217,3.3605006,7.1350093,21
462,21.49951,3.7910864,61
132520,12.722279,6.63956,66
558,2.3841996,9.355287,70
133897,6.2228284,11.526966,-1
192318,10.838727,-0.25708094,-1
192319,8.459216,3.5271537,-1
65901,-4.211993,4.0009837,-1
169333,-2.7115982,7.780998,-1
122264,15.230771,-6.177967,102
70548,-3.7759593,3.0959175,-1
74945,-4.087364,5.9582624,-1
187682,-4.1844335,5.9010963,29
34812,9.631117,6.0250335,-1
93565,-0.19570021,6.084762,-1
63185,4.2415357,8.737025,-1
167559,2.368449,9.354309,70
121482,12.511799,9.007845,32
117943,4.745895,9.3745575,-1
189333,-2.7116761,7.7809935,-1
76007,2.739527,3.2789385,-1
115802,-5.091636,10.709764,-1
170458,-4.340021,6.085705,-1
206134,17.129734,-1.8110265,-1
121305,-4.323025,3.3141913,-1
72387,-16.260815,14.466152,89
165907,-0.11194396,3.7797244,85
92957,1.938222,5.7769294,46
187742,4.1342397,1.7680464,27
130611,2.9373662,9.328355,-1
172318,10.841815,-0.2602552,-1
172319,8.459649,3.5282674,-1
62719,-5.9017186,3.8882046,-1
121045,0.75536054,3.9686012,-1
58230,-1.6427484,5.4888415,10
62241,5.3236947,5.9532766,-1
70207,-4.546805,3.017496,-1
125639,1.5394659,12.226881,-1
741,4.1325097,1.7716242,27
92903,4.3771687,14.397588,-1
681,-4.1833224,5.9066753,29
63178,9.604041,0.25759837,70
190967,0.061416928,10.218324,-1
170967,0.03774907,10.203388,-1
116094,-0.0066968077,10.024909,-1
66815,3.4038384,2.3831866,-1
196134,17.109167,-1.7920706,-1
167463,21.49949,3.791148,61
125075,10.351107,10.730055,17
9133,17.150866,-1.7565134,-1
33004,18.401573,5.115077,-1
13504,-7.1048026,3.9056194,-1
133036,7.0425434,7.5235248,103
129127,7.006239,7.5337076,103
37700,18.31853,12.00228,100
89182,2.677974,3.1275582,-1
179510,4.5823965,2.148091,-1
44969,-2.071149,6.7106905,19
54198,0.37399527,3.483102,-1
161862,3.124579,2.712885,-1
164117,3.649687,-0.42581883,-1
113700,-7.2366176,4.28365,-1
179993,13.430986,16.721558,65
54581,5.464183,2.7287803,-1
152603,4.037202,6.2605553,-1
38060,18.6593,20.228807,88
16335,1.6102006,6.6070757,-1
104095,6.4968615,6.759165,-1
83590,-5.747325,8.759107,-1
72373,6.207805,10.987734,1
164118,15.586711,11.288668,97
37977,17.17283,-1.8255208,63
151545,-1.080998,8.287856,-1
4698,10.761685,9.143729,-1
65809,-0.1927318,8.446771,-1
201699,10.760711,9.144055,-1
35788,3.2166708,6.340103,-1
179515,-5.1724033,14.612414,59
142207,-4.1945715,3.58944,-1
66062,15.499764,13.731824,-1
92199,6.3149133,6.5648212,-1
201240,-0.8807417,-3.3519356,109
72514,1.0324595,14.424515,64
53978,13.431109,16.721823,65
152876,8.835987,-12.209689,89
161360,-4.175697,3.9022846,-1
171240,-0.8809433,-3.3528175,109
13861,6.138213,27.366201,88
113899,5.325926,7.382388,-1
179978,5.19119,10.763833,-1
171161,-3.403524,-3.6648352,108
142097,22.14512,0.67760116,89
126729,-1.3418914,4.3040953,-1
97191,5.575465,0.014246795,-1
46090,21.499512,3.791109,61
201161,-3.403451,-3.664974,108
417,0.0384997,10.3238535,-1
141208,9.043153,1.8114694,85
89364,0.22947651,10.710086,-1
65643,1.6509731,2.882417,-1
83733,-2.0382037,6.7754054,-1
126797,9.043607,1.810993,85
34914,-0.03775678,11.954686,106
32579,6.409205,10.592414,-1
96766,1.9883971,9.328033,-1
143971,8.241998,15.000335,-1
162873,0.24446477,8.448346,-1
189510,4.5784245,2.1488278,-1
115029,-0.22901641,9.741405,-1
33604,6.471592,7.3552003,-1
171699,10.762088,9.1451025,-1
189515,-5.172602,14.612521,59
183546,-13.061596,0.14294317,41
91637,18.318535,12.002402,100
183580,-3.8914137,4.574881,-1
105484,7.811896,14.337909,-1
105946,2.6652963,3.1328926,-1
5581,3.260917,4.710022,-1
181699,10.761595,9.144232,-1
63798,5.3002663,-6.8851037,-1
21509,4.6666894,2.2039864,27
6545,-13.060643,0.14029862,41
21705,4.0053816,10.618254,-1
49337,3.4055507,4.6006284,-1
36291,8.681027,3.890162,-1
167418,0.029415915,10.318409,-1
14920,-1.0550838,6.1467524,-1
188991,22.361547,7.550126,74
62292,3.3351827,7.1936097,-1
36548,-0.36280754,11.578296,-1
163228,5.1724358,22.9259,40
199515,-5.1726584,14.6125,59
199510,4.5913243,2.1428795,-1
182582,3.2710888,4.7163815,-1
20704,-2.5327232,18.020706,-1
106803,2.100017,6.6706305,-1
89994,1.3223139,7.873535,-1
49997,6.3286505,4.6437907,-1
96096,2.363515,9.351164,-1
81468,2.4041886,1.8904073,-1
20140,-8.098649,12.653221,87
94233,0.7814884,3.9287536,-1
20905,-3.4317846,1.5138464,-1
199978,5.1899486,10.76131,-1
199993,13.430559,16.721909,65
82462,0.96223986,7.3546824,-1
6579,-3.8922448,4.57347,-1
161957,4.379701,11.709841,101
127651,16.866821,2.5121636,26
89625,3.5812242,5.290836,-1
92016,14.500284,-1.0597248,111
116842,0.40244138,-13.765848,88
44683,10.995835,24.042824,102
92032,10.432292,18.982557,82
116912,10.432191,18.98245,82
127691,17.601896,-1.4316984,63
142682,13.940601,7.341772,-1
28178,16.932903,2.5004976,-1
173580,-3.8927672,4.57248,-1
73243,15.230706,-6.1778617,102
46689,14.356372,4.642498,86
64833,7.8985834,10.521605,-1
73185,5.620864,14.632106,-1
83437,-0.10736762,19.60299,-1
10017,5.52745,14.229381,-1
114081,-0.6447793,2.9621549,-1
198991,18.022778,-7.3497295,74
189993,13.43049,16.722,65
189978,5.189705,10.761596,-1
61830,-1.9551352,9.51385,-1
33735,12.539928,-0.96530217,-1
149752,-18.52098,9.485552,89
82573,-2.7244377,14.589158,-1
181240,-0.8895371,-3.3436606,109
143241,5.708824,14.256393,-1
64082,2.0195954,-0.526226,-1
80024,-8.91093,-5.8996763,110
173546,-13.061516,0.14053963,41
181161,-3.4034555,-3.6650457,108
37292,-4.7436438,3.0052798,-1
128137,-0.4393589,7.615527,-1
52774,3.3034654,-0.10476347,-1
195328,-2.9732087,11.581866,-1
149993,6.334715,13.828362,-1
29758,10.209563,10.634732,-1
1990,15.974091,-9.075248,74
142966,-9.798453,22.511745,89
19573,3.682624,2.4060845,-1
125569,-1.2137029,3.6105576,-1
152813,1.8801069,10.542135,-1
205328,-2.9738002,11.58161,-1
16782,-3.5538993,2.160481,-1
100618,1.4710958,6.6953144,-1
56397,2.8676813,-0.54532915,-1
191161,-3.4001873,-3.6684349,108
156447,2.6415384,4.7342963,33
156454,2.778343,5.060411,-1
122993,6.1434155,4.4773707,-1
39073,1.2906398,14.631498,-1
156565,9.670551,23.366777,102
11129,0.27371272,10.31069,-1
123301,-3.9671898,3.1126702,-1
138072,-0.32385036,5.9049563,-1
177418,0.039128263,10.319144,-1
86596,9.603901,0.25798863,70
86758,0.64419174,9.44173,-1
192582,3.2621355,4.7048016,-1
90953,-1.467701,21.322878,-1
12460,4.5368247,6.991601,-1
68094,-10.360641,10.060147,-1
85647,4.091399,9.413774,-1
202582,3.2661817,4.713122,-1
123954,3.0082412,1.0732819,5
175328,-2.9741251,11.581632,-1
67627,3.4770575,5.7821836,-1
42885,9.110747,6.244455,-1
2509,4.583751,2.146232,-1
123720,3.6677425,1.1740316,-1
2514,-5.1717896,14.611351,59
187418,0.03770217,10.317173,-1
134283,12.691529,1.8472837,-1
164778,9.7876005,6.3259487,-1
169510,4.5826397,2.1453223,-1
169515,-5.1719017,14.611785,59
42602,-5.6373606,25.450705,89
38961,-4.5334377,12.912595,31
119375,5.827114,5.854472,-1
68088,3.6832995,-0.6234138,-1
24577,6.1656003,12.215084,-1
88554,-0.44928563,11.536506,-1
25117,-1.9034476,9.583021,-1
58924,3.5646539,14.532091,-1
8327,-2.9740908,11.581867,-1
2992,13.431189,16.72235,65
98945,5.2061944,9.537418,-1
98246,0.062382944,4.817936,-1
87646,8.111534,8.040062,-1
193546,-13.061645,0.14054883,41
197418,0.03675629,10.320679,-1
39722,2.5977602,-5.428319,-1
11719,1.7877145,16.059402,35
203546,-13.062078,0.13998707,41
39780,3.5965223,3.2727408,-1
68826,1.1244749,14.216139,-1
2977,5.190403,10.761549,-1
112459,1.152455,14.098059,-1
203580,-3.8931797,4.5707946,-1
58159,2.0736587,-0.5796004,-1
69835,3.5139303,-0.16311781,-1
120661,18.31833,12.449907,100
77021,1.8483571,1.5111687,20
99011,2.8028562,7.825519,-1
193580,-3.8930495,4.5693183,-1
40708,13.99431,9.410889,32
112564,7.358123,13.84726,-1
41425,-5.1816373,3.3706803,55
157338,-1.1891232,4.376499,-1
172582,3.2593017,4.7170205,-1
157511,4.5652013,2.1845927,27
122342,14.330559,-0.70233434,111
41131,2.1162472,10.25532,-1
57114,12.356543,-11.261745,88
169978,5.1909823,10.762931,-1
159772,1.3646699,11.9085455,-1
169993,13.431475,16.722696,65
121847,-4.550696,12.9258175,31
40907,11.947992,-2.5550625,-1
157962,-1.322366,4.3566875,-1
121703,-0.23263317,-4.5644493,112
67453,5.0654736,-0.14589165,-1
123092,4.393647,11.6981735,-1
15298,8.689488,6.754327,-1
84729,1.2882855,5.7802396,-1
191699,10.761789,9.143961,-1
67104,14.3307905,-0.70237845,111
125334,-3.969998,5.6845903,-1
191240,-0.89627415,-3.33539,109
185328,-2.9743416,11.582075,-1
91303,1.5270019,2.0866861,-1
43592,18.659386,20.228825,88
23987,3.7146802,-0.6173027,-1
43734,-7.4152536,3.559227,-1
43744,6.037326,14.184894,-1
140606,-2.5507395,18.041113,101
78438,3.7818518,1.5972342,-1
168991,15.338904,-8.822404,74
66949,2.071407,16.117363,-1
4160,-3.400434,-3.6683075,108
140216,0.7429072,3.0339549,-1
113536,4.115813,11.669948,-1
43949,2.189174,16.254362,-1
44193,-1.3593429,5.9608026,-1
23815,4.310477,5.067043,-1
154244,-3.268343,1.2442157,30
78597,-5.221538,10.583956,-1
178991,-2.948571,23.991247,74
4239,-0.8848036,-3.3483143,109
38641,0.80378133,12.257186,-1
124817,-6.863404,5.1334267,-1
60109,0.3699586,5.3763723,-1
34264,2.7609549,5.4404373,-1
161118,6.6299267,6.5958457,-1
139546,-5.6906495,8.789697,-1
35423,-10.54516,6.09613,64
31677,5.3754435,0.023418847,-1
60126,-7.277169,8.211305,6
23618,0.38353497,9.085402,82
148439,10.43153,18.981743,82
189584,-1.4625059,7.670945,-1
4271,9.79338,6.290517,-1
152796,-0.0073548164,5.695152,-1
81041,1.6387784,15.836132,-1
20516,5.1725273,22.92595,40
158805,-2.5959265,4.172873,-1
160984,1.1861669,14.814797,-1
199584,-1.463102,7.671031,-1
125830,7.9864607,-3.2442467,-1
26026,-1.4704895,21.36977,60
40884,3.285292,4.8655734,-1
147946,8.683087,3.8940275,-1
87302,6.8727336,17.262125,63
44331,1.832778,10.074787,-1
87333,7.892192,14.251176,-1
168483,-5.093453,10.710571,-1
122210,6.1063933,7.562689,-1
5635,-11.261568,8.4321575,76
36901,0.23723069,11.293125,-1
82382,0.11192818,9.177146,-1
21599,5.249062,9.479043,-1
125594,-8.712414,-1.0580127,97
48296,3.5257292,14.690367,48
5540,-2.4528923,12.434818,46
157348,-1.1832912,4.403996,-1
157487,16.830608,-2.428806,63
115409,-4.552828,12.92893,31
148878,-4.7632513,3.9071968,-1
107294,6.32432,7.1497173,-1
44911,-4.213387,3.1138985,-1
66013,8.28546,10.868015,28
15244,3.767564,1.1525283,13
148656,16.897572,15.214665,89
102313,5.92465,13.976915,-1
30636,0.6171634,9.451434,-1
87124,7.7403893,6.8996005,-1
145685,9.044126,1.8104774,85
157987,7.9231634,10.485249,-1
145770,6.4156375,4.6593657,-1
84787,6.553219,12.245091,-1
179584,-1.4640769,7.6713223,-1
49850,1.329791,7.1124897,-1
191272,9.793337,6.2902756,-1
182636,-11.261323,8.431971,76
30820,0.30126432,8.487053,77
115804,12.124366,8.933113,-1
146184,-7.869422,11.7394085,75
182444,-1.8640639,0.62161624,-1
153509,8.568729,2.6597462,57
200152,0.4175157,2.9785411,-1
106722,1.5770795,6.5620775,-1
106747,-3.0249822,14.877255,-1
102699,15.3388815,-8.8223715,74
182541,-2.45297,12.434528,46
90008,-6.111695,12.594298,67
125466,-3.940247,3.2851503,-1
146678,3.6312697,9.501781,-1
153535,-4.3297634,3.6553783,-1
170152,0.41909343,2.9782052,-1
20945,4.1277714,6.5508575,-1
203777,9.757731,-4.6511087,38
152931,3.2899413,3.1390076,-1
30536,-1.2635849,4.41755,7
163098,-1.9757346,9.80138,-1
39866,-4.0196657,-11.398231,89
147713,1.3719796,6.8842487,-1
168531,4.789806,10.0755415,-1
81097,-1.1825665,7.60284,16
3151,0.41370043,2.9797866,-1
98602,1.8496737,9.403832,-1
102519,-9.934611,0.7675193,-1
30880,3.4006844,14.344123,-1
195647,-17.53284,11.478995,89
49459,2.5885282,9.982544,-1
204228,-4.050062,6.025109,-1
149424,-7.1713524,4.3221316,-1
121541,4.1831317,11.602687,-1
66486,4.355867,12.03588,-1
103216,6.872797,17.262175,63
151666,7.1309376,13.694696,-1
192636,-11.261375,8.431929,76
93803,-2.9381404,11.565858,-1
83434,0.75570226,4.004007,-1
37612,-4.704145,10.820768,-1
96697,-0.98205924,6.093443,-1
46515,-1.338332,9.499687,-1
71283,8.110063,14.956439,-1
96691,1.8303535,9.140111,-1
93214,2.7961106,7.881895,-1
64852,6.668387,14.960431,-1
178531,4.799694,10.06062,-1
46681,6.006702,20.76544,80
32879,3.8797255,10.229399,-1
92169,4.1443396,5.2795997,-1
104607,-7.0964694,3.911952,-1
10155,10.43179,18.981997,82
104684,16.9541,2.4910622,26
180152,0.39070892,2.9710164,-1
190152,0.41122788,2.9788296,-1
92191,6.475707,7.127321,-1
45928,-8.053126,17.70408,107
202636,-11.262562,8.433135,76
96595,4.6159625,2.161023,27
127170,0.8226672,4.108407,-1
202541,-2.4529588,12.434556,46
42796,3.6524372,1.6800511,-1
24085,2.972277,14.208266,48
171272,9.79337,6.2899666,-1
151656,5.172494,22.925983,40
43293,-13.63191,15.598007,90
126841,0.6042862,10.626402,-1
194228,-4.0240107,6.009086,-1
31549,13.4159975,-0.08632075,-1
96815,-1.2804257,1.3220794,-1
43171,5.082072,-0.12458613,-1
10818,10.99682,24.041714,102
46133,-2.3497539,7.0563154,-1
202444,-1.8635995,0.6214756,-1
93299,-5.428101,10.492086,76
117280,2.040871,-0.5902368,-1
160467,10.997553,24.040804,102
160450,-6.2136626,12.68381,67
178483,-5.0942097,10.710501,-1
117138,-1.8689283,26.871727,89
161978,9.670586,23.366768,102
37630,6.3387384,4.5831556,-1
127151,-0.014583599,5.0227547,-1
104268,3.1140888,2.7195408,-1
119429,1.1643509,14.079649,-1
127931,-0.5753711,10.229888,-1
82927,2.630036,4.7371902,33
68616,-8.172071,13.620891,-1
162439,10.174664,10.684526,-1
192541,-2.4526236,12.434299,46
157062,-0.9766758,6.050974,-1
175647,-15.356646,10.272454,89
152253,1.4579383,10.79592,-1
88396,-2.5825472,16.621166,-1
181272,9.7933,6.289587,-1
21760,3.0314534,9.801524,-1
152324,14.500782,-1.0610706,111
193777,9.69512,-4.5940337,38
155029,5.1332483,18.359001,-1
174228,-4.0228186,6.0107484,-1
157301,6.291107,7.06481,-1
159933,3.7932463,7.6946516,-1
128358,15.974004,-9.075168,74
117638,-4.4021072,3.6506164,-1
160890,14.5004635,-1.0605301,111
118504,10.9976015,24.040796,102
5443,-1.8632891,0.6216738,-1
39355,3.9677002,10.185443,-1
93078,0.9398841,12.226731,-1
64143,3.1540477,6.138929,-1
42407,-3.984315,5.722837,-1
88452,4.0140696,5.58309,-1
169584,-1.4640498,7.6716204,-1
201272,9.792193,6.289586,-1
92211,7.3288417,14.537069,-1
68281,13.630663,-5.5873203,63
82834,3.2732654,4.892929,-1
2583,-1.465676,7.671639,-1
156449,3.8710861,2.2115521,27
43876,-9.912081,16.112074,-1
39068,0.5131765,12.328776,-1
29759,0.8025681,5.0238686,-1
26740,-17.532692,11.479151,89
116646,1.0431728,14.901044,-1
11086,0.8718454,14.417453,-1
64230,2.5632758,11.50321,-1
47618,0.92646605,-4.342251,68
192444,-1.8647143,0.6207885,-1
39157,9.043617,1.8112147,85
149852,3.463786,14.4285345,-1
124731,2.0258913,-0.52848256,-1
23765,0.15971757,12.033843,-1
39939,10.166334,21.448729,98
144101,-15.356679,10.272465,89
107963,-0.5182673,6.239601,-1
58477,6.7726154,13.859106,-1
76155,-7.870065,11.740153,-1
139909,1.6423708,12.2876005,-1
134680,0.058562975,4.978326,-1
94851,-3.5471325,1.4287018,-1
1482,-5.0972176,10.717466,-1
76164,3.020806,1.0873038,5
60890,12.250517,-8.2764635,92
36262,-11.304821,19.71837,89
51863,2.9720576,-9.598799,84
184228,-4.023931,6.01005,-1
139656,18.403008,5.11639,64
139513,3.2842407,3.6932752,-1
111710,10.998333,24.040146,102
80508,10.435709,18.986404,82
144124,-1.4191496,14.823613,-1
107941,11.337694,-0.7175114,37
94658,1.4598973,10.779476,-1
164510,0.11481965,0.82664466,-1
53573,-1.2476279,8.461431,-1
135556,-3.7229164,10.211179,-1
113545,-0.42946002,9.246127,-1
172636,-11.262531,8.433055,76
60675,2.3273125,1.9908148,-1
112524,13.413752,-0.08433518,-1
79317,5.9917083,7.4841375,-1
60662,4.4347525,-2.3685446,-1
60641,2.6780977,9.227756,-1
91664,-15.399273,8.500631,89
59872,0.27808982,0.47812137,-1
80412,3.5788062,1.3411527,-1
139363,5.8337216,7.6791573,-1
141476,2.8221765,4.8580103,33
16713,-5.4281573,10.492079,76
137895,-6.982707,5.1846604,-1
188483,-5.0922136,10.709315,-1
33927,3.750718,1.7587783,-1
77973,-2.267565,3.6467547,87
59270,2.3975465,16.382595,-1
16792,9.854846,10.653283,-1
143562,-16.801004,17.56351,89
172444,-1.8636388,0.6216797,-1
111249,-0.31309694,9.054596,-1
163861,0.45478088,8.642632,-1
183777,9.695508,-4.5943775,38
188531,4.7915473,10.073797,-1
131212,14.103162,9.493818,32
131036,1.6192291,7.9066944,-1
114575,4.296938,5.0305896,-1
95633,10.543773,21.504433,98
78003,-7.2344646,8.211734,-1
1530,4.7888618,10.077737,-1
172541,-2.4529917,12.434348,46
166680,1.4090433,8.861813,36
6776,9.757041,-4.6503463,38
108220,3.64201,7.328599,-1
131870,1.6521932,9.214865,-1
79766,-0.5684312,11.573463,-1
142631,8.837485,-12.208078,89
91509,-3.3456776,10.57479,-1
185647,-18.521013,9.485655,89
134900,-0.08630371,3.4195921,-1
134049,3.355858,7.310108,-1
144569,16.998554,2.4835038,26
90321,-9.932226,0.7716548,-1
77014,0.84189874,5.6161194,-1
173777,9.695597,-4.5944834,38
198531,4.7907276,10.076,-1
165965,1.1561246,18.350908,-1
164287,3.7074008,-0.5347568,18
94942,5.731813,2.1368346,15
141195,-6.21444,12.684418,67
20337,-4.166502,5.8711944,-1
198483,-5.096869,10.71444,-1
54776,-1.7498777,10.121035,-1
7227,-4.0155272,6.0188904,-1
164176,-6.6925087,-7.251013,89
141262,8.195074,21.311075,-1
76006,5.4210067,0.03077748,-1
130605,2.9896538,6.242772,-1
60157,3.6450202,2.3315425,-1
110130,6.130668,7.0328817,-1
34945,-2.0414796,6.687027,19
8646,-16.80093,17.563585,89
205647,-9.358446,-11.616154,89
28308,6.5717,4.482474,-1
164182,9.86524,-7.6197476,102
91510,17.601675,-1.4318112,63
110037,0.48018363,6.1862535,-1
54652,-9.932551,0.77012104,-1
64482,5.3070827,12.286528,-1
85815,1.9431101,9.199404,-1
103226,3.0733283,6.182141,-1
125544,-0.13097438,8.515508,-1
64547,2.91467,-0.7365284,-1
109980,5.0550127,9.546742,-1
127819,0.29175332,9.073439,82
166313,8.414694,7.4842725,-1
47000,3.68501,-0.5934845,18
37569,13.630782,-5.587299,63
2517,0.52486235,8.25195,-1
73206,-4.351771,3.7186909,-1
55834,3.6328344,4.711067,-1
198018,11.096602,14.03354,-1
202433,3.67583,1.1468129,13
66338,-8.179199,18.097843,107
150786,3.4972165,8.0586195,-1
173000,3.029184,22.337234,50
164754,2.1275134,-0.51447076,-1
194145,4.7476563,9.346017,-1
178018,11.096664,14.033634,-1
73257,-1.548883,5.6087894,-1
104655,10.259512,5.502727,70
123845,4.786074,10.089792,-1
44305,5.716774,1.980661,-1
37436,2.152577,3.552502,-1
34258,5.6311173,2.0503294,-1
32662,4.874289,9.14434,-1
123059,6.2756734,7.6690216,-1
128066,6.271685,12.054028,-1
29743,3.7533023,13.792134,-1
7239,-1.914207,9.910855,39
156444,3.9942973,10.074106,-1
128090,15.230744,-6.1778445,102
131440,0.24462402,11.668341,-1
149888,-1.8618457,9.83826,-1
54487,3.0581443,4.0668736,-1
75227,-5.204139,2.9730442,55
149870,3.409592,20.547337,38
52762,3.8540213,5.5334516,-1
128158,-2.484635,8.704998,-1
179518,0.52472067,8.250217,-1
37283,1.8620328,-0.8841139,-1
11077,3.0199363,1.1191628,5
15656,9.04594,16.360651,95
61540,2.2791305,29.055485,89
201630,-2.8475425,2.3558815,-1
125780,-4.0708814,5.764911,-1
168018,11.096683,14.033653,-1
84323,3.988782,5.389277,-1
22142,2.6736119,5.181997,-1
47133,4.5326004,10.108571,-1
184145,4.7314343,9.361913,-1
140858,18.317865,12.449494,100
42689,-2.1168234,7.1039004,-1
161344,-1.8721467,9.640583,-1
72513,-10.514058,6.1198287,-1
123401,-6.1131067,12.595514,67
75324,2.2993035,9.675528,-1
104947,0.22504014,10.759293,-1
125578,11.955978,-2.5685382,58
44804,20.756674,-3.800606,-1
169518,0.522531,8.24642,-1
187391,3.1437109,11.786959,-1
113207,-5.7867227,-5.7886634,81
42516,-9.755869,1.2431728,-1
88557,-2.029615,9.710895,-1
85754,7.8390083,13.894167,-1
198836,-2.9639924,11.577603,-1
1017,11.096662,14.033618,-1
141324,-1.066711,9.557973,-1
66859,-1.6321849,5.45556,-1
151872,-2.948634,23.991327,74
46097,2.6002672,3.042486,9
178836,-2.9746516,11.58652,-1
109333,7.036254,8.212319,101
71942,18.318523,12.002516,100
141973,-0.44808373,3.755402,-1
140623,-13.702298,-2.9896967,111
43937,10.664158,16.175179,-1
72998,13.630869,-5.58729,63
16205,3.6423104,2.391482,-1
140213,-15.356641,10.272586,89
154331,1.6338863,16.309813,-1
133432,8.235017,15.021714,-1
142135,2.3633673,9.586723,-1
191630,-2.8485947,2.3572087,-1
117252,-7.171282,4.332292,-1
126891,1.9270252,3.3925314,22
7144,4.7680883,9.3641205,-1
125279,-3.5835311,2.0117755,-1
79129,2.5369995,1.9315238,20
93457,1.2932817,9.43257,36
132773,-4.198262,-5.358762,91
132749,-1.0106955,6.057968,-1
92210,6.279736,7.2128325,-1
188018,11.096766,14.033668,-1
18537,3.1541674,6.4085307,-1
54019,-4.289116,3.2033453,-1
168836,-2.9668028,11.579833,-1
110394,7.725097,24.303736,102
124867,1.9953825,7.649012,-1
66519,2.0624309,-0.5757648,11
161662,10.166479,21.448755,98
66816,3.359029,2.1059399,-1
37960,10.579886,3.0606427,44
38474,-3.112595,2.2699728,-1
151965,3.8841095,2.2038043,-1
151964,3.7587974,1.5983518,-1
79239,7.0542827,14.772262,-1
204145,4.7462406,9.348615,-1
160751,7.054959,8.22206,101
35460,5.1149035,9.365886,-1
72144,7.7250266,24.303907,102
125355,2.1547601,2.1282017,-1
34065,-3.448044,1.6154277,30
93608,2.0633397,2.9622536,-1
194240,-1.9160831,9.9186,39
71684,-4.202966,3.1707313,-1
172433,3.667462,1.1569923,13
78761,-2.5427146,11.260179,46
499,1.8967421,11.150948,-1
92467,-8.189025,10.617501,-1
155030,-4.3945527,2.853649,-1
4629,-2.8441582,2.361651,-1
187500,1.8955506,11.153847,-1
139324,10.548654,21.505001,98
114180,2.0579386,7.3942003,-1
23069,3.3647547,-0.4659326,-1
152156,-1.3879648,1.0438359,-1
31596,-4.1606374,5.9129696,-1
61067,0.1868534,0.6175922,-1
79614,6.137896,27.366383,88
184240,-1.9170926,9.915951,39
390,3.1012733,11.833225,-1
142214,4.2600465,1.9439819,27
154711,6.224462,6.5722966,-1
23997,7.4578032,10.530619,-1
110206,13.805366,21.676939,102
204240,-1.9354713,9.896972,39
44461,0.39075994,11.719108,-1
16235,9.858969,10.726712,-1
45468,3.8851392,8.030706,-1
142365,1.1930937,11.870179,-1
54279,2.8314793,14.071927,-1
124486,-4.66097,3.1184225,-1
164605,-17.532635,11.479217,89
95321,-1.9936651,6.6723905,-1
97596,18.318407,12.002588,100
113458,6.38822,13.827408,-1
124454,7.7426124,6.8991632,-1
35258,0.33372647,9.502045,-1
59075,8.534943,-1.556092,21
1835,-2.966783,11.579931,-1
11286,-11.738282,-4.7785096,91
147830,2.716957,10.115682,-1
121909,2.7354834,-0.28680652,-1
40944,20.038452,1.4208488,92
39518,4.517202,12.937156,72
147747,-1.1771725,7.4806294,-1
17011,8.4325485,3.5153987,-1
87350,4.276053,10.521014,51
129173,0.9077286,3.9877348,-1
121774,-16.260992,14.46594,89
70595,-0.23999906,11.721997,-1
81617,14.331021,-0.70222,111
167391,3.154107,11.821024,-1
74925,0.77782893,4.005171,-1
130674,-6.95235,5.7557607,-1
99108,0.62544674,0.9744741,-1
197500,1.927365,11.177174,-1
74205,3.7896245,1.1155363,13
70498,2.9787009,6.244983,-1
193000,3.029131,22.337332,50
36266,2.970944,9.880654,-1
188836,-2.945942,11.55927,-1
11262,9.04867,3.4430134,-1
174145,4.744995,9.347125,-1
86911,3.3528383,2.3192093,-1
143865,13.770664,-3.5867803,98
116227,5.4660625,-7.058829,77
90966,0.047338583,10.700998,-1
148510,-9.358497,-11.61612,89
68878,10.436935,18.988031,82
143902,-15.953289,2.5418246,87
76669,-1.8209373,9.401218,-1
94263,-0.22813967,-4.480048,-1
157545,8.535055,-1.5561874,21
73983,0.33670315,9.49691,-1
112684,4.6692996,1.7999929,27
189518,0.5228021,8.249003,-1
91842,3.708886,7.7131796,-1
148129,-0.83666146,0.17332672,-1
111714,-1.1009524,18.980015,83
15505,1.8296567,8.746654,-1
108036,-7.1699395,4.344014,-1
167500,1.8991773,11.154797,-1
120251,4.3758216,-7.1936693,77
105832,0.06772239,10.3218355,-1
115584,11.096803,14.033735,-1
158861,-1.2790337,4.383975,-1
144956,-6.627157,3.7946568,-1
92858,1.7143446,16.015074,35
81035,-4.23315,3.6393046,-1
158946,9.670626,23.366762,102
163371,2.3084428,4.684534,-1
145620,3.5331724,14.391329,48
90091,4.054155,5.01412,-1
36495,3.231921,3.185612,-1
40093,-0.24508491,3.055748,-1
165147,2.1762066,6.832374,-1
40039,0.22929472,11.500637,106
107308,16.297586,8.65652,85
74626,-4.3141017,3.071257,-1
183000,3.0291085,22.337385,50
120725,6.325519,4.2871695,-1
98374,17.86073,8.223351,77
145125,3.3960805,7.290169,-1
91086,16.782497,-1.7173194,63
107462,-3.488396,6.9955754,-1
107066,5.799845,14.145357,-1
182433,3.6671207,1.1559533,13
199518,0.5232701,8.247582,-1
62186,10.308475,-1.7997588,47
34836,6.6668677,7.4464006,-1
49988,9.730075,10.688383,-1
74884,2.661282,3.0338008,-1
40460,4.254739,6.9884577,-1
165259,5.0788603,18.263643,-1
81408,-0.19528903,9.320977,-1
144670,4.99102,7.3282614,-1
5999,3.0290425,22.337446,50
81317,4.69004,7.689144,-1
40410,3.852545,7.709329,-1
58322,3.4427593,14.578551,-1
121121,-3.7813473,3.064544,54
158660,6.2585106,6.8600426,-1
112201,3.974617,8.29323,-1
158729,-4.0196586,-11.398267,89
163156,8.60303,6.78424,-1
197391,3.1412494,11.793785,-1
91870,5.3161225,0.058847338,-1
84414,7.837534,1.1544678,106
157329,5.908814,14.7820015,-1
14486,3.1749327,2.7379682,-1
143801,0.82196605,5.037391,-1
166593,1.1110228,9.255563,36
61937,8.245052,22.406109,63
100441,0.5237273,6.4788766,-1
203000,3.0289013,22.337597,50
82569,18.410734,5.1144323,64
68489,11.9558525,-2.5686314,58
14605,0.40257078,-13.765839,88
181630,-2.8368223,2.3613777,-1
128314,21.500689,3.7898846,61
171630,-2.8444278,2.356374,-1
94777,0.30246836,9.065272,82
105445,-0.97468865,2.8798048,12
143571,0.73940974,20.757187,-1
131094,8.075678,13.861542,-1
160125,3.4096284,20.54728,38
157060,1.6550406,15.644041,-1
82497,2.7528262,9.659983,-1
41726,4.5082617,9.589318,-1
70891,6.7672358,13.869412,-1
108293,6.1972885,10.976427,1
5432,3.663804,1.1613877,13
75076,-1.2627845,4.4163094,7
177391,3.1474333,11.811202,-1
119742,-1.4398241,4.2229347,-1
156870,2.9054353,9.750078,-1
174240,-1.903554,9.956667,39
156769,-0.87394285,-3.3782892,109
48427,-4.636035,3.0368116,-1
71059,3.2327774,13.921503,-1
177500,1.8962903,11.157782,-1
56850,-4.506004,2.5080256,55
61968,0.8945035,6.7973995,-1
192433,3.6728072,1.1558504,13
128613,-2.2500205,6.873798,-1
128637,5.346097,5.961911,-1
102491,-2.0999062,6.703449,-1
70420,-9.912288,16.112226,-1
42344,-4.262325,12.588919,-1
186662,-3.0057511,8.531575,-1
54812,-4.5202646,12.890697,31
125198,-0.36523512,11.171139,-1
69662,-0.027304161,9.864749,-1
138282,3.1870713,9.883374,-1
120321,-0.28088173,12.447712,-1
102498,5.7805095,1.9453003,15
17911,20.356714,14.450852,88
153322,-4.961076,3.5398788,-1
71160,-3.0307028,2.3286786,-1
93147,0.5699902,12.281553,-1
77233,5.37879,6.690435,-1
140968,3.4354558,8.2604,-1
84476,-0.2713006,5.402498,-1
88173,3.7227087,1.207393,13
40499,0.79997766,5.097995,-1
56281,4.764478,9.793953,-1
154058,-4.8184295,3.1508512,-1
121465,6.2260013,6.5467405,-1
44173,1.8564268,16.156454,-1
35585,3.7032123,1.1371025,-1
77729,1.8071481,8.711008,-1
160238,-4.053011,3.060464,-1
120724,2.6184163,6.7190285,-1
165844,3.2372339,9.786682,-1
179008,15.733545,19.812717,89
24912,-4.0560946,3.3385513,-1
136564,-7.078275,3.6110432,-1
77802,2.11606,10.38727,-1
168872,3.6932218,14.358545,-1
187644,2.3894517,8.28887,-1
176086,-2.4526598,12.435078,46
120631,1.82202,1.3662132,-1
34597,3.0141718,1.0104834,-1
177630,0.6860477,3.7719674,-1
156763,-6.9832096,-9.0558,89
39985,-6.940088,5.1584697,-1
118131,-4.2925005,12.479086,-1
31133,-7.185635,8.245666,-1
186866,1.2243431,1.4589927,-1
69892,-11.3048315,19.718414,89
70269,-7.5215096,2.7236812,74
12397,-5.703716,7.8363614,-1
78773,1.0595199,11.769653,-1
138401,-7.8692517,11.739148,75
17850,-0.45498443,12.583839,-1
134661,-4.08216,12.373665,31
120930,-1.5781314,9.5395775,-1
177644,2.3979468,8.297904,-1
194574,-5.55741,7.134379,-1
84605,7.800167,7.017134,-1
78797,5.398923,0.012563538,-1
34939,2.6166208,3.071662,-1
164839,4.2223616,2.2212353,-1
158832,3.55818,14.400194,-1
11526,1.2525489,12.005651,-1
153690,6.3835325,13.846046,-1
1152,-8.053055,17.704185,107
138444,-2.1645844,9.492735,-1
125301,2.5273044,9.9964695,-1
84805,4.2780604,10.331808,-1
123093,-4.5536647,12.929843,31
44743,0.06703683,4.8275576,-1
97903,7.5654407,7.310834,-1
31261,6.2308,4.682766,-1
125328,0.77157533,27.323109,74
135660,3.7557342,8.032659,-1
77137,2.7672918,3.2819853,-1
176333,18.536385,-4.915297,88
201829,-3.1027975,2.2597265,-1
58055,3.0724814,14.368413,-1
68059,1.664603,2.6056707,-1
176083,16.85603,2.4995272,-1
135899,10.166571,21.44877,98
102632,1.7802742,16.069536,35
158458,5.222975,6.649214,-1
120222,3.866147,7.714644,-1
160903,1.8976064,1.4733924,20
178035,16.665747,2.5005515,-1
11239,-4.521418,3.0665228,-1
112803,-4.3516617,3.7190084,56
160435,2.09579,9.962875,-1
155779,1.7236251,10.726145,-1
12097,-0.31404802,1.0783554,-1
87174,6.3505735,13.838328,-1
12674,0.41568464,7.054172,-1
186333,20.75744,-3.801428,88
76185,1.7933705,1.410497,20
122188,7.450484,14.665216,-1
176866,1.2249238,1.4591168,-1
78321,5.8716154,6.451919,-1
58990,7.327722,7.1013384,-1
99970,-0.6233622,8.046796,-1
87204,0.29007396,11.210083,-1
191829,-3.102666,2.2583601,-1
92456,1.9677839,3.5238252,22
39267,-0.40326074,10.108939,-1
157146,-5.9561086,12.504775,-1
155821,0.4043718,5.44922,-1
160735,7.019158,8.197513,101
7573,-5.5575123,7.134745,-1
165404,5.8270955,14.161612,-1
192584,10.111892,11.255917,17
59400,-7.2085586,4.106552,-1
178153,-0.33137795,17.864105,107
165686,2.9358926,1.5375726,-1
18087,3.6576772,-0.61842906,-1
110944,5.970379,7.720823,-1
59427,3.6719954,-0.6191763,18
110933,2.9621248,6.3097754,-1
139112,-2.581465,16.619516,-1
197644,2.388964,8.30089,-1
206866,1.22507,1.4591,-1
124016,5.464924,6.8657284,-1
91197,5.444163,7.4962516,-1
38856,-7.2047024,8.230586,6
111042,4.790798,8.416791,-1
197630,0.6886709,3.7569847,-1
157347,-1.5237224,4.125355,-1
85760,-1.1980109,3.9279344,-1
55807,1.7481465,16.27308,35
172584,10.110174,11.24934,17
71607,-15.356573,10.272729,89
124127,19.60202,1.3542211,92
41308,2.8194392,4.7292166,33
198035,16.666073,2.500713,-1
137833,4.596986,9.089344,49
119249,-1.3762887,4.138218,7
159497,13.413682,-0.08429168,-1
26443,-5.773568,10.794187,80
40729,1.459054,5.6506195,-1
12574,-1.6570269,5.487971,-1
85212,-2.5327399,-1.4515555,62
87432,1.7687199,9.473844,70
77366,0.6280791,4.9754195,-1
70544,-1.8848965,9.516625,-1
69451,3.5968683,-0.52231824,-1
168895,-4.3133574,-2.6268306,-1
186086,-2.4529324,12.4350195,46
178872,3.6868033,14.363705,-1
187630,0.68421483,3.768061,-1
102204,7.900389,8.427489,-1
44052,1.5316864,7.1381936,-1
78090,3.1297219,1.6215149,-1
34822,-5.783077,-5.790865,81
18516,5.682995,10.398287,-1
119349,-7.1879644,8.244849,-1
1034,16.66671,2.500862,-1
186083,16.856262,2.4995656,-1
178895,-4.3152475,-2.6278427,-1
202584,10.112918,11.254462,17
68535,6.163235,5.0457425,-1
40731,5.219835,6.662078,-1
66937,12.514595,9.009455,32
85237,7.8565235,17.74632,110
41688,-4.08651,3.8594022,-1
111530,-4.405613,3.599153,-1
169008,-10.1631775,-8.136356,89
206662,-3.011379,8.541805,-1
138772,-4.13618,5.155903,-1
16975,-16.800854,17.563696,89
67982,16.897518,15.214618,89
157975,1.655132,6.539304,-1
165343,0.77160007,27.323202,74
90946,4.0267997,8.341925,-1
28647,5.604684,2.0256767,-1
28689,0.026635835,8.984507,-1
165064,17.927782,5.2590184,64
158073,7.920379,14.718503,-1
140057,10.159824,10.977463,-1
198153,-7.608275,17.873224,107
67021,-3.604947,10.195331,-1
87397,1.5780671,12.25212,-1
196866,1.224243,1.4571242,-1
66981,3.1512346,13.416492,-1
176662,-3.0121493,8.542093,-1
66962,-0.8290762,9.485393,-1
154333,-3.7905574,10.157557,-1
12950,-6.1116457,12.594448,67
128043,-3.26696,1.2421598,30
9082,16.856457,2.4995914,-1
32351,-6.767619,10.348364,-1
33113,5.1725307,22.92597,40
81590,-16.800356,17.564259,89
16061,-15.353014,11.4797,89
167630,0.6854216,3.7680492,-1
109052,8.549619,2.7175453,-1
37677,0.25544637,12.269476,-1
115886,6.698989,15.619443,-1
37673,3.0615654,11.462158,-1
117204,-11.961113,4.1226897,94
144250,-0.11107761,5.7638307,-1
81620,7.7249293,24.30407,102
32920,-3.8086593,3.34703,-1
166712,3.3447905,9.524353,-1
188153,-8.164196,19.33836,107
147472,5.568558,8.609317,-1
80584,9.756798,-4.650102,38
127042,-7.2029276,3.7350419,-1
47379,4.5416794,9.885852,-1
63257,12.250557,-8.276426,92
127099,-10.272188,-1.6856129,77
163779,0.30578944,10.972476,-1
147536,7.2624846,7.6492887,-1
132332,-3.995437,3.1414406,-1
132232,4.120797,9.54539,-1
46463,-4.2298365,11.238086,-1
63191,2.835469,4.771149,-1
91652,-1.100994,18.97991,83
161859,4.651035,1.8632963,-1
132514,1.7804939,10.0574045,-1
116686,-14.970601,12.2332325,89
60743,2.5000892,4.8471913,-1
150588,3.0288453,22.337587,50
83655,-6.867661,5.1385775,108
166223,3.875486,6.3407536,-1
33202,-1.5066264,9.217673,-1
46216,5.353754,0.032300048,-1
51563,4.517457,9.811265,-1
36321,3.0287924,22.337633,50
64310,3.8542166,2.7749226,-1
128010,4.7317433,8.438807,-1
199008,-16.261154,14.465734,89
105027,-13.702289,-2.9896512,111
46225,1.164888,11.883199,-1
51623,3.5545402,4.5931306,-1
96123,-10.545259,6.0961013,64
174574,-5.556958,7.135405,-1
1894,-4.315504,-2.6280987,-1
60772,11.955906,-2.56867,58
162274,6.149964,-2.8825793,-1
27230,-0.19098409,5.613679,-1
118013,3.7255363,-0.6609179,-1
83435,0.9184161,4.0099816,-1
643,2.3903024,8.294291,-1
206333,20.356752,14.451033,88
22267,4.6460714,10.221857,-1
163737,-7.608435,17.873219,107
21214,6.212154,12.088363,-1
29823,-2.450809,15.781374,-1
162135,-1.7581793,10.125923,-1
196333,0.40270376,-13.765821,88
1871,3.7223272,14.336343,-1
21221,8.299086,13.567048,110
14711,3.028705,22.337774,50
117001,16.94368,2.503709,-1
198895,-4.298421,-2.6127992,-1
2007,-6.983079,-9.055921,89
81833,17.613363,-2.1991434,63
114985,2.3271616,16.372726,-1
204574,-5.5567584,7.133177,-1
150689,4.315218,5.173725,-1
89876,-0.3589322,12.111207,-1
64475,-0.87344366,-3.3669143,-1
162239,9.597937,5.984477,-1
104810,-1.4459453,9.534201,-1
47009,3.8651254,2.7516372,-1
108135,-3.4222624,1.4535519,-1
74976,4.0536633,8.73317,-1
168035,16.667326,2.5012407,-1
106271,14.359179,4.642813,86
150990,-0.3308749,17.866106,107
130689,-1.6319174,5.3515573,-1
198872,3.6966171,14.364834,-1
151354,4.517669,12.936976,72
151328,-7.0023947,9.357339,90
47377,5.212753,7.138855,-1
9661,-3.0115933,8.54115,-1
168153,-8.052493,17.704973,107
206086,-2.4588096,12.436925,46
142572,-4.4113626,3.3393888,-1
9865,1.2230475,1.4569342,-1
82157,-13.063201,0.13873245,41
63492,6.1375785,27.366549,88
108913,-6.920615,5.795344,-1
5583,10.110709,11.250813,17
64760,-8.165423,19.340427,107
206083,16.856873,2.4995997,-1
181829,-3.1021283,2.2595932,-1
73995,0.22359402,9.183846,-1
89626,0.47175378,6.93031,68
92061,11.046977,12.892706,-1
104605,-7.0810513,3.9060767,-1
89519,3.466362,9.590492,-1
142813,-1.9951562,6.672908,-1
93813,0.48784032,7.0721602,-1
150259,-13.060916,0.13912475,41
36771,-0.3091364,11.105349,-1
171829,-3.101861,2.2590356,-1
126339,2.543673,3.7459135,-1
14594,-2.5823734,16.621096,-1
52489,8.069503,13.670318,-1
144989,-14.970655,12.233121,89
149782,6.6370745,7.426862,-1
94120,10.99839,24.040142,102
166891,1.4434885,6.172389,-1
27802,7.863653,14.312354,-1
167644,2.3944376,8.299913,-1
149354,-3.336061,1.492852,-1
151694,10.161659,1.5158029,-1
141295,13.562884,9.351384,32
80983,16.830976,-2.4283056,63
10362,17.860758,8.223296,77
129848,6.249015,12.040222,-1
29708,0.20173408,14.327866,-1
20401,-0.9635186,2.8441935,-1
141375,-0.23676696,5.138404,-1
162491,18.41109,5.114354,64
109748,-9.798288,22.511625,89
182584,10.110799,11.250384,17
109744,0.61271536,8.492528,77
188872,3.6912034,14.370447,-1
196662,-3.0121331,8.541203,-1
116427,4.8698053,9.021597,-1
9085,-2.4539158,12.435956,46
45149,4.690237,6.494436,-1
14549,-0.26718625,5.067982,45
133096,5.675852,2.065253,-1
188895,-4.2991314,-2.6117067,-1
75899,4.0847006,3.4069839,-1
54329,12.080054,-0.6802129,-1
37126,8.229933,15.013959,-1
93583,0.9634189,7.387928,-1
130266,4.276852,10.52228,51
33489,-4.0967298,12.9534855,-1
65805,7.941544,1.2558163,106
61753,-2.6596599,14.537262,-1
60361,-6.980926,-9.057962,89
65943,-0.070741236,13.921439,-1
28335,-2.324795,6.864447,19
125973,5.2952414,8.204895,-1
9332,18.536318,-4.9153986,88
20334,14.160682,-0.6474791,-1
152585,-16.26305,14.462568,89
45510,10.110602,10.586376,-1
144784,-4.315599,-2.6298833,-1
189008,2.2790887,29.055477,89
33248,-2.2357228,9.779644,-1
196086,-2.4545965,12.436038,46
126409,2.325666,1.5268772,-1
79322,1.0195438,6.893639,-1
53785,0.6064194,5.594211,-1
22700,3.7250137,2.1665347,-1
141880,2.34645,9.848469,-1
129749,-5.204909,2.977234,55
90130,4.530908,2.2124448,27
82765,0.26913172,10.314442,-1
46083,2.9305258,1.0942312,-1
75759,2.9227326,6.283669,-1
13454,-0.25170213,12.396369,-1
45982,4.414962,6.954043,-1
103907,4.4845753,3.0489583,3
151818,-3.8216882,1.5426778,30
130404,-5.4079185,6.8867526,-1
151796,-0.038105417,9.162546,-1
116635,-0.68208116,10.821093,-1
161793,-1.7728665,5.347746,-1
130975,-4.1754985,5.903513,29
91552,5.6575313,11.983619,-1
106723,7.984394,13.663291,-1
53560,5.620827,14.636232,-1
184574,-5.555241,7.135121,-1
116623,-3.793753,3.1279426,54
4828,-3.0987375,2.2680385,-1
20201,4.2837467,5.00095,25
29264,-2.1317053,6.5179286,-1
149867,1.9173285,15.898564,-1
149868,14.331219,-0.7020735,111
146422,1.5935726,10.686838,-1
50199,-2.6583102,4.123666,-1
105646,6.495859,7.7933445,-1
92207,1.0546545,6.5987897,-1
117440,-4.657896,3.3995492,-1
196083,16.857246,2.499652,-1
629,0.68227875,3.7692904,-1
90001,-1.8921113,9.426101,-1
92190,6.4551334,7.1254377,-1
141558,-3.9348238,3.2934246,-1
188035,16.667969,2.5016887,-1
181381,0.26942676,10.708928,-1
41395,5.028721,9.914421,-1
119940,5.335196,8.932875,-1
106008,7.973689,16.688974,84
119697,18.318188,12.449775,100
48717,-4.2415533,11.237156,-1
105489,6.384944,13.826582,-1
41391,-4.7222075,3.3611386,-1
41935,-2.2196746,6.5115767,-1
68520,-6.2800717,3.9031096,-1
86785,1.3593868,6.1101904,-1
100111,3.5366356,1.6015294,-1
52319,3.3359501,8.456881,-1
63948,7.471561,9.088504,-1
68762,5.7299333,2.0113761,-1
202959,5.01086,9.849123,-1
199202,-0.36275217,3.3539925,-1
9701,-2.1042125,1.1957675,-1
80252,5.801042,7.3299503,-1
149238,-1.1069899,18.981298,83
149241,6.1372614,27.36671,88
157066,-0.17043094,5.1849513,-1
19827,-3.929162,4.0569797,-1
48081,8.236302,10.852247,-1
41464,10.544373,21.504423,98
122568,6.09629,6.763144,-1
130867,7.6747394,14.394487,-1
25157,5.9039803,14.771791,-1
193752,3.6189797,3.2694912,-1
128470,6.1369762,27.36685,88
197638,-3.7996445,10.149718,-1
12248,-13.065227,0.13665521,41
114904,3.311659,16.665262,8
11216,0.2027696,-1.6381369,-1
197610,13.6331835,-5.585012,63
13435,7.7751784,13.876873,-1
128851,14.41626,-0.9119848,-1
186702,-2.1038477,1.1957033,-1
146093,5.5148373,-1.4628661,42
50407,5.437373,7.489944,-1
81165,4.9855795,9.851291,-1
158778,4.0486765,5.654119,-1
120440,0.32045123,14.395849,-1
115677,-1.5091791,10.102116,-1
144839,2.864113,6.3376365,-1
20215,-0.83389837,0.17111482,0
3019,4.203498,3.1366084,3
144726,1.047728,6.431015,-1
40507,-2.241745,6.8644724,-1
15060,-0.47058222,10.781589,-1
50156,2.036382,-0.5086591,11
11430,4.6945977,8.994664,-1
74316,3.7262294,14.103283,-1
80708,1.8712537,15.719144,-1
107692,1.0290506,14.370187,64
5958,5.012337,9.847603,-1
135656,2.5981548,-5.428542,-1
189202,-0.3631397,3.3556979,-1
51193,5.2924147,0.047161084,-1
145948,3.1154122,4.722039,-1
182766,-0.76764464,13.033184,-1
193346,3.228514,13.805466,-1
74677,4.1275897,3.20946,3
62364,19.825577,1.41018,-1
39973,3.8510287,3.0438857,-1
107472,-2.8889334,14.742127,-1
25955,2.7273235,2.1378472,-1
182959,5.014889,9.845374,-1
135764,4.1785526,9.612229,-1
145497,7.5456767,14.565515,-1
98443,-6.958581,8.133962,-1
120876,2.3370748,10.612885,-1
62491,-0.35937265,9.198496,63
40136,4.958815,5.721811,-1
11511,4.94846,17.988434,-1
145612,0.7848723,7.0370336,-1
107245,9.670651,23.366758,102
130512,3.75366,9.51626,-1
176274,6.475556,7.1167855,-1
40184,0.9299358,-7.698201,77
74895,1.5262871,2.6865795,-1
49976,0.6301993,10.926337,-1
186274,6.489032,7.115957,-1
181948,12.67083,1.8377216,-1
182101,-4.6299615,3.053264,-1
5765,-0.7680623,13.034264,-1
122033,18.316431,12.390429,-1
192766,-0.7684298,13.035864,-1
49209,3.371671,8.303916,-1
41014,1.5320711,10.287512,-1
106234,1.846893,16.087072,-1
144043,1.0678841,6.659093,-1
77526,-0.1388013,3.7931764,85
157742,22.145208,0.6776469,89
49948,-5.3019085,9.032488,-1
69002,4.391328,11.722387,-1
8266,3.1013315,4.6217403,-1
68970,-0.27932575,11.18253,-1
81971,-11.980371,4.1104894,94
137364,14.331392,-0.701945,111
128914,12.250588,-8.276428,92
87069,-6.131711,12.640785,-1
148332,-4.1823454,12.511305,-1
147790,-3.9486156,3.5646572,-1
69271,2.2262242,16.253185,-1
112654,20.775177,9.755528,92
74053,4.796584,8.940465,-1
76910,14.153441,9.467496,32
6345,3.2294645,13.805621,-1
80631,10.433033,18.983587,82
136798,-1.0218493,9.512824,-1
203346,3.2286253,13.796403,-1
192959,5.0152044,9.845336,-1
120206,6.3926644,7.8909564,-1
183346,3.2248378,13.7920475,-1
76858,15.19964,13.782358,96
121716,-9.224453,8.251264,99
200020,4.2031183,3.1386142,3
176702,-2.1027725,1.1931914,-1
144211,3.9982178,5.1133018,-1
40859,5.2736797,0.05640362,-1
16992,-4.2172694,11.2490225,-1
130690,15.770924,13.737205,96
106448,2.6453767,3.1154392,-1
76808,1.4657615,8.127813,-1
115965,4.031869,2.3245544,-1
195267,3.085585,4.6222258,-1
24903,2.4318945,9.304846,-1
85267,-0.07614032,13.9054365,-1
154347,-15.953092,2.5417624,87
202101,-4.6192856,3.0446892,-1
113482,-13.059635,0.13787267,41
65222,-3.5372262,2.2505107,-1
151674,5.9519377,13.981605,-1
110523,-4.006088,5.83871,-1
22637,-3.8748152,5.591562,-1
79437,-1.4595062,5.559975,-1
43936,3.004306,1.1269854,5
187610,13.633301,-5.5849934,63
75746,1.6113241,1.4645416,20
59837,-3.4852931,6.996945,-1
187638,-3.8076706,10.140797,-1
44037,3.5767183,3.8957608,-1
103884,-1.3108218,11.846298,-1
83838,-13.355349,17.608276,89
45948,-5.5185785,7.2240753,-1
126611,12.356605,-11.261801,88
141512,5.360859,11.588565,-1
44183,5.3051887,-4.7544656,-1
190691,-1.5929465,16.142088,-1
71999,13.941255,9.401288,-1
180020,4.20464,3.12926,3
43878,1.6163192,10.728096,-1
185267,3.117583,4.602154,-1
142441,6.121412,6.857468,-1
102022,7.9463034,1.2613461,106
104257,-4.047974,-2.175895,-1
43459,1.4029938,10.97763,71
104228,2.7682571,5.963851,-1
13994,2.1088884,7.5131607,-1
117156,-7.235236,3.7654073,-1
188134,-6.2060905,12.678886,67
124356,6.2129593,7.198058,-1
46336,0.4749076,6.9358945,68
55332,2.7927897,5.22587,-1
178515,7.8712583,1.1837251,106
46323,0.10038992,10.173242,-1
83552,4.438442,9.16107,-1
117238,2.62808,4.751004,33
4947,12.642015,1.8079742,-1
79574,1.9247967,10.12853,-1
13932,3.478345,13.631663,-1
142212,-2.7536416,4.095943,-1
43737,-13.062391,0.14018457,41
198134,-6.1132894,12.595843,67
124584,9.604017,0.25784343,70
124617,5.5108833,14.323605,-1
109135,-5.9386983,-1.7583839,-1
83632,-0.438553,7.595978,-1
78642,3.568435,3.9022055,33
201289,-11.304929,19.718517,89
125036,-8.332588,2.1977296,-1
4288,-4.0195527,-11.398299,89
110165,1.2906789,14.6317625,-1
66342,3.9222791,2.2415538,27
44630,5.1731153,7.3401313,-1
187843,-7.1815767,4.364807,-1
196702,-2.103402,1.193992,-1
133141,6.2840805,7.1394777,-1
187782,3.820683,1.2209463,-1
9273,6.4868255,7.120751,-1
45157,5.1724486,22.925983,40
54448,22.361645,7.55013,74
66097,8.837535,-12.208008,89
45070,-4.993936,3.0857074,55
66100,0.8834324,5.146125,-1
153318,-0.49579746,9.669078,-1
23332,6.385201,13.82737,-1
153265,8.811516,2.175538,-1
10369,3.5622776,8.013947,-1
75973,6.330863,7.2180204,-1
66205,-4.2570343,2.7160752,-1
198390,0.14868982,10.335334,-1
110074,-1.5311985,-4.6891093,58
4380,0.24478282,10.680654,-1
133349,4.288803,9.779988,-1
152622,0.80837286,3.1083484,-1
126239,-16.263027,14.462444,89
78665,0.38823748,9.5815735,-1
201948,12.669207,1.8356129,-1
191381,0.26155043,10.705542,-1
13687,-4.1912417,5.8663206,29
13673,4.2521496,6.928437,-1
126252,6.1999826,4.9319444,-1
72132,-1.4579365,5.9092817,-1
201381,0.26752833,10.705946,-1
152228,5.2996125,6.5424995,-1
45706,0.04465355,10.338146,-1
191289,-17.532536,11.479341,89
126175,9.670458,23.366693,102
153811,-7.245127,8.198992,-1
152325,0.9686862,7.3786454,-1
79020,-6.6112165,0.873939,-1
60009,-4.1358275,5.936138,-1
13635,14.206777,9.47155,-1
179202,-0.3663703,3.3444145,-1
190817,8.455671,9.169066,0
198515,7.8702407,1.1829534,106
155001,0.5134756,8.301289,-1
6869,3.8878667,9.712793,-1
183752,3.6182652,3.2652037,-1
86412,17.917063,5.2621746,64
16737,0.3199062,8.728106,-1
82771,2.6963377,4.714709,-1
197782,3.8212128,1.2157975,-1
135767,0.12647542,5.3425593,-1
149997,-13.702301,-2.9896138,111
142970,13.431656,16.722898,65
188515,7.87055,1.18314,106
76419,10.063936,10.427812,-1
59203,17.603827,-2.1915007,63
131629,2.224874,9.957194,-1
134386,-6.1034336,12.592162,67
17915,3.7094274,14.31964,-1
3690,-1.5930142,16.142351,-1
156147,23.593212,1.7638743,102
177782,3.8207228,1.2186104,-1
17916,-2.8398464,14.6970415,-1
200691,-1.592788,16.143429,-1
197843,-7.1811275,4.365783,-1
24575,4.2942224,10.155331,-1
10972,3.3457036,-0.21075109,-1
177843,-7.1811914,4.3656034,-1
156019,-5.514038,8.890463,-1
77957,1.5047637,8.058111,-1
12412,2.0369992,-0.5900847,-1
177638,-3.8294363,10.135374,-1
71639,0.24581279,12.541856,-1
143044,13.7276,13.911122,111
56587,0.24634703,10.232737,-1
181289,-11.304834,19.718569,89
47796,1.8418088,15.831875,-1
12314,-4.90097,-0.7537254,104
193870,3.8973856,9.697951,-1
112991,2.4006073,10.068877,70
80096,-4.95204,3.6874607,-1
202766,-0.76808095,13.03831,-1
42104,2.4030442,5.230899,-1
80061,10.494998,3.1271005,-1
86467,6.8803897,17.259592,63
156599,9.695388,-4.5942583,38
143206,-5.782987,-5.790943,81
143181,-4.836358,3.286318,-1
183870,3.8678415,9.72757,-1
14465,5.172488,22.925943,40
59069,-4.846997,3.4555557,55
42167,8.299534,13.563941,110
177610,17.173468,-1.8257474,63
196274,6.4932604,7.115797,-1
6751,3.6187787,3.2672994,-1
155991,3.7398841,13.76529,-1
123361,5.4677315,-7.0588145,77
190020,4.2009068,3.1291223,3
178134,-6.213973,12.684189,67
180691,-1.5932405,16.143995,-1
119015,9.04364,1.8111255,85
18094,8.662606,2.4106066,-1
155475,-0.9644857,6.0143604,-1
5100,-4.63635,3.0358624,-1
22323,8.303152,13.560423,110
191948,12.669307,1.8352921,-1
151020,6.728729,7.357243,104
108890,1.8509014,12.730226,-1
155304,13.595526,9.367046,32
78152,-1.460443,5.3570824,-1
101368,-3.4848063,1.3270626,-1
59499,-1.72736,9.528366,-1
101429,7.7248254,24.304249,102
79710,5.72175,10.398263,-1
83335,13.428296,16.719141,65
151244,6.307883,7.2135224,-1
19385,1.9828948,3.7724235,-1
131996,-1.4704658,21.36968,60
132117,6.041214,6.8079042,-1
178390,0.14451443,10.334503,-1
43309,2.0281525,10.013219,-1
101173,15.770891,13.737206,96
64759,10.66388,16.175169,-1
3816,8.455347,9.16838,0
114547,1.2689631,6.8288145,-1
113284,4.391364,10.353737,-1
100869,2.6251884,2.397533,-1
86162,4.365116,8.822463,-1
150361,15.199874,13.7824135,96
77997,-0.35917115,7.563768,2
104900,-4.0495963,6.0247827,-1
180817,8.455424,9.168465,0
86100,15.5294695,24.690582,88
123497,7.9003944,8.427643,-1
155830,12.448879,-4.83892,79
104695,0.8183081,4.089094,-1
192101,-4.627598,3.0467386,-1
188390,0.15137346,10.333659,-1
14242,-4.2743897,-2.576144,-1
200817,8.455762,9.167951,0
79787,2.7996514,3.86133,-1
101042,10.229048,10.667567,17
18023,-0.691665,3.0080245,-1
22241,15.529355,24.690691,88
138836,-0.4379645,2.5491285,-1
22248,13.727496,13.911102,111
107463,-5.525138,7.206316,-1
160659,5.6946673,14.168525,-1
92242,2.4171362,9.424744,-1
95148,14.355005,4.6413455,86
32161,-4.9330826,3.3699098,-1
168515,7.8705406,1.1832246,106
781,3.8289866,1.2214187,-1
29363,4.939403,10.501501,-1
159535,10.180584,10.629928,17
32054,18.53637,-4.915372,88
166640,7.324523,14.390529,-1
170020,4.177269,3.1380513,3
92341,-7.4606705,7.268748,-1
842,-7.18031,4.363161,-1
173870,3.8825521,9.696483,-1
163343,-1.1043013,7.5709896,-1
163372,1.1237901,6.541665,-1
88893,-2.047205,6.557992,-1
33855,9.756915,-4.6502256,38
166467,3.6868613,13.789669,-1
172101,-4.632269,3.0428176,-1
29393,1.8544248,2.5917277,-1
171948,12.669456,1.8350234,-1
159619,2.6744313,7.6809244,-1
93642,4.140173,1.7637787,27
171381,0.27612725,10.717541,-1
161586,8.837578,-12.207951,89
2201,-0.36125183,3.3559391,-1
27554,8.604084,6.783964,-1
90956,-7.261455,4.073358,-1
89833,5.4586067,6.847803,-1
89839,-0.48245484,12.059429,-1
171289,-1.868931,26.871727,89
32303,1.8916394,10.524521,-1
168390,0.15040302,10.33169,-1
161388,0.7047886,11.815109,-1
93675,-7.1919346,3.7442153,-1
161356,2.9681554,4.279689,-1
94159,-1.6514077,9.864098,-1
26955,2.1639142,5.6833196,-1
203752,3.6193645,3.2676852,-1
92806,4.678466,-13.774019,61
173752,3.5951695,3.277272,-1
166303,4.532003,1.8266245,27
89330,-2.499948,8.71545,72
90322,-7.171838,4.2038345,-1
170817,8.456551,9.167259,0
165730,-0.7100867,10.42161,-1
88580,3.53161,14.670072,48
95630,-8.332778,2.197673,-1
163922,2.5977788,-5.428546,-1
1514,7.8708878,1.183809,106
95481,2.014397,9.353105,-1
173346,3.302785,13.737775,-1
30370,2.9927335,5.049737,-1
165526,-1.8231181,5.368534,-1
205267,3.106192,4.6228647,-1
165451,0.107637584,8.59233,-1
170691,-1.5955932,16.144938,-1
95412,-8.712418,-1.0579816,97
203870,3.8915598,9.701703,-1
35882,0.65010875,13.748457,-1
35874,5.0869737,18.330946,51
34737,4.7252874,1.8169897,27
90313,2.9704792,4.311164,-1
166256,-11.753765,-4.7622137,91
206702,-2.1024287,1.1942582,-1
159624,-8.712419,-1.0579509,97
172766,-0.7692127,13.036183,-1
90715,-4.884431,-0.737254,-1
30161,-1.6168528,16.601423,59
39563,20.775118,9.755474,92
175267,3.099054,4.6206503,-1
30182,4.1461234,3.2300584,-1
163730,-4.900998,-0.7537585,104
38722,18.536388,-4.9153757,88
160534,22.145273,0.6776666,89
28033,-1.3598853,7.6681185,-1
166041,-3.3507314,1.4723185,-1
169202,-0.37048662,3.3508325,-1
28353,-3.9041812,5.5945954,-1
1389,0.15610823,10.333261,-1
36134,0.12500991,10.708443,-1
39502,-3.01596,2.3224726,30
1133,-6.1033864,12.59196,67
168134,-6.1122303,12.595433,67
159940,7.4055786,7.5718045,103
167638,-3.8248928,10.13718,-1
167843,-7.179606,4.371436,-1
37296,2.9815032,9.773937,-1
35312,-2.542466,11.259602,46
91829,0.14726794,10.680076,-1
90886,6.830158,5.664213,-1
94059,9.865238,-7.619743,102
167610,8.244989,22.406324,63
35176,3.453514,5.6923327,-1
98355,6.3670344,7.3542304,-1
27232,-6.982293,-9.056693,89
164758,-0.8206708,11.979211,78
206274,6.4873943,7.1235957,-1
39908,7.856485,17.746445,110
92933,-15.399293,8.500628,89
37774,5.467635,-7.058814,77
96835,6.7610497,7.925873,-1
92860,1.8473628,3.577213,22
37751,-1.4704623,21.369644,60
637,-3.8075266,10.142781,-1
91963,10.998426,24.040152,102
172959,5.0153084,9.83757,-1
91848,2.8512506,10.096042,-1
161785,11.096555,14.033542,-1
167782,3.8188593,1.2159122,-1
609,16.831089,-2.4279947,63
27153,-7.869507,11.739421,75
166238,2.1682284,6.280157,-1
143747,-10.163181,-8.13639,89
113799,1.5076084,9.665534,-1
10588,4.7260013,9.738014,-1
169179,0.4028373,-13.765801,88
14346,1.4641131,7.4672093,-1
178208,9.54448,6.855341,46
155455,6.0190454,14.170133,-1
199179,20.757666,-3.8011458,88
189679,-0.34164855,6.1474643,-1
132962,6.1366587,27.366997,88
91420,3.0072968,11.567999,4
202462,1.7319978,9.850947,-1
191835,6.6752872,6.6288257,-1
124895,1.7860906,1.3334309,-1
85822,-2.6377292,11.176465,-1
108201,4.168932,2.185888,-1
178283,9.519622,6.505341,-1
20187,4.7706294,9.019895,-1
24258,-4.202448,3.6886547,-1
169121,1.363834,9.557831,-1
60291,-1.4122332,14.814216,-1
32633,1.7289059,7.4099526,-1
34130,16.297611,8.65653,85
116195,17.860823,8.223285,77
36118,20.356737,14.451034,88
133207,-1.2230487,8.372091,-1
143441,5.4441676,7.480158,-1
143520,6.708806,6.2222686,-1
154441,22.361736,7.550125,74
133162,-3.78684,3.1424425,-1
95774,-8.098614,12.653302,87
128103,3.1006432,9.0179825,-1
143541,-1.1721525,11.274849,-1
46541,16.897444,15.214581,89
101900,-3.8074653,3.0517626,-1
178148,11.513407,8.598375,-1
116642,5.462467,7.476026,-1
31601,5.2815723,9.457341,-1
71643,0.14048885,9.786707,-1
24337,2.4391313,1.8720448,20
19793,7.9571533,11.007317,-1
144837,-1.5311722,-4.688883,58
180524,-3.1653614,9.892788,-1
10733,3.73365,4.7109423,-1
124797,2.6059797,3.97971,-1
71967,3.104471,2.7210462,-1
178496,4.1424108,3.60359,-1
118581,-1.0836177,18.95445,-1
101666,-0.5487367,11.403228,-1
51765,7.6200776,14.741064,-1
144201,3.500819,14.69999,-1
188208,9.5441475,6.85536,46
114153,-7.2071404,5.270947,-1
43540,0.01830499,9.394995,-1
88799,-13.05817,0.1389597,41
85523,3.0286968,22.337755,50
73472,2.4496758,3.3320973,-1
178556,-4.198607,5.89243,-1
160742,7.409178,7.57118,103
34058,3.4097135,20.546137,38
183352,3.8675294,9.367353,-1
37619,3.5164819,4.4711137,-1
63675,3.7563722,1.1144481,-1
73875,3.6696095,1.1530921,-1
75585,18.392324,17.58544,53
6351,3.8620894,9.363562,-1
91492,2.6190166,3.0482464,-1
66860,-7.138262,8.266806,-1
132338,-3.9174829,2.0523872,-1
71991,4.379235,8.841255,-1
188148,11.514478,8.598817,-1
194264,2.3412793,9.617535,70
155173,2.0897808,-0.606948,-1
51508,9.044937,1.809307,85
199306,7.2931504,15.291683,-1
188283,9.51986,6.5052447,-1
32955,-5.211773,10.614036,-1
85705,4.8436856,3.5969176,-1
95838,6.1755123,7.0088396,-1
118722,1.336955,1.695062,20
51905,3.884038,0.24762511,-1
14612,-0.42898595,10.470998,-1
150423,-2.0746255,6.797796,-1
37415,3.7464206,13.781469,-1
114021,2.5726962,3.0368016,-1
191651,1.4986348,2.8533137,-1
205062,-1.2902163,11.849539,-1
60819,14.347793,4.6348114,-1
60828,4.0965257,14.253906,-1
144549,-9.798133,22.511517,89
178461,-1.9424716,6.5989647,-1
113693,-1.7843847,9.575723,-1
64764,2.8709426,1.1355116,-1
80076,17.172504,-1.8253461,63
71171,0.5319988,6.4916945,-1
68250,3.0286608,22.337788,50
141932,-7.094076,5.290076,-1
100281,3.9590697,8.283885,-1
177407,-0.2444723,12.493995,-1
128419,-3.2867587,10.600272,-1
109300,5.7805676,6.996854,-1
37478,3.5023515,4.4366074,-1
160117,16.831312,-2.4278595,63
41948,2.0560608,-0.51812077,-1
71168,6.5881214,14.974595,-1
156807,8.535033,-1.5561609,21
35915,0.32809615,10.223893,-1
86631,-8.098579,12.653336,87
63896,-1.9721419,9.653575,-1
119446,-3.6523988,6.067024,-1
59068,4.9856863,6.122076,-1
169557,-4.9730268,3.51726,-1
27350,-5.5939636,7.1574388,-1
202802,16.781809,-1.7172878,63
39137,-5.2070107,2.9728131,55
53494,1.5853235,2.1804023,-1
160179,10.663745,16.175213,-1
68096,0.3843278,0.78264296,14
24857,-3.59259,2.2521577,-1
3523,-3.1638787,9.888896,-1
85969,-1.4522125,10.582414,-1
3455,0.38915026,5.433314,-1
86903,-6.7215285,2.0205142,-1
79150,5.530943,-1.4981345,42
94859,0.26894987,11.258558,-1
159950,10.446545,3.2025154,44
71012,-8.910735,-5.899542,-1
192462,1.7329422,9.847484,-1
46756,3.4396489,7.0420804,-1
76752,6.4267483,4.33407,-1
141606,-3.8896942,3.9773989,-1
134964,5.335814,0.018999785,-1
169679,-0.34599996,6.146101,-1
11068,-1.0617741,11.243605,-1
53781,8.227032,15.0178385,-1
141683,-4.503721,3.0938127,-1
157059,-1.3974744,7.348424,-1
71104,2.6628232,6.943462,21
46742,-7.8423367,11.732706,-1
97944,6.1236124,7.617113,-1
22310,-3.2344086,2.443445,-1
156982,0.3864811,5.432368,-1
41813,-7.1467395,3.7855034,-1
165439,-0.25056374,-4.553257,112
46831,4.4741426,6.443316,-1
1460,-1.9323822,6.592094,-1
88473,1.5291276,12.232695,-1
198768,5.5603185,15.357951,-1
100825,0.5126417,11.895956,-1
42561,2.8900971,6.3002834,-1
10873,4.1639266,9.91584,-1
160327,-4.377665,3.7435997,-1
2556,-4.9869227,3.5526638,-1
123777,1.1543626,9.371165,-1
150704,6.7140427,-10.401404,74
108815,2.6428266,1.9402641,-1
187538,2.3714755,7.3365784,-1
22197,8.017669,13.932001,-1
36021,6.55078,14.950694,-1
108760,4.308046,3.1042585,-1
59664,23.593214,1.7639875,102
205154,-0.7293492,11.347375,-1
1555,-4.2182956,5.900912,-1
67626,4.2770815,9.316489,-1
169306,7.275699,15.285116,-1
86042,9.013269,16.321442,95
188461,-1.9434204,6.6000376,-1
101020,9.672664,10.658398,-1
189879,2.9010808,16.460585,-1
171651,1.4967769,2.8503904,-1
199121,1.3346087,9.5298815,-1
53026,1.6455568,7.7210464,-1
156146,-2.5433843,18.032854,101
134004,-5.7828836,-5.790993,81
100718,-9.92578,0.7696148,-1
119366,13.687209,13.895545,-1
177538,2.3737335,7.334439,-1
39108,-4.3290863,3.7224433,-1
59215,4.8344617,9.387437,-1
88508,-1.7817321,9.68292,-1
12567,1.5253555,8.060578,-1
79603,-3.743971,2.0645373,-1
184264,2.344738,9.623856,70
90483,3.3015263,8.312285,-1
14436,3.4519553,7.792621,-1
1495,4.1430807,3.602456,-1
26465,9.880856,4.0534744,57
59328,8.074004,10.732615,-1
187407,-0.2364999,12.499168,-1
134282,-3.9568632,12.420729,-1
16613,3.997309,10.141419,-1
142562,3.017058,9.764967,-1
151052,4.2127843,5.1479015,25
86342,2.01303,16.26254,-1
172462,1.7322965,9.841038,-1
128482,7.700936,13.715859,-1
123717,15.338876,-8.822344,74
191391,-1.0018911,6.047561,-1
188496,4.144305,3.599671,-1
43873,3.513341,14.514206,-1
126609,-1.496875,4.1491675,7
117483,-2.9865909,8.548121,-1
194885,-4.5352564,12.890541,31
174885,-4.536785,12.892379,31
65596,1.947219,1.6601887,20
89122,-5.5261707,7.1351085,-1
72827,-6.980325,8.184222,-1
204824,-3.1622252,9.889071,-1
45222,5.3578525,0.0022384073,-1
179679,-0.3404292,6.1485825,-1
174824,-3.1608436,9.885407,-1
130232,3.564798,-0.4960651,-1
189121,1.3186969,9.521282,-1
206123,0.49633253,9.595591,-1
33304,11.186373,3.6095393,-1
149680,0.36972794,0.41157958,-1
126639,12.44944,-4.8395286,79
23051,-7.86971,11.739511,75
117369,1.5310467,12.231551,-1
106040,-0.12840608,9.937942,-1
21320,1.8505056,2.535263,-1
4650,1.484105,2.840951,-1
161453,-2.9486961,23.991405,74
115970,-4.198259,-5.358722,91
179557,-4.975897,3.5121665,-1
174264,2.3565836,9.608207,70
127608,6.437089,8.435355,42
44910,0.33731854,12.794748,-1
84460,10.203713,1.4630523,-1
49316,7.618432,14.772471,-1
44920,7.06108,14.906054,-1
162891,3.2094283,16.764767,-1
83659,1.6122051,7.6799316,-1
194824,-3.159582,9.885893,-1
406,-0.24676417,12.496269,-1
201651,1.4862604,2.8537211,-1
84437,-0.012253031,10.002559,-1
162867,-0.4511746,7.6294613,-1
130406,3.696256,8.507142,-1
166941,-4.32671,2.7772245,-1
161252,20.775066,9.75543,92
13695,16.83145,-2.4275897,63
84411,-1.1659415,4.500556,-1
93662,0.4113498,3.4617121,-1
103123,3.031949,1.134341,5
81795,0.29928756,8.489215,77
13699,3.5352788,4.8780193,-1
152555,-1.9716767,6.689238,-1
115566,-2.5823538,16.621067,-1
168461,-1.9420004,6.598944,-1
48115,7.118197,13.717296,-1
64996,0.82211566,11.551502,-1
103917,3.66891,1.6144001,-1
195154,-0.7503161,11.347316,-1
115786,7.7395706,13.730416,-1
181391,-0.9980195,6.0476217,-1
115790,-2.986134,14.842594,-1
189306,7.292033,15.292569,-1
96314,-1.5192941,4.1388407,7
48148,0.25942445,11.697487,-1
115800,1.935489,7.031273,-1
83855,3.39492,7.1391788,21
171391,-0.9978805,6.0492096,-1
48101,2.067182,-0.4425152,-1
162635,23.593208,1.7642395,102
48026,6.95811,14.864547,-1
4834,6.6686378,6.6619105,-1
174639,-7.469392,7.2684646,-1
33165,5.328443,7.3798094,-1
2178,20.356733,14.45103,88
5461,1.7310759,9.844172,-1
168148,11.514169,8.598512,-1
115873,10.16666,21.44876,98
200524,-3.1645494,9.889758,-1
181651,1.4932597,2.8527498,-1
62979,15.338912,-8.822356,74
91796,5.467451,-7.0588484,77
200456,0.39967498,5.424447,-1
126823,3.0764482,0.9677823,-1
190524,-3.1650486,9.886957,-1
181835,6.669427,6.6643906,-1
189179,12.356669,-11.261848,88
22934,1.8671113,2.2200508,-1
168283,9.519993,6.5051303,-1
179879,2.9022715,16.461517,-1
115637,3.5331576,8.44591,-1
29879,-0.18570077,9.089601,-1
195062,-1.2902254,11.850688,-1
96372,-3.164986,1.7103153,-1
36997,-8.172059,13.62084,-1
201391,-0.9898682,6.055891,-1
115680,-0.5260835,10.971113,-1
89758,-8.313986,10.612438,-1
37017,1.1172756,2.5491972,-1
190456,0.42529637,5.433514,-1
167407,-0.24657287,12.495182,-1
152223,20.756004,-3.8027706,88
168208,9.544392,6.8552155,46
62905,0.7771901,12.145825,-1
171835,6.6705894,6.6470575,-1
126198,2.729171,5.1419983,33
13626,-10.545351,6.0960937,64
180456,0.3816352,5.4171624,-1
85037,2.2859044,7.449386,-1
167538,2.4014785,7.3214836,-1
182802,16.785439,-1.7181995,63
199679,-0.34857348,6.154044,-1
66369,6.240624,4.851167,-1
154097,1.4275646,6.9443445,-1
149906,-11.261774,8.432082,76
107092,3.8588927,2.458412,-1
102286,3.428485,1.3410382,-1
166540,-8.050657,17.707838,107
50460,3.47272,14.661528,-1
131219,1.4483949,1.6181597,20
44350,5.006347,9.582152,-1
75148,-13.045304,0.14945719,40
44226,2.0787332,-0.56391764,-1
166630,8.335684,14.415507,-1
146456,2.6882339,4.7698107,-1
21905,4.7154384,1.8552277,27
128975,4.788413,10.581081,-1
179121,1.3736039,9.564274,-1
68492,-4.2799845,3.6145117,-1
61983,6.1500487,-2.8826618,-1
9122,0.49079636,9.582647,-1
131445,3.9845142,4.9293804,-1
204639,-7.46941,7.268531,-1
168768,5.5700054,15.347278,-1
188556,-4.2075496,5.897945,-1
178768,5.570741,15.347317,-1
199557,-4.9821568,3.5206754,-1
90118,-1.9412324,9.613115,-1
151880,-3.448278,-6.1612406,-1
145377,10.141907,10.800739,17
107375,3.4622922,4.055152,-1
85226,12.722197,6.6396728,66
80957,-1.8608502,9.543804,-1
131517,1.8337111,1.4767438,20
43920,4.4431224,6.1314435,-1
105045,6.947942,14.566792,-1
114664,-6.0688057,-2.778721,86
75275,0.40296552,-13.765784,88
46340,3.736892,14.198357,-1
72149,-7.3871713,4.071285,-1
161947,13.770638,-3.5867279,98
175154,-0.73310417,11.348276,-1
189557,-5.003668,3.5763626,-1
72179,15.586797,11.28874,97
2120,1.3314646,9.527454,-1
175062,-1.2912663,11.851697,-1
84883,-1.9674015,9.56414,-1
5801,17.172247,-1.8247857,63
81627,6.9624453,19.400837,73
179306,7.2916617,15.291802,-1
94225,5.7882123,14.004522,-1
89958,-4.010314,5.7412934,-1
72517,10.166698,21.44871,98
537,2.3651087,7.3307076,-1
72522,2.8838942,-0.33367413,-1
168496,4.1446257,3.597825,-1
97242,5.848474,2.1447425,-1
204885,-4.5520916,12.927459,31
62229,2.3381436,9.642425,-1
74829,0.15652916,0.75876707,-1
38252,4.3757434,-7.1937666,77
33641,4.732235,1.8107983,27
204264,2.353536,9.623361,70
65903,4.105927,2.0811508,-1
81668,3.1805983,1.7294924,-1
81672,2.004724,0.6302045,-1
2305,7.3004856,15.287897,-1
149802,5.3223515,7.3428397,-1
104048,3.8061922,7.655741,-1
74058,14.432905,-0.9202186,-1
106413,9.713581,-4.6090393,-1
161189,4.3841925,2.1891763,-1
81562,-4.822354,10.490031,-1
81561,-0.32164216,11.2535095,-1
168556,-4.2114115,5.9045978,-1
62178,-6.371911,7.1383204,-1
1767,5.570815,15.348204,-1
72375,0.093380325,5.654927,-1
182462,1.7313356,9.845103,-1
66172,-0.5805877,2.9625976,-1
188768,5.532024,15.388462,-1
81450,-4.2219467,2.4029167,-1
194639,-7.469338,7.268685,-1
179179,15.529228,24.690825,88
196123,0.49796847,9.596439,-1
84802,-1.0329745,10.184768,-1
153720,3.263882,9.77507,-1
201835,6.672156,6.660389,-1
161049,1.5844952,12.257423,-1
74937,8.5691395,2.6605566,57
106700,-5.7376184,8.765086,-1
199879,2.9007466,16.460999,-1
106695,13.653875,3.0934465,112
20881,-1.2173479,9.402195,-1
4390,-0.99008155,6.0555325,-1
106623,12.556066,18.326826,105
44590,4.408922,9.390443,-1
117900,14.500072,-1.0610044,111
102463,6.232447,11.01101,-1
150945,-1.7586538,5.3939366,10
35342,-5.0543175,10.755279,-1
141380,-3.8426943,3.4788127,-1
18534,-2.9533753,14.794569,-1
1207,9.544407,6.8550563,46
165015,-0.8705524,-3.355692,-1
2878,2.9020693,16.462162,-1
90965,3.1291595,1.6693444,-1
11816,-0.60119915,11.463816,-1
198208,9.544496,6.8551173,46
185062,-1.2816592,11.865831,-1
55126,6.006712,20.765467,80
139818,-7.169223,4.174432,-1
159138,1.7652986,2.567498,-1
170456,0.41872895,5.459973,-1
39825,-0.87553203,-3.3800082,109
70954,-5.7825327,-5.7915535,81
121700,-2.7237716,14.58646,-1
78907,3.4445603,9.095911,-1
140828,7.002212,7.5320473,103
135546,-2.9487329,23.991455,74
120416,7.3066115,14.528151,-1
87913,1.840101,15.795084,35
172802,16.78459,-1.7175331,63
76876,14.342347,4.6287627,86
198283,9.520312,6.505086,-1
157960,1.0415503,6.644671,-1
185154,-0.72226626,11.341133,-1
8061,-1.2925429,11.850651,-1
7884,-4.5534205,12.929205,31
138122,-2.541264,18.030571,101
176123,0.5000757,9.585252,-1
111711,-0.122959554,15.623974,-1
112528,7.3261023,14.533232,-1
88305,3.6883504,-0.6130066,18
56014,2.8510807,0.8157908,-1
192802,17.601015,-1.4318241,63
173352,3.8805978,9.358626,-1
99799,4.9143157,6.2175217,-1
139687,15.200083,13.782458,96
1282,9.520646,6.5050035,-1
57553,-1.8413929,6.650602,-1
7823,-3.1601284,9.885954,-1
158194,2.2790146,29.0555,89
40441,8.535049,-1.5562044,21
157456,-4.8238745,3.1714654,55
56538,14.331591,-0.7012429,111
1147,11.512808,8.59766,-1
30553,-0.97306705,2.8782632,12
184885,-4.535696,12.890848,31
110459,-4.1521525,5.890185,-1
198496,4.1461368,3.6022122,-1
79041,18.41102,5.1142297,64
17490,15.974198,-9.075239,74
70652,9.702541,10.665106,-1
41337,22.361816,7.550124,74
88216,0.34399113,5.4811163,-1
55432,3.768292,2.2962198,-1
18913,2.683077,3.1648169,-1
17822,11.956073,-2.5685277,58
12012,1.7247366,2.633425,-1
92867,-4.2874465,2.7589507,-1
78508,11.7254505,8.734841,-1
95051,3.0089526,1.1475124,-1
139955,10.579726,3.0608523,44
56931,2.443052,6.574499,-1
31029,-11.604625,9.687121,-1
11851,12.226665,9.102563,32
30445,18.411129,5.114176,64
158309,1.7644088,15.993442,35
55159,-4.4850297,3.2456243,-1
138808,1.5828049,-3.076197,-1
7638,-7.4694786,7.2683682,-1
186123,0.50224996,9.588533,-1
8153,-0.7336329,11.349402,-1
70478,6.7003846,15.618965,-1
198556,-4.1985106,5.901383,-1
164924,1.9817667,16.243723,-1
138559,2.661996,2.6886914,9
2678,-0.34370217,6.1481805,-1
198148,11.512652,8.596694,-1
57384,5.360133,0.0979536,-1
87580,2.9317126,1.8548881,-1
197407,-0.25632963,12.505225,-1
88188,2.8156302,7.750863,-1
165065,10.512168,3.111011,44
159623,0.90944445,6.7939305,-1
68723,1.1372409,14.0539055,-1
94909,10.256871,5.5041213,70
112131,1.8286397,12.925226,105
54849,-0.5971448,11.479675,-1
7263,2.3358831,9.604993,70
70711,-3.799448,3.3844256,-1
93099,2.2905965,6.594337,-1
198461,-1.9412756,6.598789,-1
120110,-1.1067653,18.980896,83
69556,-4.023272,3.7696564,-1
18737,3.3503098,1.0890954,-1
70370,-4.235822,11.240817,-1
17152,3.3937206,-0.236693,-1
17439,4.6784368,-13.773996,61
119896,-1.402769,5.4561963,-1
193352,3.8693576,9.368642,-1
28747,1.4825115,8.797572,-1
184824,-3.153368,9.886282,-1
17252,-0.19453971,11.246267,-1
170524,-3.1633556,9.889223,-1
40964,1.923639,3.3969533,22
158299,6.5027304,7.1401463,-1
184639,-7.4696736,7.2683845,-1
197538,2.4220722,7.302756,-1
110606,-3.4880989,6.9961276,-1
169879,2.901447,16.461546,-1
54381,10.143168,10.61134,-1
203352,3.8704946,9.366068,-1
158730,13.805539,21.67689,102
124702,3.1550586,5.3414817,-1
144328,1.5347407,12.24765,-1
22951,4.4857183,5.054269,-1
80605,0.3810925,7.0347524,-1
65241,0.26059005,11.443937,-1
92394,3.9467523,9.770324,-1
87289,14.331673,-0.7008021,111
45500,10.101536,10.433351,-1
60778,9.045971,16.360607,95
62726,3.226826,13.969517,-1
48898,5.93392,7.098008,-1
84194,4.4563026,6.126127,-1
60816,-0.40140468,10.69417,-1
67002,5.9065733,14.773537,-1
40330,21.50007,3.7905376,61
30520,-1.7853376,5.659055,-1
36933,4.557284,7.0889897,-1
106062,2.4501154,1.8474466,-1
190588,5.5305867,-1.497297,42
154893,-11.304837,19.71856,89
112202,6.020536,4.83682,-1
8103,1.2780346,3.9466944,-1
48820,1.4349073,10.905861,-1
154905,16.998606,2.4833531,26
51812,-3.1806707,10.704238,-1
68959,-5.7877755,-5.7885265,81
111647,5.884881,8.872195,-1
152633,-1.6590945,5.4623976,10
26223,4.4073114,5.1370225,-1
75661,4.2751794,10.52349,51
65292,-0.85651535,11.2182045,-1
117383,-0.40451762,7.557099,-1
92416,-8.098584,12.653378,87
136137,13.631193,-5.587257,63
62589,4.277193,10.046514,-1
168986,0.92502344,4.005265,-1
84193,16.912176,2.5063665,26
181892,3.2750914,7.362905,-1
157950,1.3693807,6.7230926,-1
121429,-6.9290533,4.5392065,-1
185104,1.2757258,3.9436085,-1
124613,6.162358,8.063702,-1
21974,-11.604245,9.687,-1
93055,11.337741,-0.7175439,37
160649,5.5274096,14.229341,-1
40978,-1.8365545,5.382744,10
173613,0.066188484,4.8280687,-1
17146,1.8193362,9.37382,70
201341,3.2638528,14.028768,-1
155435,10.546895,21.505024,98
124250,3.9023206,7.81116,-1
191837,6.0190716,1.911291,-1
205104,1.274943,3.944759,-1
143648,-7.2941103,8.20135,6
49970,-0.22730477,11.94168,-1
89246,-4.6409874,2.9771364,-1
171837,6.0204334,1.9111209,-1
52212,2.3113122,9.686751,70
83987,-0.324587,6.0897098,-1
158806,0.8913059,5.8610544,-1
148890,-14.929674,6.2662826,89
75825,-3.8866615,5.861313,-1
80306,0.36136535,10.942562,-1
89241,-1.628913,9.224242,-1
7301,6.059326,6.8281746,-1
67380,9.045988,16.360561,95
173609,-5.531498,8.925147,-1
181837,6.0248885,1.9110272,-1
124225,-3.8528752,5.787104,-1
21576,-16.73451,7.1797876,89
42919,-0.08801667,4.8874865,-1
69722,13.429914,16.720282,65
56811,1.4307178,9.203548,-1
82327,-0.6407728,6.16138,-1
34215,-0.5523422,10.030119,-1
83931,-7.2404795,8.212446,6
87180,-6.8643937,5.1342273,-1
82323,4.429495,9.810141,37
75931,1.1560928,18.350996,-1
92729,-6.7461467,1.992216,-1
70801,-11.739435,-4.7773666,91
48308,1.3366276,9.048547,36
68830,-1.0095638,6.0040298,-1
157849,4.585888,6.142598,-1
15015,4.3697467,9.8271,-1
98338,-3.7169297,9.850159,-1
37947,-0.46492985,2.5458658,-1
140829,6.9602337,8.187001,101
161551,9.670388,23.36665,102
73086,8.698749,6.7450523,-1
75770,0.26363617,10.332764,82
122118,0.27996692,0.6688852,-1
95825,-3.7118323,3.2074828,-1
77614,9.676831,10.765976,-1
43275,6.253094,6.538258,-1
163723,6.9623985,19.402037,73
121364,3.7889128,14.089615,-1
34107,-6.111379,12.594635,67
148625,3.3845434,-0.46026123,-1
90692,7.499167,0.85105085,-1
89211,-13.060042,0.14015605,41
51916,9.757757,-4.6510415,38
28719,4.854393,9.888511,-1
35371,-7.1507077,8.159851,-1
178408,1.0493988,7.510526,-1
194302,6.043936,6.8323994,-1
152408,-2.2681794,3.6465957,87
89204,0.5574014,15.240441,93
120284,4.6304493,8.940476,-1
45671,1.2859297,14.187942,-1
33253,2.0993564,9.296877,-1
17648,16.982275,2.4968014,26
171341,3.2484784,14.009144,-1
1882,-11.979173,4.111313,94
85809,10.162807,10.478412,-1
143815,7.320173,7.102081,-1
183613,0.064741775,4.8147664,-1
183609,-5.5377846,8.92031,-1
43172,14.3570795,4.642235,86
13984,4.5883913,1.932565,-1
115679,-0.8345753,0.17258747,-1
126962,7.7244954,24.304592,102
10071,3.4096498,20.547028,38
99406,-3.5946481,1.9882566,-1
28016,6.872794,17.262196,63
108129,3.5315752,14.671142,48
32404,10.663525,16.175196,-1
28008,4.001991,4.907845,-1
152296,19.601652,1.3542383,92
201414,5.8488812,2.1576452,-1
114194,10.250228,10.644939,-1
81839,3.219176,4.7293744,-1
139298,-7.1822453,4.104413,-1
121704,-13.702334,-2.989592,111
160915,-4.230442,11.239073,-1
91022,-6.9485617,8.14134,-1
44190,4.5883574,9.9811535,-1
186994,5.4524827,8.768468,-1
21020,2.669442,10.48948,-1
65967,14.355536,4.641727,86
175104,1.2798761,3.9455352,-1
166616,-1.02213,6.0362716,-1
147420,3.0451336,7.514376,-1
146149,2.8092217,7.8609085,-1
96061,7.1112766,10.44645,-1
81229,5.9754963,7.500854,-1
90028,2.265492,9.122503,-1
102383,4.3161564,9.883803,-1
84638,-0.94568753,5.2427216,-1
92323,1.567848,15.431303,-1
70555,7.6647744,7.168149,-1
162956,6.1501117,-2.8827627,-1
193609,-5.538805,8.919687,-1
178986,0.92309815,4.0077024,-1
153454,-9.941428,0.75890225,-1
147464,-2.8970134,14.751666,-1
69439,12.226109,9.100811,32
145786,13.727401,13.911126,111
38230,6.1023445,6.7258987,-1
154164,2.5519462,-7.6996255,102
27813,10.158546,10.706034,-1
13591,4.431943,-2.3666785,-1
50640,-1.0168022,3.2490325,12
154136,-0.1567756,10.767617,-1
153339,1.7941136,3.1023223,-1
61646,14.33172,-0.70016193,111
85051,3.4451342,4.3304653,-1
188883,-11.980946,4.1098657,94
147531,18.022732,-7.3497977,74
84574,5.926086,2.2814376,-1
18358,-1.1436563,7.5771527,-1
81636,3.4673448,4.5305266,-1
131344,2.9217157,-0.46435437,-1
131289,3.5559828,14.400295,-1
21027,22.361876,7.5501103,74
193613,0.065834366,4.8169484,-1
95126,3.1129515,6.011016,-1
81563,3.7571385,19.317934,-1
201892,3.2752867,7.3648458,-1
78447,-5.6373963,25.45076,89
194657,0.8918368,12.172036,-1
92281,10.761871,9.143919,-1
69355,0.8681587,3.1770978,-1
44426,10.544356,21.504416,98
4340,3.2634232,14.012197,-1
130766,4.3866973,5.3213167,-1
194646,-15.209753,11.743025,89
10379,-4.1709514,3.1297274,-1
146809,8.444377,3.4944916,-1
206091,9.044745,1.8096015,85
23511,0.4220343,3.4175959,-1
98963,7.7767177,13.78828,-1
57361,1.5913627,9.346138,-1
166823,1.797008,8.721702,-1
89974,-0.62779844,3.091719,-1
201837,6.033028,1.907778,-1
38369,-0.3834568,9.137294,-1
74902,4.722519,2.2445867,27
158307,-4.8765283,2.7951891,-1
90017,2.0341027,1.8574313,-1
9090,9.048914,1.8055671,85
121838,0.12862389,5.3369207,-1
4413,5.84915,2.1571786,-1
62179,9.6931095,-4.585682,-1
39663,2.5440755,4.924735,-1
182483,7.292656,14.918614,-1
196091,9.042227,1.8123999,85
160957,3.2504528,14.009372,-1
44585,3.5709448,5.0690165,-1
160991,2.359928,10.133487,-1
61977,5.314316,0.017515335,-1
140000,0.46606627,7.4858437,-1
20781,-3.25148,2.0219977,-1
130906,4.8289433,8.962866,-1
118045,-16.262964,14.462256,89
118043,-10.163207,-8.136422,89
130895,-0.99049383,14.922432,73
89066,0.7588223,3.0362568,-1
89930,0.22435184,12.31324,-1
62305,3.4706838,9.580173,-1
178883,-11.97928,4.11118,94
87706,1.5105747,10.781308,-1
139364,2.5979166,-5.4285197,-1
39585,6.324544,7.1496964,-1
65616,2.7716727,2.1352386,-1
74273,15.230747,-6.1778035,102
144808,14.500669,-1.0610536,111
188408,1.0483902,7.502303,-1
137389,6.413616,4.693381,-1
158615,-9.797991,22.511387,89
191414,5.8412595,2.1646636,-1
81822,5.289022,12.290169,-1
80844,-1.470422,21.369577,60
90160,15.23074,-6.1777616,102
188986,0.92511505,4.006549,-1
139474,-5.1804194,22.65427,102
145009,6.374309,14.317582,-1
168408,1.0412122,7.505238,-1
43729,4.066563,3.2094805,3
144503,-4.738744,9.228641,-1
171892,3.2766874,7.3622727,-1
126528,-0.2559649,5.5218,-1
112146,1.8128675,2.63055,-1
23140,-3.7070146,9.853433,-1
179644,-6.0657554,4.0090423,-1
35412,5.528786,-0.1611605,-1
204302,6.0683975,6.8291636,-1
124823,8.60376,6.784045,-1
18581,-0.397181,7.6103806,-1
34040,1.9657642,4.6302834,41
166241,6.004085,13.997126,-1
15270,2.0404923,1.588716,-1
152889,-3.9626138,5.821103,-1
130290,0.56056756,5.265842,-1
163609,4.3825536,11.704958,101
168883,-11.9793625,4.1111026,94
38128,-2.8734233,1.4119217,-1
179593,0.34843993,9.778132,-1
107492,-2.0186703,11.844629,-1
81793,1.6439347,16.397266,35
65768,3.3511488,6.7658105,-1
153235,8.681661,3.8903222,-1
140279,-18.520962,9.485721,89
145603,3.6361754,4.6285067,23
126153,0.92730767,11.5036745,-1
199644,-6.0653133,4.0096817,-1
87444,0.44743386,3.4300284,-1
20471,-11.980853,4.109857,94
55438,-4.051161,6.0281653,-1
110492,-1.1051084,6.268541,-1
95973,10.663927,16.175535,-1
154222,3.95229,10.206615,-1
17374,-1.8644122,6.5581765,-1
147614,-2.0414658,-12.330009,89
99148,3.8748193,8.045336,-1
203795,0.69848293,4.8933334,-1
94360,2.7053146,4.150903,-1
87655,-1.1304219,7.5673823,-1
11376,-1.6458662,9.086013,-1
90134,6.2667656,11.013117,-1
13676,6.0067215,20.765436,80
139512,1.7370235,10.449137,-1
153088,-13.355387,17.60831,89
95923,5.475517,7.4596806,-1
74691,-0.573583,12.007544,-1
110732,1.8492944,2.837087,-1
191341,3.2451134,14.0011,-1
88850,0.7965498,11.461589,-1
173795,0.700003,4.892299,-1
160841,1.3455842,6.9465165,-1
145495,4.7060127,9.362329,-1
62339,3.771707,5.5039673,-1
44952,5.606182,14.638363,-1
35040,3.4721847,6.5683875,-1
199593,0.35201874,9.777201,-1
139635,2.9131284,2.8023784,-1
103047,2.210254,4.361452,-1
88881,1.7708652,2.9540942,-1
91549,-4.2141914,3.0350904,54
113697,-13.702367,-2.9895773,111
29857,2.0580614,-0.5620537,11
6608,-5.533815,8.923432,-1
109067,-3.9405015,3.2069232,-1
162341,2.7180243,1.741178,-1
41241,3.2096925,13.708657,-1
79566,0.29600957,9.060059,82
184302,6.0607357,6.831802,-1
68675,5.5847564,7.391853,-1
83591,16.783499,-1.71741,63
14708,6.267032,6.5464,-1
28229,4.8890204,3.6346376,-1
40077,0.19222671,0.62014765,14
56157,6.3213205,4.6284328,-1
54371,5.909664,14.768774,-1
25887,-0.9274912,9.516825,-1
149858,7.231472,13.860397,-1
79590,-7.09819,3.891022,-1
76397,6.762657,13.868376,-1
73367,-9.358536,-11.616092,89
86480,-1.018518,5.9982758,-1
68057,5.32798,-4.7946434,-1
204657,0.8723163,12.150463,-1
32621,11.956082,-2.5686345,58
91231,2.015565,1.9057794,20
157510,-4.1626773,5.8134565,-1
142155,10.211514,10.646598,-1
71215,-3.59152,1.7649679,-1
73411,3.9505823,8.150235,-1
164179,0.52867913,14.536287,-1
104184,-0.33522367,9.169435,-1
35204,3.8786762,1.7128259,-1
1985,0.92330384,4.006072,-1
135663,-9.941587,0.75868857,-1
105066,-7.2775435,8.20518,6
98357,-7.1885395,3.907863,-1
3587,5.5308614,-1.4977494,42
204646,22.145292,0.6776846,89
39062,0.17381321,11.093165,-1
174302,6.08814,6.82198,-1
176994,5.4534955,8.76844,-1
157614,3.2597165,7.3845496,-1
14230,-1.8145465,9.747312,-1
16612,1.27876,11.945849,-1
91259,0.27018487,11.199397,-1
158999,15.230677,-6.1776223,102
198883,-11.980928,4.1098256,94
129128,10.952641,26.266827,102
142613,5.8948803,12.211663,-1
120984,-0.9756095,7.7918973,-1
200588,5.530927,-1.4978441,42
6794,0.7021226,4.8924584,-1
89724,5.5082417,7.3049197,-1
151673,1.8545864,7.5648007,-1
170588,5.5309668,-1.4978851,42
123718,3.0359917,11.619449,4
162428,7.3615975,9.356168,-1
64552,-0.52973807,10.985937,-1
2592,0.34935877,9.775726,-1
63417,5.106078,18.31578,-1
172483,7.300598,14.937303,-1
16678,-4.0457106,3.4478903,-1
42214,3.8959513,10.157855,-1
47660,17.926804,5.2588286,64
193795,0.7139874,4.8712463,-1
24744,3.3442123,-0.15790015,18
149841,7.304666,13.773017,-1
35948,-2.0984254,6.702239,-1
149837,13.413478,-0.08415828,-1
95549,-8.912375,-5.9018373,110
79665,-5.168971,14.611957,59
157584,0.097182944,0.8287706,-1
123494,4.08003,11.679877,-1
196994,5.4575405,8.762181,-1
108961,-5.6374397,25.450806,89
76311,4.678419,-13.773982,61
53614,-1.6932812,10.940474,-1
93851,-0.1948622,11.258729,-1
74088,0.369074,7.03759,-1
116546,6.050113,7.044731,-1
157249,10.998469,24.040144,102
53986,6.30796,7.024269,-1
37546,-6.8572273,10.443827,95
151035,17.17225,-1.824751,63
159174,0.9035381,11.528326,-1
41577,-1.005847,2.9691458,12
91951,5.2583847,9.46333,-1
116553,4.0073943,4.954622,25
122731,8.595008,3.922445,-1
83276,-0.11988472,12.239967,-1
184646,22.145325,0.6777038,89
192483,7.2964754,14.919685,-1
91163,13.940314,7.341796,-1
138568,3.547026,5.0754633,-1
206994,5.463006,8.75834,-1
180588,5.531182,-1.4982748,42
184657,0.89120936,12.171797,-1
54017,-7.1218305,8.264033,-1
73734,1.674235,9.731669,-1
14537,4.9947243,6.1044354,-1
26318,-2.473991,0.1879233,-1
176091,9.045624,1.8090316,85
70995,20.356718,14.451043,88
35255,3.3613749,4.512971,-1
165341,7.3350286,13.850277,-1
128338,-15.952945,2.5416672,87
30443,-1.0137963,6.041675,-1
79151,-4.900846,-0.75281286,104
135447,1.5628188,15.840051,35
16982,3.150306,4.539404,-1
16981,-0.05089945,12.240651,106
86884,6.1603613,8.025414,-1
141490,1.2602053,11.963875,-1
14466,-0.7960871,10.806585,-1
18976,5.6518884,15.298416,-1
112635,5.547958,8.586785,-1
79169,3.452548,1.5844,-1
165405,-3.2444189,1.8880308,-1
88307,8.458141,9.168078,0
31216,3.2538035,14.01,-1
40029,-18.520897,9.485788,89
12433,2.3257027,9.716181,-1
156886,-14.929711,6.266293,89
150397,9.88071,4.0532007,57
189644,-6.065547,4.009499,-1
71135,-1.9711834,9.513783,-1
76570,-17.532509,11.479434,89
150278,-8.164749,19.339462,107
156851,-2.9487724,23.99151,74
40042,-0.8787605,-3.3605907,109
112955,4.774122,6.1249013,43
14344,4.7455764,7.867531,-1
169593,0.3512653,9.78333,-1
100331,3.8336058,8.265577,-1
189593,0.35002953,9.779058,-1
150203,6.3359027,4.504061,34
76523,6.1363487,27.367142,88
41349,1.8646795,7.455084,-1
58839,6.9623523,19.402023,73
71123,2.8934221,7.511983,-1
56463,-0.0531258,12.240993,106
90905,-0.9991688,9.520238,-1
46993,-0.8898689,-3.3392992,-1
169644,-6.0702076,4.0101023,-1
39252,5.053394,9.826196,-1
123049,-10.546527,6.0955367,64
138601,1.1561334,18.351068,-1
116647,-2.4507847,15.781558,-1
157053,6.4842114,7.5138407,93
12407,9.747324,-4.6419005,38
79316,1.7887431,2.5981357,-1
2643,-6.069408,4.0101027,-1
157002,-5.7472873,8.755029,-1
150429,-2.448891,15.780162,-1
1407,1.0431046,7.5051603,-1
47635,2.1494663,-0.43158227,-1
115876,-7.0804734,8.31145,-1
21653,7.7607155,13.733607,-1
45936,0.6944484,11.503769,-1
181414,5.8484645,2.157882,-1
198986,0.921262,4.006818,-1
7645,-18.520815,9.485877,89
118952,-11.304838,19.71855,89
42648,8.71028,15.932692,95
149307,4.2718863,3.1460805,-1
7656,0.89045644,12.172998,-1
94683,6.310218,13.888707,-1
37919,-7.177761,4.3092213,-1
67533,16.297548,8.656499,85
19681,-11.26219,8.432317,76
186091,9.043395,1.8112668,85
90389,4.1860003,4.702869,-1
171414,5.848805,2.1570876,-1
70831,-11.758218,-4.7579274,91
133352,6.406141,13.89264,-1
143223,-5.882335,0.3622072,45
195104,1.2758356,3.945088,-1
35730,-2.0178056,6.6185293,-1
76059,3.543717,7.937609,-1
203613,0.0670808,4.8070683,-1
33190,8.535937,-5.9265695,-1
4836,6.024243,1.9103861,-1
142988,14.500429,-1.0607172,111
149360,6.6973667,-3.777164,-1
133636,5.100815,9.551704,-1
39831,-12.528563,12.8364,111
117071,3.3531132,7.193433,21
115844,14.335649,9.569033,32
86099,-7.1630406,8.345679,-1
9993,5.4606595,8.760587,-1
76075,2.2789261,29.055553,89
71518,11.697803,8.713784,-1
5482,7.294856,14.92133,-1
16444,5.830749,2.1687078,-1
174657,0.89023405,12.169129,-1
74218,-7.1653843,4.2535934,-1
82458,14.331084,-0.6998802,111
143016,1.8617034,-0.886813,-1
93792,4.3513484,10.323183,51
203609,-5.533949,8.923709,-1
142961,-0.46287686,2.5553677,-1
52742,-5.7533298,8.758227,-1
37121,-4.3211365,12.7222595,-1
83750,12.677311,1.8505045,-1
59937,-7.109352,8.267254,-1
174646,-15.399304,8.500624,89
95050,3.324446,4.960007,-1
71606,-5.180388,22.65427,102
155773,2.5905783,4.632473,-1
120395,-1.4667633,7.688939,16
42585,-0.44366503,2.5333974,-1
6612,0.06552029,4.82294,-1
28103,3.7582474,1.591932,-1
183795,0.67898077,4.8603272,-1
202483,7.293361,14.928974,-1
151764,9.597162,3.8488467,-1
142743,2.892691,1.3749396,-1
68744,1.9649727,4.6286955,41
4891,3.2846096,7.3467574,-1
82543,9.045122,1.809452,85
162501,1.3176043,6.9176507,-1
135757,1.3618158,11.171009,-1
198408,1.0457033,7.505967,-1
181341,3.2538104,14.011137,-1
191892,3.3157036,7.3594093,-1
24623,8.457583,3.513201,-1
149182,7.752511,6.8712335,-1
74351,0.73934615,20.757238,-1
189946,3.0287344,9.636781,-1
151319,-5.2086473,2.9715395,55
153441,-7.174432,4.197759,-1
149188,-4.189006,3.0290976,54
47107,5.0870523,18.331045,51
48234,0.27220112,6.940641,-1
29747,18.392214,17.5854,53
72430,-0.115954734,8.1692,-1
39894,7.8566713,17.745417,110
158818,-5.3853116,6.8600597,-1
116475,4.5294676,9.124434,49
110580,21.500212,3.7903666,61
158475,2.0733042,3.3570006,-1
89497,-2.6523323,14.511441,-1
45830,-7.088517,3.9172688,-1
164820,6.1436663,13.839026,-1
138923,-3.7544787,3.7846437,-1
46784,6.8728085,17.262411,63
37921,6.202134,4.439943,-1
92246,1.6536852,9.30303,-1
198007,-0.75149655,0.21276933,-1
89461,0.97431993,10.552732,-1
153434,15.33896,-8.822343,74
2945,3.026465,9.633967,-1
70019,0.2732373,10.325029,-1
120776,-0.2204376,12.357827,-1
180490,-4.4567337,2.4529088,55
21478,-4.0110145,5.803139,-1
171674,-2.3633764,7.059388,-1
84794,3.4756858,2.387065,-1
203431,-1.5323578,10.328714,-1
200707,-1.2780681,11.49726,-1
150406,6.2857194,12.021548,-1
89271,-7.6180162,17.871262,107
203372,3.9954612,7.6404934,-1
139087,12.551172,18.332603,105
14360,-4.2828236,12.526203,31
138635,5.287976,6.504508,-1
81678,2.2788415,29.055696,89
82940,-10.360981,10.060135,-1
195296,1.8417681,3.1267421,-1
158823,-1.7949352,6.6826,-1
81677,2.2530165,2.0048926,-1
64109,2.923762,1.513271,-1
193124,2.0521178,10.211238,69
70533,7.724288,24.30482,102
179946,3.034648,9.638859,-1
27281,16.297533,8.656476,85
21657,0.40309036,-13.765768,88
27682,0.16545892,11.190925,-1
193372,3.987704,7.6506834,-1
150539,0.3188801,8.531842,77
199946,3.042178,9.622274,-1
149235,-8.712411,-1.0579362,97
161625,3.7948246,7.8171215,-1
120125,-3.8680496,3.1691365,-1
95033,1.4708835,2.8245072,-1
23445,-3.5808678,1.9978957,30
148948,3.052247,7.4021277,-1
128405,1.6002897,15.470024,-1
181674,-2.3706543,7.053475,-1
25631,0.10167421,0.7388802,-1
204906,-14.929999,6.266641,89
56830,17.008972,2.4717262,-1
40530,-7.269888,3.8924427,-1
117114,-0.26519525,12.419455,-1
93559,-5.154061,3.2191176,-1
44597,2.6138728,3.087424,-1
49871,-1.2941895,11.855594,-1
93903,3.5026133,-0.187193,18
17910,3.3903074,-0.23982634,-1
129617,0.7716124,27.323235,74
150799,7.0547895,7.5299096,103
151015,6.490509,7.108358,-1
49783,2.015421,7.1630635,-1
162158,-3.4073932,-3.6572173,108
37544,6.592585,7.5898747,-1
83869,5.5339227,14.311274,-1
159185,14.337012,9.573106,32
81543,0.9841715,-10.176158,63
200460,0.4531506,7.512098,-1
37929,-2.9768317,8.535615,-1
70079,5.3281884,-4.7950754,-1
55275,2.171763,16.263672,-1
56803,-5.868893,7.557958,-1
120608,4.7763944,7.7253833,-1
147308,1.669557,2.8345199,-1
186407,4.2702274,10.332492,-1
186115,-2.2790053,6.8319488,19
49581,0.07374476,5.346234,-1
120161,5.058578,7.2531033,-1
98398,5.3058615,7.5391097,-1
162935,-5.882287,0.36224648,45
201305,-1.6885295,12.353439,-1
11580,14.35659,4.6426105,86
37438,-14.930024,6.2666354,89
153475,2.1036704,6.7573566,-1
104551,3.52812,4.288601,-1
180707,-1.2628611,11.484388,-1
49605,6.136057,27.367277,88
105616,-0.29512393,5.4006424,-1
128496,4.221144,4.943656,25
69736,3.9175854,5.55816,-1
176115,-2.2791286,6.8296223,19
153618,5.1615686,18.417274,51
139967,-2.0414622,-12.330007,89
46850,4.2664075,1.9942759,-1
29852,4.1739984,3.2206593,-1
130606,2.0066845,9.192714,-1
22182,0.6611347,3.9925647,-1
200490,-4.457564,2.4507103,55
185296,1.8513541,3.1351593,-1
139960,8.198327,14.978,-1
69683,0.28704017,11.175821,-1
93967,8.604208,6.784034,-1
32477,3.47603,14.704067,-1
95079,4.0725265,4.8655205,-1
98323,10.196251,10.614526,-1
33506,9.046896,16.360283,95
37272,-0.34155566,12.100703,-1
63430,4.9446187,10.471729,-1
38110,16.487442,4.6987824,80
46224,9.670321,23.366611,102
137658,3.3823004,9.5626,-1
5719,0.73934764,20.757267,-1
63196,16.487455,4.6987944,80
164680,4.022823,5.653923,-1
38107,4.1345167,5.119902,-1
46102,-0.56302476,6.091358,-1
120986,1.7796088,3.244193,-1
9588,-5.7214055,8.76641,-1
129376,0.67595935,12.440076,-1
189477,14.254469,9.413763,32
17599,1.9001592,11.166396,-1
167170,-0.73136413,12.335647,78
38111,10.54657,21.504892,98
74612,6.1921835,10.808802,-1
148637,8.46821,6.914696,-1
116915,-8.098607,12.653439,87
120444,-3.4097474,-3.654639,-1
168280,-3.4093606,5.3025007,-1
152119,-0.4746986,7.067954,-1
149861,-2.833275,14.6934,-1
194906,-16.800219,17.56444,89
96862,-0.6037046,11.325368,-1
147976,4.9522476,6.51159,-1
55671,8.837227,2.0439754,85
171305,-1.6894093,12.35279,-1
63445,19.60178,1.3542361,92
151644,-7.174756,4.2709866,-1
22683,3.7163084,-0.58880675,-1
84117,5.527596,6.88854,-1
10188,5.373848,11.59111,-1
77761,0.31484914,8.921572,-1
206947,-15.356494,10.272888,89
106138,0.24380079,10.962053,-1
130195,12.211554,9.083281,-1
72875,1.78759,8.89274,-1
82081,1.8709346,-0.8665928,-1
84254,1.953293,1.8928237,20
27589,5.395339,-0.013339087,24
15196,13.896191,7.3599167,-1
152492,0.3743751,3.523514,-1
115538,1.7371128,16.00924,35
55787,15.580179,-8.895635,-1
181305,-1.6924243,12.353535,-1
115558,2.5450404,4.9363575,33
1279,-3.4107816,5.3041725,-1
149790,6.0241365,6.7878184,-1
115995,3.8186948,1.1026086,13
129279,2.2689047,2.5191321,-1
148394,-2.0414667,-12.329999,89
17768,-11.98105,4.109748,94
159266,0.9332759,12.128224,-1
21333,11.541024,0.79148567,-1
84256,1.8503934,-0.9073923,-1
162749,-0.9840404,9.487236,-1
78032,3.6703382,-0.4163248,-1
47698,-0.49701747,10.2119465,-1
148540,3.3116648,-0.36167446,-1
21855,4.321472,10.041536,-1
104056,-8.17669,18.093224,107
9946,-13.355414,17.608316,89
151655,1.8486626,15.977687,-1
5689,-1.6807748,12.344819,-1
110880,-0.3017867,11.104248,-1
162740,1.9292628,16.22178,-1
48900,3.7189133,-0.34049287,-1
126622,16.845724,2.5145025,26
69924,1.6681547,7.762234,-1
170490,-4.4570775,2.4473395,55
4673,-2.3545532,7.0545607,-1
159000,-1.1012994,18.97979,83
9406,4.2707524,10.331748,-1
190707,-1.262402,11.485181,-1
73885,4.98747,5.7161145,-1
139677,-4.514852,3.8885882,-1
179477,14.25322,9.413304,32
47460,2.0324311,-0.51818126,-1
64408,2.5964208,-5.4173903,-1
150064,-2.100229,6.911729,-1
138434,2.730866,7.8050747,-1
73944,-0.57814866,11.587245,-1
138714,5.8709106,13.997188,-1
65717,4.3755903,-7.193636,77
44957,5.557773,10.105773,49
11633,18.40294,5.1161833,64
120689,0.45539415,7.5231586,-1
56560,-3.1486712,1.7051171,-1
32216,14.339088,4.6248784,86
148722,-6.56922,5.551104,-1
35327,18.536451,-4.9153543,88
168441,0.6500426,13.831923,-1
95026,0.0317777,10.868201,-1
98850,2.2583857,2.5497053,-1
14145,4.5349345,9.121675,49
103063,8.690007,6.753767,-1
190460,0.4547403,7.516257,-1
110984,8.425867,7.4794087,-1
10061,-5.782572,-5.7915564,-1
33505,11.726395,8.735445,-1
180460,0.45277417,7.519635,-1
120839,-7.245675,8.220157,-1
168007,-0.75306594,0.21233463,-1
27663,-1.9748976,6.5928307,-1
55440,-4.9120655,10.384331,73
162469,6.135857,27.367292,88
46391,2.0510523,-0.58129,11
203718,-0.839146,0.18294099,0
162268,-14.970711,12.233002,89
127919,1.2923622,10.650815,-1
201674,-2.3560812,7.0519967,-1
150079,20.755278,-3.8021686,88
84434,17.860811,8.223155,77
84431,-18.52074,9.485974,89
137909,-0.112840936,11.8017645,-1
139533,-3.7079859,9.854727,-1
206115,-2.2854118,6.83261,19
82484,8.129595,3.170878,57
81825,2.6905298,5.976499,-1
49207,-5.1448255,3.2278113,-1
27632,8.342047,13.539047,-1
139160,0.7716308,27.323265,74
84374,-3.9258127,3.900098,-1
33015,-1.561288,2.3642278,-1
174906,-15.35643,10.273048,89
65166,4.790337,6.120266,-1
139471,7.7240734,24.305037,102
120498,3.8885677,9.9888935,-1
7905,-4.019597,-11.398323,89
153018,5.2701874,9.529148,-1
93665,-5.64638,7.2579775,-1
147952,-7.869713,11.739425,75
117512,2.383439,1.8518789,20
170460,0.44978285,7.5165863,-1
105502,5.766972,7.4017763,-1
93818,6.0777483,6.7583866,-1
22536,4.2903333,5.0375977,-1
138128,7.723856,24.305273,102
103555,-1.9077712,6.6061244,-1
161540,-15.209586,11.7434225,89
151885,3.0652509,1.1210796,-1
129795,1.775589,9.166152,-1
148659,-0.13737501,3.791687,85
57141,4.8256955,9.478944,-1
206407,4.2581353,10.34372,-1
63537,3.0906358,9.589066,-1
149910,4.4125724,6.116807,-1
158598,-0.11732533,5.004744,-1
176407,4.250754,10.3489895,-1
190490,-4.4577484,2.4492576,55
193431,-1.5442007,10.336203,-1
47945,4.614218,6.9793553,-1
196115,-2.2807388,6.8315573,19
119675,-1.1421098,7.563212,-1
36209,-8.099506,12.653183,87
178441,0.6504059,13.833072,-1
53353,3.7066,-0.58289397,-1
85619,1.653429,2.731065,-1
191674,-2.355306,7.0513754,-1
160194,3.402805,2.407447,27
67047,2.3847632,8.2900095,-1
54347,5.307753,0.06306778,-1
53395,-2.0843363,6.6229897,-1
142287,1.5746896,10.6887245,-1
109093,-0.97423595,2.8785427,12
144095,-16.26295,14.462173,89
60806,2.342792,2.6156693,-1
31761,7.4725957,14.397549,-1
192690,-1.6808152,12.345271,-1
193718,-0.8336884,0.19308956,0
71875,-1.3611487,9.238349,-1
183431,-1.5328933,10.322987,-1
169,-0.7309914,12.335079,78
79540,9.726238,10.691043,-1
91482,4.563747,10.099703,-1
71881,3.3807416,2.2551267,27
51870,13.445094,16.74913,65
6430,-1.5319321,10.327819,-1
80543,0.11626034,0.83363646,-1
43314,-1.831435,9.613882,-1
140728,12.214843,9.107626,32
169477,14.337451,9.573397,32
118750,13.770741,-3.5867674,98
156494,6.459817,7.335658,-1
60690,-1.9629931,9.665887,-1
16683,2.0260687,9.3531,-1
196589,-5.722996,8.764543,-1
19309,14.251801,9.416203,32
12565,2.800073,2.8767877,-1
71769,2.1642394,9.838138,-1
172690,-1.6812388,12.345599,-1
67093,1.4390911,1.6159949,20
173431,-1.5323114,10.32619,-1
155107,7.8925967,14.236785,-1
31363,1.2079555,14.172572,-1
51898,4.2473516,1.9399132,27
109060,2.8962889,14.197371,-1
43335,-6.4294066,5.625302,-1
169946,3.0399337,9.63248,-1
202720,0.7393492,20.757307,-1
67101,2.0469017,-0.5907591,-1
144076,2.452496,3.6242838,-1
51814,5.160517,18.416063,51
90500,1.8032935,9.355951,70
114371,4.791929,6.096307,-1
188280,-3.4130025,5.3077497,-1
26697,11.927395,8.8652725,-1
85477,0.9644994,6.2126646,-1
165533,-4.9174857,3.1070917,55
95876,2.519701,3.5584812,-1
43636,3.1251023,13.921623,-1
156806,13.73244,9.372292,-1
132174,-1.9438149,5.266755,10
163619,6.5322433,7.780826,-1
77211,14.331842,-0.6993347,111
13112,1.02601,7.5159965,-1
136146,7.9437337,1.2589041,106
51561,3.770378,-0.55290383,-1
92391,-6.692468,-7.2509136,89
59024,5.4729576,6.773101,-1
173718,-0.8388258,0.18594977,0
18577,6.4502425,4.3060493,-1
170707,-1.2613652,11.486023,-1
59015,-0.35115638,10.555755,-1
90725,-6.08036,12.545715,-1
41920,1.6473374,16.39185,35
132027,-4.70748,10.8192835,-1
58357,-1.8858463,5.3285294,10
90610,20.038057,1.4208329,92
134598,-1.0747721,11.238109,-1
6371,3.9833255,7.6494994,-1
124638,0.24295367,10.377446,-1
78993,3.314412,3.7546046,-1
85548,-10.361082,10.060164,-1
35628,15.230501,-6.177411,102
136018,2.367117,9.467408,-1
28233,-0.6747141,11.989351,-1
76445,6.219591,16.059862,-1
43539,-15.209755,11.743205,89
88794,2.748841,8.628428,-1
192720,0.739355,20.757374,-1
183372,3.9886339,7.6514993,-1
101759,11.096716,14.03372,-1
119411,0.021300055,0.9459351,-1
51746,4.2325087,10.225387,-1
122156,-0.5258213,14.525107,-1
165297,3.2200089,2.2884781,-1
93430,0.05995752,5.3274455,-1
163646,6.0665526,6.973642,-1
110224,-4.1853004,3.4107316,-1
15991,2.7566853,5.966563,-1
142106,-3.916504,3.3240814,-1
109213,-0.9190535,3.027025,12
108096,0.4032108,-13.765755,88
77119,-9.929983,0.77556944,-1
140764,-1.8209565,9.87675,-1
78851,6.3277917,4.5276933,34
38947,6.6972275,-3.7769516,-1
80042,5.165535,22.915842,-1
135760,0.76667124,3.0820758,-1
80057,-6.575113,6.6107683,-1
97724,-12.528608,12.83642,111
157698,8.604223,6.7842774,-1
67745,8.312104,3.3203056,-1
101059,-2.450628,15.781775,-1
143256,-3.7758462,3.0812368,54
87103,8.343966,13.564756,-1
75981,-8.332285,2.1980476,-1
1006,-0.75512743,0.21186964,-1
75980,6.732026,7.357021,104
160455,1.4170269,8.169724,-1
143282,0.6089126,4.003842,-1
3706,-1.2789441,11.466014,-1
198441,0.6496232,13.83203,-1
143331,6.4377956,7.164025,-1
87099,5.4835653,7.3782415,-1
113433,5.323231,5.988421,-1
41048,4.020598,3.6243217,-1
172720,0.7393628,20.757368,-1
10819,7.4135947,7.573574,103
166139,0.4595138,7.089651,-1
42720,3.2002578,1.5843723,-1
97746,2.213926,16.258217,-1
6717,-0.840364,0.1859045,0
108698,-1.0068101,11.518057,-1
142941,-9.931543,0.772224,-1
92518,3.4872563,14.348603,-1
19555,3.5207636,9.722365,-1
59673,6.7737155,7.361504,-1
42718,3.7422032,1.0845642,13
184906,-15.399308,8.50058,89
142990,-1.8689345,26.871712,89
31011,4.671406,9.911674,-1
16457,-12.528635,12.836445,111
178007,-0.7535785,0.21179968,-1
79961,-4.4567194,3.1210682,-1
142855,-0.20536184,6.5858564,-1
78870,0.891566,6.908903,-1
52939,17.603764,-2.191282,63
142820,22.361929,7.5501037,74
155998,10.952631,26.266714,102
54489,2.370526,9.676063,-1
155839,5.9140644,2.1374311,15
52461,16.99852,2.4833636,26
183718,-0.82232475,0.17158547,0
202690,-1.6813993,12.345605,-1
166110,1.6330453,6.5584755,66
124371,-3.620594,3.3342195,-1
12621,6.303852,12.001545,-1
67942,-2.9215937,-0.26235792,-1
124380,-5.1803465,22.654263,102
142541,2.8981428,3.6332462,-1
156405,-1.2817134,4.391151,-1
188007,-0.7537982,0.21160346,-1
175296,1.8435028,3.135504,-1
108951,1.8383445,15.867787,-1
2476,14.335373,9.568587,32
176947,-9.797824,22.511265,89
10723,-0.45280904,7.651351,2
26470,-0.6441207,10.344383,-1
97635,1.1749943,5.8308983,-1
43220,2.7481637,8.619138,-1
142459,0.22136551,0.60313475,14
43224,-7.09222,5.4860973,-1
42236,2.4984713,8.983028,-1
76333,1.1178545,14.242166,-1
156483,-0.9535046,6.0007467,-1
95565,4.7483983,10.388689,-1
36215,-2.7598279,14.669207,-1
40920,5.4671016,-7.0586557,77
203124,2.0324938,10.216872,69
52338,-2.0451543,6.6132665,-1
54618,3.7608042,19.32851,-1
164318,3.6005623,4.8438945,23
205296,1.8380576,3.1389072,-1
35679,0.12972417,11.201681,-1
119144,-3.947722,2.322897,-1
79779,-1.7793955,5.4570527,-1
113842,3.216987,9.761587,-1
43105,5.8224354,2.155904,15
26493,3.989142,8.174173,-1
80282,13.332068,9.145915,-1
38790,0.9310937,-4.3747964,68
59485,2.477643,3.342245,-1
163913,16.993336,2.4879627,26
178280,-3.4066198,5.3045387,-1
196947,-16.800097,17.564611,89
99672,-3.4491723,1.8466315,-1
78770,-4.2456875,12.50268,-1
76260,1.3102692,7.017183,-1
88245,15.230361,-6.1772466,102
112116,5.917394,7.7249775,-1
85492,1.8323606,3.218641,-1
15895,7.7432537,6.8972535,-1
3459,0.45482734,7.5195975,-1
187170,-0.73322946,12.335451,78
72221,0.14788385,0.75246084,-1
61666,3.4929407,1.9982618,27
134945,-15.39931,8.500581,89
86787,1.315132,12.162626,-1
157157,-4.02422,3.9576275,-1
182720,0.7393799,20.757376,-1
35561,0.37426844,11.402494,-1
8295,1.8074718,3.099405,-1
109621,9.807532,10.689319,-1
182690,-1.6810004,12.345291,-1
23701,3.609427,3.2626016,-1
173124,2.0453467,10.22819,69
86821,2.5519717,-7.699678,102
87502,4.082494,6.9671345,-1
20625,-2.9455297,11.572529,-1
58761,2.6401284,4.741305,33
61771,2.6662073,6.9429455,21
135041,-4.532643,3.7280312,55
146169,1.0939,12.414559,-1
135535,3.2402287,6.345385,42
125417,-10.545754,6.0956907,64
20666,1.1906033,6.7316666,-1
16847,-4.900086,-0.7548588,104
140295,-1.5937895,16.13553,-1
70668,-4.553478,12.928958,31
11298,9.046745,16.360268,95
145520,-5.140267,3.380964,-1
53849,-3.6520805,6.058381,-1
160068,2.2787447,29.055737,89
145566,-1.7221628,5.3462667,10
16832,-14.930058,6.2666473,89
100089,15.733567,19.812727,89
33848,3.189274,13.540386,-1
141424,0.27930206,5.7237434,-1
99156,-0.5166202,15.216013,-1
81030,6.141142,-2.867619,-1
197170,-0.73369384,12.336361,78
125330,1.6307461,6.561709,66
166524,3.0619879,11.517499,-1
157102,-0.3517835,16.333004,-1
53897,-6.1696806,8.602774,-1
38490,0.5577311,15.24,93
15693,4.096733,4.722673,-1
6123,2.0451682,10.209615,69
176589,-5.722031,8.76558,-1
106942,20.356504,14.451086,88
140312,-11.978267,4.1119657,94
32082,-3.7345428,1.5044457,-1
153866,4.0838876,3.2612536,3
102520,4.809241,9.913728,-1
106767,-7.090419,3.6431768,-1
62042,-3.6001892,2.0969927,-1
71006,3.206205,7.299201,-1
110566,7.330588,14.390122,-1
166734,-2.5351856,-1.4568835,62
130788,1.8049313,9.631696,-1
106764,2.2673547,16.253092,-1
72382,20.775017,9.755382,92
1440,0.6496279,13.83296,-1
16993,8.11255,7.4353213,-1
118010,-9.444082,11.856913,66
40593,3.8906918,10.223509,-1
98068,5.3853207,0.053136084,-1
177170,-0.7556702,12.354423,78
106719,8.31096,14.438137,-1
106717,-2.5411422,18.030457,101
69311,-7.1439567,8.267214,-1
112595,5.0867248,18.33062,51
173372,3.9891615,7.649178,-1
141494,23.593212,1.7644335,102
140141,10.185644,10.649935,-1
71049,-15.356395,10.273223,89
84903,1.366746,10.937331,71
118135,13.430285,16.721148,65
109632,0.73656833,5.56346,-1
92679,7.0136566,7.592966,-1
153982,3.7276454,14.198356,-1
72287,2.7959244,4.5467224,-1
146396,-3.7415092,3.0471232,54
32042,12.381561,8.969575,32
102440,3.5027585,7.98402,-1
94298,1.6033736,10.7189045,-1
53988,10.257861,5.5036297,70
69267,3.8711333,7.6637607,-1
39361,4.4717007,10.191542,-1
114920,2.6241024,3.0635445,-1
88984,5.0256314,9.849433,-1
71018,-0.3882606,12.102543,-1
88986,2.4310768,9.623271,-1
9114,-2.285621,6.8345885,19
163110,8.509371,6.8977103,-1
4304,-1.687641,12.351563,-1
78483,14.331277,-0.6991224,111
206589,-5.724265,8.76844,-1
133664,6.6753564,-3.7698996,-1
140370,5.0524526,18.225573,-1
114498,3.6495113,4.805862,-1
27924,-1.2682892,9.282805,-1
123066,1.9503917,12.617569,103
144842,3.065432,2.138521,-1
26739,18.318113,12.449675,100
11042,2.9443612,4.594874,-1
157376,12.62045,8.942825,-1
145108,0.22779606,10.850454,-1
20354,23.593227,1.7645977,102
156856,3.6388755,-0.54934686,-1
186589,-5.723691,8.761059,-1
90528,1.8789306,2.219453,-1
134758,4.8349905,10.453615,-1
41816,3.0615544,6.076567,-1
144929,-0.46441144,2.5459445,-1
51323,-4.4098473,2.8606339,-1
33946,4.752305,8.032745,-1
141754,7.4209642,7.583823,103
79339,1.8173363,8.7850275,-1
18526,-9.223753,8.251798,99
66661,3.4515004,14.425952,-1
183124,2.0052714,10.239024,69
54949,4.0555115,-4.2579856,-1
160820,-5.1706233,14.61153,59
188441,0.6491607,13.833355,-1
109334,0.941868,11.20613,-1
76580,-0.49810737,12.015524,-1
198280,-3.4195292,5.311165,-1
186947,22.145336,0.677724,89
196407,4.242922,10.336774,-1
145418,10.232546,10.7065115,-1
158144,10.247912,10.546087,-1
158161,6.488244,4.849948,-1
141312,-13.355442,17.608318,89
43755,-3.9251702,3.7209163,-1
3489,-4.4582906,2.4424882,55
80752,18.659306,20.22889,88
160071,2.9047039,3.8258674,-1
191305,-1.689245,12.352255,-1
199477,14.332194,9.569602,32
144773,-2.1110625,6.994094,-1
125273,-3.7626722,3.834339,-1
86726,20.775143,9.756365,92
41913,1.7498655,15.974907,-1
185941,13.805844,21.676842,102
89623,0.45298687,8.737366,-1
150134,-0.45245576,12.059974,-1
37368,4.5611796,10.038326,-1
16955,-3.684661,5.7800174,-1
54230,0.70916176,3.9265418,-1
129329,-5.953344,-1.7902118,-1
129446,-5.757105,8.7405,-1
129447,12.722187,6.6397743,66
197210,1.4036891,10.9897995,71
198435,2.9932575,1.7703255,-1
111278,3.9222364,2.2262526,27
185925,-7.379171,8.211171,-1
90359,-0.63932383,10.361766,-1
162237,-1.8689512,26.871689,89
141267,15.77086,13.737215,96
189400,-18.52059,9.486123,89
138047,11.021147,12.913637,-1
8231,18.410305,5.114117,64
142744,3.02965,1.0506188,-1
129275,4.6833825,1.8812739,-1
59041,0.8322091,5.0350733,-1
79431,-4.3961916,3.650219,56
79797,13.806063,21.676838,102
34438,7.345416,9.370482,-1
162129,1.8180095,1.9980682,-1
53664,4.7881794,6.5771847,-1
35905,6.1320243,-2.8429554,-1
165744,16.99937,2.482621,26
1434,2.9925628,1.7680503,-1
56214,-2.5352166,-1.4570229,62
167374,2.0550737,8.053728,-1
8366,-0.6025995,6.181825,-1
79427,3.9517555,14.348049,-1
172429,3.6962326,14.559799,-1
184042,16.78362,-1.7169755,63
1539,21.50036,3.7902136,61
150846,-5.180307,22.65426,102
137964,3.606166,4.7524157,-1
111009,7.5170712,0.85011894,106
35821,-4.1556907,5.9041424,-1
142746,-1.9128711,0.9313633,-1
5428,3.690636,14.547142,-1
63198,1.8587054,16.104946,35
7150,3.7192733,-0.31048,-1
90573,9.792906,10.67712,-1
37522,-1.8155059,5.382575,-1
82866,-0.23799308,5.15423,-1
35163,-3.945465,3.8757744,-1
129351,1.8921546,-0.8160983,-1
200874,15.200275,13.782512,96
79037,3.3136013,9.820861,-1
63517,-1.9838707,9.585678,-1
198903,6.4357285,0.7736598,-1
91806,-4.1261907,3.3782027,-1
90485,18.318457,12.0027075,100
113138,-4.4982343,3.0237982,-1
7041,0.98417777,-10.176133,63
187210,1.4308262,10.965312,71
111143,0.08958045,9.108282,-1
200755,17.86079,8.223099,77
78917,-1.9173437,9.59146,-1
2016,7.311055,14.537446,-1
134366,-3.43129,-0.038009167,-1
150266,7.9345837,10.461595,28
32902,-9.564329,14.010865,-1
187374,2.069242,8.06465,-1
19062,2.9628177,7.6462436,-1
174325,-0.93747306,5.073277,-1
142218,6.0607867,7.467016,-1
76917,2.2786157,29.05581,89
34724,-7.3075047,8.190956,6
73813,-4.0196433,-11.398342,89
53915,18.659204,20.229006,88
89595,-0.48514456,12.641543,-1
135568,0.7347285,20.745054,-1
113163,-3.0537724,-0.3135625,-1
47111,6.176979,11.997362,-1
47100,8.111915,10.983934,28
180874,15.770743,13.737262,96
63792,4.408064,5.0987,25
76404,21.500624,3.7899742,61
16833,-1.0872167,7.609884,-1
37290,2.063008,-0.5418231,-1
134874,10.544288,21.504305,98
112863,3.8443453,8.003316,-1
142285,0.18473192,0.63075995,-1
78920,-1.1247295,18.99825,83
90621,2.38689,5.855728,-1
128474,-8.712399,-1.057917,97
76989,-7.295055,8.1980715,6
79740,6.4033184,6.7890296,-1
109628,-0.9045927,3.018937,-1
16906,17.86121,8.223182,77
141334,4.5677094,7.5764804,43
142654,-6.858635,10.445669,95
112910,0.9283104,11.328948,-1
205232,-10.54641,6.0956435,64
135101,-4.129788,3.2644727,-1
135652,14.349239,4.6352344,86
141875,5.7063565,14.226701,-1
33076,-1.1095332,11.942478,78
19229,2.666398,9.238091,-1
37345,4.73032,1.8162024,27
94040,14.331381,-0.69881773,111
164806,-7.227509,8.222373,-1
113393,23.593248,1.7645088,102
164081,0.10366106,8.547973,-1
184151,3.7177856,-0.32090732,-1
53944,2.7805676,7.821906,-1
34517,22.361977,7.550087,74
116312,-1.2940927,8.510505,-1
56268,8.837621,-12.207891,89
135004,4.0248795,2.030318,-1
134794,-4.2932734,12.636636,-1
184325,-0.9403584,5.0717764,-1
165335,5.0807176,9.657601,-1
198540,21.500866,3.78973,61
164787,0.18186529,8.215646,-1
63383,0.019951077,11.255388,-1
35974,3.7028987,14.562443,-1
53166,12.250642,-8.276417,92
180755,5.468886,-7.0596595,77
37419,10.543875,21.504196,98
77950,10.594207,10.955988,-1
140035,2.328754,10.560248,-1
94640,2.6541243,9.0590515,-1
112090,4.1402407,3.4834535,-1
183106,1.8233618,10.076107,-1
8940,13.806923,21.676987,102
57667,-4.9002066,-0.7550261,104
94953,4.6597986,10.679409,-1
186330,1.1854861,14.814016,-1
91703,1.9576917,3.3761888,-1
15338,-2.0327706,6.639703,-1
49243,2.0592287,-0.602811,-1
139534,5.7927494,7.3415365,-1
140378,-1.5694052,10.32067,-1
139568,1.775897,1.4361178,-1
162872,10.234666,10.286774,-1
145271,3.0214546,1.151607,5
188435,2.9932525,1.7681382,-1
107416,5.1610556,18.416565,51
196330,1.1848423,14.813898,-1
94395,3.0404584,1.0063145,-1
5781,-2.0492141,11.834176,-1
110460,0.42490268,8.928949,-1
107374,-3.200882,1.3793957,-1
90794,0.772663,3.037795,-1
205367,-0.60557896,6.1795015,-1
75285,14.3405075,-0.7144945,111
49324,6.0032806,6.970468,-1
107299,4.7217526,10.854884,49
7945,15.339066,-8.822342,74
8924,-7.378906,8.210787,-1
28713,1.6810194,2.7744806,-1
106395,15.529085,24.69096,88
144600,6.123752,6.85914,-1
81936,-1.6530417,3.8327188,-1
136334,-2.131727,7.0704656,-1
132217,3.3386538,6.510697,-1
144423,-3.5648632,1.9541274,-1
148142,-4.422969,3.0609686,-1
130265,8.128267,8.010088,-1
95127,6.089673,14.191795,-1
148087,1.386311,10.966779,71
195941,10.952642,26.2666,102
189017,7.3114295,14.537692,-1
90189,1.3010637,10.8182955,-1
89889,1.7106665,9.83525,-1
132113,4.0326138,4.539919,-1
107707,2.5856538,3.8427663,-1
148041,-13.702519,-2.989582,111
205009,4.2417784,15.299199,-1
62475,3.1507351,4.5865765,-1
205941,9.670252,23.36658,102
196468,3.0760593,-0.85334855,-1
148011,2.2370255,3.8633366,-1
62469,0.967015,7.351271,-1
131931,5.990573,7.4295416,-1
51370,8.357071,13.54714,-1
75447,7.3667393,9.362074,-1
78250,-0.2477397,7.856198,-1
114428,8.30021,13.565487,110
114483,18.022715,-7.349987,74
114486,0.7716574,27.323277,74
62468,4.5507345,2.109173,-1
114497,2.655675,2.6774693,9
188903,6.436063,0.7733345,-1
21095,-6.0959263,12.594986,-1
142964,-0.8998526,3.0143452,-1
199939,3.757394,19.318417,-1
28489,3.4824774,4.4868307,-1
75105,-11.97822,4.1120152,94
166620,0.9655983,7.393286,-1
166621,-5.515537,8.922813,-1
81272,-4.01963,-11.398415,89
50267,2.5385728,3.8201673,-1
15418,-11.304837,19.718538,89
36692,-0.9456457,5.96457,-1
146489,2.60379,9.764596,-1
81559,1.790299,1.4212582,-1
15544,-1.6955962,3.8353987,-1
199950,3.9311886,0.32567984,-1
75014,2.287949,1.7470696,-1
186468,3.0791185,-0.85471374,-1
137089,4.239652,2.2074556,-1
136964,4.4709954,7.616706,-1
130656,2.1068258,-0.51624393,-1
15462,0.41665608,8.681878,-1
166760,3.5769074,5.005653,-1
173106,1.8188336,10.085805,-1
36761,6.1577573,4.7341,-1
94252,0.57905644,9.22526,-1
74953,3.2557461,1.5951296,-1
106720,1.5952761,16.0181,-1
74938,-4.2679214,3.0438113,-1
146729,0.8075369,14.723838,-1
62093,12.984523,8.983949,-1
182429,3.6883209,14.548133,-1
36783,15.974215,-9.075188,74
61806,-9.931607,0.77222013,-1
20626,5.3894267,7.406571,-1
137155,2.005047,2.642499,-1
185367,-0.6145217,6.1876383,-1
20468,6.5628376,4.517908,-1
188540,21.5011,3.7894633,61
115227,-4.1228,5.755523,-1
50750,6.2715034,7.1915836,-1
77357,-1.0829382,8.289379,-1
131428,-1.691794,3.821605,48
174042,0.984231,-10.176093,63
172782,-2.030375,11.858086,-1
28681,-6.9500175,8.1130705,-1
115203,-4.049365,3.0793304,-1
94346,0.4781108,11.095441,-1
90791,17.92832,5.25886,64
8008,4.242941,15.296406,-1
96150,9.04944,16.35939,95
182782,-2.029391,11.857435,-1
81161,-2.1777647,9.423954,39
27677,8.1349,3.1738818,57
185232,-10.545795,6.0955944,64
6105,1.820461,10.083534,-1
95184,5.3555546,11.574471,-1
140231,6.1355324,27.36746,88
81122,4.669936,2.9577665,-1
204946,18.022682,-7.350048,74
89948,6.6970305,-3.7759902,-1
198204,-0.30409795,5.399504,-1
146025,-0.43953013,9.668526,-1
81621,-11.97762,4.1124516,94
163223,0.8979969,6.553433,-1
200012,-11.731937,-4.784716,91
199400,-9.358591,-11.616024,89
9329,1.1831129,14.814288,-1
48989,3.6856177,4.6621466,-1
165135,-1.5533068,10.359101,-1
80078,4.0181217,8.656922,-1
129554,2.371818,2.5441802,-1
82343,-1.6567334,15.478671,-1
52509,-4.534869,12.890061,31
113706,-0.8791265,-3.3605814,109
1902,6.4361606,0.7733486,-1
54569,-7.6104336,17.872902,107
184946,6.7140517,-10.40154,74
9467,3.0816183,-0.8545359,-1
143564,12.225782,9.102729,32
54599,-2.460032,12.4853945,46
143566,-2.975079,10.801665,-1
80214,5.1082096,9.837585,-1
110107,4.0932636,2.2861052,27
18740,0.23527788,0.67672396,-1
52303,0.21053398,8.450918,-1
166034,-3.5922399,1.9636843,30
90276,0.22501618,9.375455,-1
77098,5.1647844,22.916744,-1
77647,1.8465586,15.787866,-1
173628,9.049294,3.4433749,-1
89820,-0.65962505,11.979773,78
82244,3.7094004,10.1869955,-1
80276,6.3629875,4.598219,-1
95257,10.211091,10.718799,-1
185009,4.244136,15.29728,-1
174151,3.719387,-0.32129434,-1
74356,-17.532463,11.479577,89
77033,-10.272206,-1.6856313,77
143242,4.72751,9.423672,-1
115482,2.3907323,6.2381716,-1
94092,-1.8637674,5.3396215,-1
94637,2.1238983,-0.565393,-1
35141,0.73458207,12.139189,-1
77010,3.2747014,4.7271357,-1
984,4.9018035,10.113884,-1
199017,7.311561,14.5380535,-1
149428,3.061404,14.392147,-1
91786,1.3182248,1.4956306,-1
138922,-3.4546287,2.0246084,-1
48025,12.550963,18.332726,105
59840,5.268116,11.454502,-1
197985,4.9018335,10.108382,-1
142993,-4.7173324,9.2369375,-1
78859,-0.009329484,11.928239,-1
28755,-4.159245,5.9091716,29
143006,0.8589488,5.126775,-1
6627,9.049618,3.443118,-1
140979,0.3048868,11.368219,-1
143031,5.4211955,7.1750345,-1
59908,3.6533816,2.2536833,-1
90660,-3.1927722,2.1663723,-1
54540,2.1767023,9.868774,-1
143141,0.4115118,7.135405,-1
113635,14.499508,-1.0575866,111
110980,-0.4345184,12.102079,-1
55974,2.9894154,5.1960692,-1
48169,6.7140346,-10.401514,74
80052,-0.38117847,9.14094,-1
96315,7.9742017,16.689589,84
80063,1.8384182,15.725579,-1
165905,-8.179929,0.06327351,-1
140837,3.2191157,2.6204371,-1
110164,4.693785,9.622496,37
80334,-1.2093244,9.51745,-1
107921,7.8665657,17.59071,-1
74460,4.7670465,9.459092,-1
36261,2.475577,2.3406234,-1
94129,0.32207924,11.394971,-1
107979,3.4107828,-0.47839385,-1
46775,-4.966538,3.3246226,55
48770,1.2702852,14.188962,-1
148445,7.0075564,8.194089,101
77606,-5.017737,10.751964,-1
74479,-7.546447,10.795319,-1
7324,-0.93580526,5.067751,-1
205925,-7.382279,8.212229,-1
90701,-1.5099188,9.205285,-1
137626,-3.929891,3.7328086,-1
162762,5.159398,9.535587,-1
51799,-2.4465141,6.9397526,-1
57379,-15.95306,2.5416706,87
1203,-0.3002662,5.4089007,-1
132304,-3.8207355,5.609704,-1
188204,-0.3170063,5.390397,-1
106055,-5.1422462,3.0623264,-1
148315,-7.6093245,17.873198,107
136030,-1.5932536,5.553126,-1
111626,0.80076045,5.0679436,-1
80567,-5.5062113,8.888565,-1
60937,-0.81543005,10.836555,-1
195925,-7.379335,8.210254,-1
115495,4.0102663,5.6521425,-1
48975,-18.520401,9.4862995,89
91489,2.7765207,-0.6609301,-1
80463,-5.42303,6.953045,-1
95242,-2.7064054,7.795305,-1
162733,8.5671425,2.6699913,57
62880,5.7804227,9.609259,-1
183628,9.049892,3.4430106,-1
48518,-5.5589013,7.262186,-1
52080,4.702923,10.335695,-1
187985,4.909208,10.11551,-1
60552,-1.6960304,5.488463,10
15079,-7.076069,3.6264954,-1
197374,2.072494,8.076897,-1
112273,-5.1479077,3.2006342,-1
27577,16.487526,4.698747,80
143907,3.8747375,7.849372,-1
19940,-3.723854,1.8447175,30
143948,23.593277,1.7645955,102
143951,-0.53396064,3.084913,-1
80385,3.736464,1.695775,-1
80387,-0.32023323,5.8733807,-1
80392,3.3006418,4.4881825,-1
80399,6.4180136,7.076982,-1
54700,6.2552714,11.321373,1
51932,3.748182,-0.56866163,-1
108073,-1.3179766,4.333375,-1
82125,0.77805996,3.8689473,-1
105902,4.791833,10.436169,-1
132499,2.3840916,2.9106297,-1
82116,-0.5248624,10.876649,-1
78741,3.0286076,22.337828,50
21403,-3.9115653,3.2549393,-1
167210,1.4045135,10.989058,71
164934,2.0157492,2.9647639,-1
96056,22.145332,0.6777346,89
56395,-1.7307379,9.202227,-1
38714,0.19775519,10.883264,-1
160277,2.3484173,3.9585187,-1
119145,2.549224,16.457138,-1
123713,4.5089645,3.046342,3
169400,-5.637475,25.450846,89
84126,12.44305,-4.8344965,-1
156301,4.3583765,1.8179489,27
123562,0.5239214,9.219869,-1
42330,-8.912297,-5.9017425,110
103542,7.9251857,10.540542,-1
86351,1.9924883,-0.5011193,-1
67959,8.690013,6.7538815,-1
97833,0.98053753,11.760753,-1
156478,-4.8671784,3.640363,-1
24892,4.0824666,9.607907,-1
160240,-3.817322,3.182379,-1
179950,3.92832,0.32116506,-1
194042,17.172216,-1.8246963,63
170755,5.466553,-7.0601482,77
127017,-0.14448118,5.394072,-1
100507,3.45081,14.308513,-1
10039,0.26440343,11.677431,-1
168204,-0.26992017,5.377322,-1
88477,6.276498,11.042148,1
123344,-1.5955518,11.512864,-1
202782,-2.0285234,11.857638,-1
86518,3.7756793,1.5962155,-1
67781,-0.9730439,2.8780468,12
160337,6.764804,6.60359,-1
117256,-2.2687516,3.6458743,87
92521,2.1121078,6.5818324,-1
152767,-3.845451,3.430934,-1
155791,12.250682,-8.276427,92
88631,3.656624,2.4000845,-1
118948,-3.8501792,5.887286,-1
124021,14.499568,-1.0576711,111
175367,-0.59958625,6.1832037,-1
23063,-3.682656,6.0289416,-1
124020,3.655982,-0.6078382,18
194151,3.7240005,-0.3146763,-1
123949,15.528937,24.691103,88
12757,0.78274363,6.063622,-1
204042,13.631294,-5.5872483,63
65344,0.44436753,11.345295,-1
177985,4.899656,10.104189,-1
204325,-0.9365516,5.0704355,-1
3754,4.3754153,-7.193779,77
24501,-7.182035,5.196324,-1
97744,6.2349515,6.5778112,-1
155943,3.0285985,22.337864,50
42680,0.38837132,3.4526827,-1
119016,6.193103,6.5820665,-1
195009,4.2440763,15.300045,-1
209,1.3947427,10.997471,71
71463,5.3565817,0.02758881,-1
152139,7.7236094,24.305464,102
180012,-11.731786,-4.7852635,91
96824,10.663611,16.175623,-1
203106,1.821542,10.082286,-1
161761,-1.6158032,10.043157,-1
86945,3.6847627,1.183609,13
99846,5.609129,2.0027628,-1
83737,2.9121058,2.771628,-1
122686,0.19216327,10.89353,-1
122656,-2.0310712,11.853089,-1
96842,0.88012755,11.205729,-1
73281,5.236719,-0.036809415,24
41242,-1.6919926,10.022644,-1
119786,5.7757387,2.1497684,15
39176,3.2254362,4.2956333,-1
12224,1.946356,3.4078505,-1
64681,5.8206706,2.1542046,-1
39398,-17.532473,11.479665,89
159813,10.1667795,21.448586,98
41102,4.0830092,6.2443357,-1
68778,-1.212445,4.386647,-1
41096,-3.9249783,3.792476,-1
122429,-7.146607,8.337009,6
70802,9.603849,0.25833318,70
46217,-0.35994807,7.563361,2
12165,6.4068165,13.893864,-1
157328,-1.994274,6.576001,-1
157326,0.822615,6.330705,-1
70997,-1.2212955,-2.167951,-1
41479,4.5737147,9.368352,-1
37924,5.0874753,18.331419,51
119470,8.774391,2.2295222,-1
83898,12.449339,-4.8394217,79
12472,-8.912246,-5.901656,110
86578,-0.44981965,7.227504,-1
100305,5.087571,18.331459,51
41887,10.221188,10.630234,17
160099,-4.900687,-0.75309354,104
177374,2.067816,8.069474,-1
24991,6.2374945,11.0106735,1
71110,3.15015,13.597266,-1
127196,0.06685263,4.8063235,-1
41719,3.2678633,4.7230396,-1
119529,14.204796,9.411505,32
26364,4.433697,5.1575766,25
123008,-4.3749995,2.4206543,-1
64872,-11.736771,-4.7800713,91
177210,1.4093902,10.9996605,71
192429,3.6953492,14.554578,-1
117072,0.23365802,11.139976,-1
122880,14.499326,-1.0572371,111
86860,3.3878727,7.3220415,-1
119636,-5.6375093,25.45089,89
68461,1.288803,14.205908,-1
206468,3.0794487,-0.8575804,-1
24429,-4.187724,3.790902,-1
32267,2.2785282,29.055885,89
154481,2.7595897,5.2672343,-1
97263,-3.4048326,2.1788003,-1
66515,0.40332413,-13.765744,88
204151,3.723362,-0.33160943,-1
72444,-2.1188738,6.637967,-1
85258,16.831717,-2.4271722,63
102056,-0.5253878,9.782965,-1
160823,3.5338838,14.711043,-1
44562,4.016032,9.518034,-1
125110,-1.5024276,9.238283,-1
101983,9.695092,-4.593998,38
10561,10.836237,-0.25449497,-1
38327,15.610923,6.3254857,52
194946,15.339187,-8.822352,74
125040,0.5854541,12.341552,-1
101902,6.337612,7.2124987,-1
23446,6.4083567,14.842708,-1
23443,6.4517016,7.1038227,-1
168540,21.50141,3.7892027,61
175009,4.244424,15.297554,-1
154555,-8.052395,17.705288,107
373,2.0715978,8.069083,-1
44642,1.0711381,10.47247,-1
23957,2.9041314,9.709083,-1
92390,1.3265592,2.9018254,-1
66825,-5.7199636,8.780267,-1
72119,-9.937491,0.7640099,-1
23849,3.970919,3.3008835,3
93549,3.878048,7.807145,-1
30048,2.4397352,10.152095,70
72299,10.23089,10.689244,17
160944,3.2625499,14.136837,-1
118116,-1.9875624,6.622698,-1
179017,7.311159,14.537861,-1
97408,22.14533,0.6777304,89
38448,0.19700128,9.622142,82
93522,0.8918557,11.828275,-1
118070,0.10929875,8.825018,-1
44338,-3.4399002,2.1580684,-1
102525,-6.067866,-2.778427,86
125692,-1.5700982,10.297264,-1
118039,6.1352706,27.367561,88
72378,-1.977928,9.383773,-1
178903,6.435932,0.77338827,-1
125400,3.3564584,2.2726638,-1
13440,-4.4519153,3.5770879,-1
44433,0.75177884,12.317403,-1
72189,2.972049,-9.598844,84
13293,15.73362,19.812756,89
102128,-7.1857557,4.1102905,-1
72150,6.5282235,6.800689,-1
2399,-9.358637,-11.615954,89
125300,-15.953101,2.541691,87
31900,8.244991,22.406282,63
66866,-8.171385,13.619983,-1
118543,2.6757426,9.222055,-1
168903,6.4362674,0.7734022,-1
118788,0.25228187,10.949192,-1
12865,4.736824,10.868659,49
31681,7.3639965,9.3551445,-1
202429,3.6918123,14.550552,-1
168435,2.9944499,1.7634293,-1
155354,0.0799751,4.804459,-1
71682,1.4662036,6.6165285,-1
43097,-0.41194257,10.130564,-1
71680,-8.122553,13.569644,-1
3873,15.770747,13.737297,96
126416,18.15833,6.7853575,80
170874,15.770725,13.73729,96
45085,6.384975,13.827085,-1
152941,3.2619207,-0.4211085,-1
152913,-4.364338,12.710912,-1
178204,-0.33880833,5.3900666,-1
155578,-4.149844,3.357367,-1
88666,3.0158765,11.589311,-1
101182,4.0081663,8.245292,-1
97700,-9.797662,22.511135,89
101165,1.6262683,24.987614,53
85926,3.0966709,9.733373,-1
38085,3.332743,8.286893,-1
152800,8.05014,10.902479,-1
45260,-0.9655628,2.887149,-1
12884,4.2822285,10.524413,51
84435,-8.319628,10.612237,-1
124718,3.6536994,1.1455511,-1
190755,5.467985,-7.0598025,77
71917,-2.1032898,6.7334867,-1
44724,6.358857,7.2081447,-1
178540,4.678411,-13.773963,61
84585,4.3761835,11.696563,101
84571,1.3712263,10.893601,-1
179400,-6.6925435,-7.251289,89
102965,-7.2092953,5.2769914,-1
175232,-10.545869,6.095485,64
43511,6.1480618,4.4016385,-1
190874,15.200464,13.782566,96
126056,-1.1437731,13.291489,-1
65828,0.4588788,8.808204,-1
194325,-0.9382769,5.0661535,-1
178435,2.994332,1.7693993,-1
44850,0.11798198,5.359057,-1
155061,-10.546715,6.0953856,64
174946,15.339596,-8.822483,74
169017,7.308947,14.537312,-1
101516,-1.1805274,13.339059,-1
72693,0.22087237,9.370551,-1
44921,-1.6001124,11.514361,-1
92457,4.3401628,5.3469443,-1
44947,-0.14972237,5.099991,-1
43221,-3.4026608,1.3694202,-1
169939,3.7573144,19.318626,-1
179939,3.7573,19.318249,-1
40371,-6.982149,-9.056834,89
99251,1.6467675,10.109648,-1
92741,6.370625,4.6317544,-1
70630,-0.8756654,-3.380232,109
120439,18.536499,-4.915316,88
98701,-1.561755,9.232508,-1
46452,-4.0168247,5.8469315,-1
46310,-18.520191,9.486492,89
190012,-11.736468,-4.7804685,91
39644,1.626281,24.987638,53
68912,-8.910959,-5.900179,110
175941,15.230173,-6.1769304,102
70051,2.0011656,9.134057,-1
2938,3.7573338,19.318027,-1
46551,-17.532484,11.47968,89
73408,4.5186534,12.937777,72
83202,10.545342,21.504272,98
14441,2.3030045,9.66878,-1
25780,8.5226,-1.5413781,21
158618,1.1520169,14.080882,64
70602,4.2520866,6.9932146,-1
98574,-4.229077,11.239125,-1
40327,-7.5197477,2.7158518,74
93052,3.5656126,3.667463,-1
151001,-8.0509,17.707638,107
169950,3.9281046,0.32173997,-1
203628,9.05001,3.4429142,-1
88235,-2.4850929,12.118217,46
32568,-7.181699,4.1863837,-1
158027,0.6186862,5.0345707,-1
87716,0.28751245,11.682099,-1
195367,-0.5963713,6.184393,-1
3011,-11.737852,-4.779085,91
167985,4.90691,10.115681,-1
98752,6.2758374,11.833288,-1
69186,-1.5753855,10.328904,-1
99279,3.5029817,14.639259,-1
158009,4.6950703,6.488102,-1
92819,15.229965,-6.176763,102
99273,-0.92174864,11.67177,-1
195232,18.410147,5.114066,64
46616,-7.289658,8.200242,-1
161941,10.998532,24.04014,102
99418,7.8567824,17.744343,110
121538,-5.9534955,-1.7901287,-1
175925,-7.3795786,8.209512,-1
29757,6.3486357,4.5635653,-1
2949,3.934215,0.3244002,-1
192782,-2.0272553,11.857484,-1
157897,-13.702558,-2.989574,111
176330,1.1829817,14.815029,-1
46361,5.3044024,0.07405409,-1
120640,-2.6421568,11.179942,-1
120192,-5.7782316,10.795675,80
189939,3.7577178,19.318718,-1
122350,-1.4703851,21.369438,60
206330,1.1815517,14.813005,-1
120359,1.8577951,15.787759,-1
104088,3.508433,14.388932,-1
189950,3.9275103,0.31962246,-1
46375,6.7091227,6.22013,-1
12141,17.600624,-1.432304,63
176468,3.0816207,-0.8614512,-1
69452,4.093516,1.9798132,27
170012,-11.732155,-4.7843046,91
193106,1.8173096,10.085656,-1
193628,9.049704,3.4427948,-1
46353,5.9970455,6.9852805,-1
40931,8.426767,7.4771547,-1
87691,2.214467,4.366854,-1
159451,6.134022,12.251301,-1
159242,15.97425,-9.075139,74
4033,0.6154569,9.448501,-1
139065,10.998621,24.040125,102
160700,20.037907,1.4207772,92
163659,-0.93283886,6.0839014,-1
20014,20.037788,1.4207296,92
154712,0.18445988,5.441318,-1
132204,-1.0494059,6.0441504,-1
85614,-0.20060453,5.9733257,-1
137561,2.8954902,9.712011,-1
69593,-4.7378197,3.1802652,-1
166240,4.126963,6.545435,-1
172209,3.192133,13.428706,-1
10647,4.678415,-13.773948,61
120358,-1.6277044,10.895606,-1
121279,15.586887,11.288791,97
114025,3.760761,19.328325,-1
202209,3.1916811,13.432662,-1
101814,5.447309,6.8690615,-1
137568,6.030857,-2.536422,-1
75625,-0.20713328,11.340099,-1
205036,1.0952475,12.60178,-1
178472,1.8697529,3.6428912,22
11791,0.20219462,6.3736567,-1
7597,0.3842653,9.084899,82
114127,-0.2176653,9.453847,-1
11812,6.372433,6.5379596,-1
87797,10.260386,10.669648,-1
101704,4.5969367,10.043039,-1
198021,8.362214,13.545676,-1
188200,3.5276911,14.705168,48
132314,-3.8461707,3.694205,-1
95117,2.040497,9.292612,70
101712,2.3896284,10.073987,-1
132435,7.130572,13.721823,-1
66984,-2.9487915,23.991568,74
173697,5.172537,22.925926,40
10651,-1.6295896,9.110798,-1
60956,-4.54921,12.923786,31
17609,-0.9682109,11.211548,-1
168918,0.10425325,10.023784,-1
43538,13.430325,16.721317,65
118605,1.5115887,2.2803826,-1
175255,-1.4258777,5.3587675,10
114080,-3.9131117,5.8952465,-1
178482,6.577525,7.3975453,93
34953,8.535937,-5.9265957,-1
205921,2.5018685,0.6976632,-1
110707,13.580683,9.356554,32
166038,-3.6049678,2.0345483,-1
36185,1.8536233,8.798552,-1
176442,16.855488,-1.6894553,-1
60440,3.3462882,2.3283708,-1
95136,3.4457893,4.4666224,-1
158596,1.9921075,3.702871,-1
199204,6.0868607,2.1806216,-1
113845,-15.356309,10.273381,89
80277,-1.4703572,21.369272,60
186293,16.783955,-1.7170255,63
137468,0.22426642,0.58904773,-1
143703,6.4111094,7.0943913,-1
132881,1.04635,11.703357,-1
173629,0.7070517,4.0463567,-1
71683,1.2897447,6.7312813,-1
95793,3.3797667,6.5063906,-1
16246,-16.262903,14.46211,89
101336,-2.6619716,14.541742,-1
133030,6.3681827,4.5907474,34
42946,-7.869703,11.739392,75
183697,5.1726074,22.925873,40
101203,3.0187628,11.61497,4
143560,-1.1064984,6.1770954,-1
101207,-0.30085385,5.4505005,-1
67410,12.250679,-8.276528,92
169204,6.0859447,2.1802807,-1
101260,-1.0647453,3.1764376,-1
155506,9.801833,10.762094,-1
178200,3.5255365,14.719812,48
70514,-0.8229075,10.814303,-1
19818,3.4062696,7.1509595,21
118824,6.713981,-10.401505,74
166082,15.77071,13.7372875,96
202413,7.047024,8.218742,101
85654,-7.1446743,8.331944,-1
35089,2.0306005,10.277952,-1
55665,5.270085,0.076616876,-1
196623,3.9014778,8.009593,-1
67198,3.0243533,11.639857,-1
23969,-2.0673544,6.6338444,19
118763,4.795315,9.066688,-1
1199,3.5269344,14.714381,48
43255,17.171267,-1.8238323,63
163731,-13.061516,0.14104013,41
188056,6.231335,11.526842,-1
169096,-2.668383,7.8052473,-1
24182,-7.469612,7.2682524,-1
178378,-7.554706,10.806717,-1
95827,5.086959,18.330786,51
186242,10.432381,18.982811,82
98756,2.4740057,2.9689069,-1
8731,-0.929578,9.463571,-1
160584,2.278453,29.055965,89
198056,6.234313,11.502372,-1
183629,0.70986396,4.0484996,-1
139369,-4.246615,3.4989986,-1
18230,5.2857943,0.059792273,-1
67272,-4.0902333,5.8010483,-1
67264,0.88970554,14.695145,-1
163746,1.5062473,6.483119,-1
121536,20.775112,9.756217,92
155225,10.952702,26.266476,102
25724,-1.4703178,21.369146,60
199284,-2.0344472,-4.643762,-1
67239,1.7353752,10.288098,-1
113946,16.979643,2.4942234,-1
188021,8.374409,13.5337925,-1
196628,0.38918447,5.3937,-1
13121,-2.720477,5.1881695,-1
114397,0.5673001,15.284186,-1
206628,0.38514847,5.398292,-1
111331,-3.480325,6.989088,-1
138228,0.8947613,4.693019,-1
85129,2.6832712,5.9514894,-1
171034,0.6278895,9.439719,-1
87977,2.9829764,1.0972766,5
6124,4.9818125,5.7081676,-1
131402,-4.900369,-0.75519633,104
56245,-4.016098,5.9669757,-1
61665,6.2616825,16.148438,-1
145686,-0.8751556,-3.380993,109
44101,13.253445,9.3837805,-1
114744,3.5204816,9.62664,-1
138247,3.239007,6.9548564,-1
81104,5.150791,9.498239,-1
20556,2.5355906,9.995802,-1
40026,6.5632906,14.994068,-1
178918,0.10402448,10.030829,-1
102205,5.3308477,8.270408,-1
27822,-0.43040308,7.8204722,-1
61052,4.1911035,4.789943,-1
92862,13.995554,9.43086,-1
172104,3.8774135,9.211269,-1
56601,5.467788,-7.0597725,77
168807,5.2085,2.140053,15
20437,-0.97386515,6.089899,-1
168794,-1.2233565,1.3633552,8
186048,1.5156927,16.042774,-1
114670,8.542169,3.4351747,-1
125317,3.5431302,4.273594,-1
25905,1.7408466,10.589458,-1
81023,3.1569374,5.3812304,-1
85161,6.464768,7.622954,-1
81024,-6.948328,5.761909,-1
72181,20.77508,9.75607,92
160889,1.6450824,6.5830812,-1
173858,-3.0396566,10.817805,58
196293,13.631423,-5.587215,63
50592,1.2338183,2.0077465,-1
196242,10.437416,18.988478,82
44214,10.299714,10.261242,-1
138384,-7.1271434,5.3661485,-1
91596,-7.2382045,8.235487,-1
176098,1.2694077,1.4749964,-1
185921,2.5206764,0.70902795,-1
7745,1.6450846,16.397316,35
102348,-0.9740621,2.8795762,12
61809,1.5120599,12.193417,-1
50334,16.794336,-1.7218672,63
145926,6.4832506,7.5153317,93
50322,8.535951,-5.9266343,-1
163154,-1.7451545,10.142687,-1
166622,1.9111346,7.0306993,-1
203697,5.1726084,22.92592,40
125572,-9.92314,0.77514493,-1
33722,0.9511319,6.6089134,-1
81180,-4.7491307,2.9706013,-1
114828,-0.5725564,12.001544,-1
10448,16.75537,2.5182073,26
120742,-3.9957905,6.0048585,-1
90051,5.412929,-0.007431574,24
85059,-5.8948464,8.576846,-1
92332,10.437855,18.989002,82
66331,4.2927766,9.884752,37
175122,10.839458,-0.25782192,-1
61719,3.5945146,-0.37536746,-1
72259,7.354137,14.528978,-1
131267,1.0890164,10.30765,-1
70188,12.325005,8.921817,-1
94338,4.651339,9.006673,-1
38452,-11.600015,9.68501,-1
182660,6.2944684,11.065493,1
95073,-4.005803,5.225766,-1
9047,1.5260109,16.051552,-1
120954,18.022648,-7.350102,74
56603,0.6582315,10.501275,-1
145410,6.065538,4.672275,-1
61241,5.8707056,6.4430423,-1
66764,6.313495,7.547785,-1
87859,1.7683134,9.615722,-1
94429,2.4613998,9.134952,-1
51351,-3.7908502,1.9919332,-1
80785,5.8411517,14.014812,-1
72047,6.305945,4.5374694,-1
101927,15.733616,19.812773,89
202142,5.6225176,14.639518,-1
183125,4.979677,5.7090135,-1
131831,10.209897,10.63472,17
186098,1.282007,1.4716339,-1
27920,3.128585,11.572482,-1
191433,-4.4669275,2.456749,55
80805,2.0634706,2.450604,-1
172142,5.623632,14.6396265,-1
202135,18.158342,6.7853,80
166261,3.6040688,4.679574,23
188378,-7.5547667,10.80676,-1
121135,2.008588,3.7879963,22
43748,12.356728,-11.26189,88
61060,3.9902031,5.050759,-1
193125,4.98118,5.7076435,-1
101851,-0.9197427,9.486465,-1
85438,5.3053713,-4.754118,-1
197673,1.656028,9.235238,-1
75510,-6.7461305,1.992312,-1
138973,-3.8289785,5.714178,-1
43742,1.3106097,9.44755,-1
196442,16.860262,-1.6874192,-1
80747,18.659088,20.229147,88
206964,3.4859097,-0.7579704,-1
114386,3.0274212,3.6328266,-1
88828,-0.55703706,11.638838,-1
176293,17.600395,-1.4325066,63
206623,3.8818092,7.9709635,-1
172135,16.487495,4.6988397,80
138905,-8.177895,18.096046,107
178807,5.2044797,2.1397882,15
10529,-7.175524,4.293651,-1
176242,10.431551,18.981665,82
188482,6.6054964,7.3853574,93
145126,0.20241405,0.58328485,14
94403,-0.29019764,11.9083395,-1
203629,0.70681685,4.0473466,-1
185732,-0.99066883,9.488869,-1
94394,0.7867508,3.2497394,-1
197700,0.84598345,6.9645863,-1
87905,14.33442,4.6199436,86
77735,2.8120782,5.1339765,33
145389,9.944775,10.764135,-1
2910,5.2505107,-6.852691,-1
131518,4.000536,7.8465643,-1
178794,-1.2231253,1.3637081,8
176048,1.5206178,16.043072,-1
188472,1.8524963,3.6627715,22
35144,5.7789745,14.330398,-1
8920,2.5213695,0.7093834,-1
120441,7.277062,13.816735,-1
144962,1.984118,3.7594423,22
23892,4.6561723,1.3115891,-1
121080,9.842884,7.070928,-1
92370,-0.88676816,-3.341249,-1
36387,-2.629928,14.487742,-1
131722,-11.737062,-4.7797794,91
114517,2.823791,-0.20087327,-1
194450,3.0285428,22.337921,50
114524,7.7233725,24.305681,102
114528,1.6749005,9.299861,-1
137924,1.3534327,7.8703504,-1
145085,-3.418155,1.8237636,-1
202104,3.8808286,9.209915,-1
60245,-4.754058,3.8597198,-1
6628,0.704852,4.0523543,-1
133183,2.956484,1.0436096,-1
185122,10.839432,-0.25776818,-1
141641,1.6262608,24.98766,53
136274,5.611301,2.0164886,-1
123030,14.499152,-1.0568955,111
12393,-0.058333654,11.111606,-1
68334,10.439718,18.990782,82
90554,2.2549484,9.863275,70
97943,-0.9764627,2.8780777,12
165402,0.27084374,3.5970495,-1
90723,-4.445392,3.6520479,56
158028,7.6444297,0.9754173,106
53817,0.08224695,7.2254367,-1
141751,2.5519996,-7.6997232,102
58964,-2.736145,14.595168,-1
187221,2.4691567,13.049766,-1
122108,-0.43901777,7.4968934,-1
177221,2.4677587,13.049013,-1
192413,7.052409,8.222677,101
157985,-5.1867666,2.9801803,55
109684,9.58682,10.571206,-1
8254,-1.4356503,5.361035,10
98034,3.2096994,16.766273,8
58529,6.329225,4.509302,-1
135309,6.2193832,12.025957,-1
197221,2.4679465,13.050345,-1
26346,3.415941,-0.2940709,-1
184598,0.38376266,9.083326,82
71027,-2.9512956,11.56758,-1
135034,-0.7467072,10.231702,-1
110229,10.22273,11.066211,-1
122891,-4.1484036,12.472542,31
187092,8.24485,22.406128,63
205255,-1.4372238,5.3606696,10
11092,4.3472147,10.217235,-1
136198,-4.119932,5.506701,-1
41851,7.268241,4.3895435,-1
184450,3.0284228,22.338036,50
39227,3.19763,7.391348,-1
140454,8.689843,6.754099,-1
31305,3.4231596,13.681174,-1
1471,1.8683691,3.6510353,22
156764,3.579485,4.8352017,23
71196,14.499056,-1.0566552,111
197092,13.631726,-5.5869913,63
18548,6.7858744,7.4167814,-1
109181,4.5460052,10.114189,-1
123260,1.5721252,6.6287155,66
19131,3.0985658,14.370968,-1
123275,2.8022282,8.640708,-1
142179,17.171324,-1.8238496,63
79516,10.579511,3.06109,44
136501,5.7604804,14.177663,-1
119385,2.2783718,29.05604,89
100448,2.3224354,9.921015,-1
1055,6.2314987,11.529435,-1
165552,5.3590307,0.04541696,-1
109246,4.0409617,3.2492619,-1
19182,-4.045703,12.40719,-1
54855,12.356758,-11.261913,88
39193,7.040818,4.446606,-1
86639,6.1062717,7.4843197,-1
123148,2.5522683,-7.700067,102
109306,6.266326,11.187029,1
159622,7.083368,14.461348,-1
53654,6.0677857,6.38785,-1
165532,9.709601,10.665219,-1
70702,-17.532492,11.479685,89
186628,0.4005101,5.397116,-1
41937,4.0626264,11.69385,-1
186623,3.901467,8.018079,-1
94950,-3.4939702,2.4294043,-1
141978,-3.2689543,1.2451975,30
12065,-3.5830703,1.2838886,-1
76794,0.9298601,-7.698186,77
205122,10.839439,-0.25776795,-1
186870,12.539893,-0.9652006,-1
17100,2.7203445,3.84782,-1
176964,3.4957767,-0.7576714,-1
18819,-0.35483623,11.128145,-1
203125,4.9807634,5.7039084,-1
165220,0.9718713,9.170256,-1
54396,2.2783,29.056112,89
112274,-0.26298124,12.208596,-1
122537,4.4726944,9.905269,-1
135897,-4.2424407,3.3470163,-1
91,17.171347,-1.823863,63
112436,-2.6745005,8.518632,-1
87254,16.2975,8.656488,85
135682,16.999044,2.4827178,26
141160,5.1701427,22.922329,40
41235,1.5492405,10.686857,-1
192660,6.2952223,11.065533,1
68742,3.5812697,8.451728,-1
31017,-4.8545113,10.467922,-1
71003,-2.0995061,9.945281,-1
39434,-8.0995455,12.65318,87
39508,0.52017975,6.3650384,-1
140871,-1.7512993,5.450478,-1
206870,12.547398,-0.9701848,-1
198378,-7.554796,10.806879,-1
18723,0.7397843,20.74899,-1
176870,12.541176,-0.9660717,-1
122354,0.3766234,6.6687946,-1
41055,13.940399,7.3418565,-1
54476,5.4720206,6.0957375,-1
88280,7.6877756,7.42991,-1
8121,10.839428,-0.25774166,-1
1377,-7.554784,10.806862,-1
175732,-0.9927683,9.487995,-1
40942,-4.293388,15.33384,75
169911,5.2737594,-6.873181,-1
91092,8.234908,15.016819,-1
198472,1.871138,3.6480339,22
12236,3.226791,2.623669,-1
91058,-1.2664016,9.407453,-1
98095,-15.209909,11.74306,89
39362,19.60145,1.3542873,92
186964,3.4856436,-0.75960386,-1
135907,12.449371,-4.839451,79
54721,22.145325,0.6777473,89
68493,2.0739558,2.1513574,-1
86925,0.73940855,20.757395,-1
112566,2.4891226,1.8975532,-1
198482,6.563332,7.4423847,93
157942,-5.0545473,10.755126,-1
141453,6.0240655,16.934275,-1
193858,-3.0400956,10.818091,58
35632,6.823189,5.693692,-1
11117,0.36113125,3.427455,-1
76801,13.362105,-0.05158969,-1
193697,5.1726193,22.925892,40
11144,-6.8532133,10.462099,-1
17035,3.487474,8.429739,-1
177092,17.600803,-1.4322501,63
157426,-4.912,10.3834505,73
58307,-0.875215,-3.381161,109
95317,2.8069139,7.591014,-1
185036,1.0935187,12.598206,-1
172660,6.2966094,11.066463,1
184746,1.646703,16.396894,35
41270,0.48484236,6.3529997,-1
76905,-1.6195768,16.564295,59
203858,-3.0403595,10.818081,58
157472,-0.92662036,5.933229,-1
95347,-11.263058,8.433291,76
18900,-9.357651,-11.616944,89
68567,1.6944638,3.0475779,-1
11147,-9.357574,-11.617027,89
192209,3.1926017,13.434167,-1
156663,1.417662,12.196285,-1
205732,-0.9671588,9.490028,-1
108682,1.3512992,9.51774,-1
136891,8.6279545,2.452633,-1
111863,2.8228524,0.80794454,-1
6696,5.1726394,22.925856,40
185255,-1.4386628,5.360733,10
87543,0.59881574,11.797291,-1
163852,-3.7518096,2.9312422,-1
57410,-15.953049,2.5417473,87
164560,-1.1499066,9.558017,-1
198200,3.5281312,14.702584,48
158319,1.6453496,2.758628,-1
42759,5.238311,-0.01490459,-1
18428,-4.0062714,5.764614,29
178021,8.364204,13.544195,-1
86075,10.309084,-1.7998637,47
91354,5.2592306,9.533238,-1
19630,-2.6749952,14.53646,-1
160387,0.6949545,6.2625394,-1
7449,3.0283804,22.338095,50
42081,3.7480478,1.0692346,13
165747,5.756444,2.1500618,-1
123913,0.48922172,8.758076,-1
28148,-5.9098916,8.565132,-1
142839,-9.912587,16.112833,-1
160351,-0.99263674,6.0158863,-1
67647,4.9716516,5.7154374,-1
160355,3.1894732,-0.45941144,18
42651,6.445588,4.650583,-1
172413,7.0494223,8.2197275,101
86143,4.2222986,9.689828,-1
36038,-7.469564,7.2681527,-1
173125,4.981259,5.7076406,-1
113478,-9.755527,1.2438142,-1
196870,12.5412245,-0.96611476,-1
86160,10.433543,18.98409,82
155951,-8.052062,17.705872,107
38915,-9.357542,-11.617019,89
40616,14.498288,-1.056263,111
220,2.467267,13.04812,-1
187673,1.6485195,9.240172,-1
169284,-2.0343835,-4.6438107,-1
57321,-2.4460273,-1.3133597,62
120164,0.3932436,6.65003,-1
87626,1.6339259,16.286667,-1
70534,1.9134972,7.4659696,-1
175921,2.5236344,0.7070238,-1
42841,3.3670866,2.2551315,27
42864,4.038785,7.89071,-1
124014,2.3954732,7.395129,-1
42873,-4.2923594,15.332892,-1
165975,0.1327188,10.700678,-1
55419,5.1890564,2.8515677,-1
121582,-2.1750057,9.432852,-1
42920,-6.0526447,4.027724,-1
42932,5.696748,7.709522,-1
143428,-2.5506337,18.04106,101
39505,-3.2664733,1.2422075,30
178056,6.2333584,11.515853,-1
70559,-9.93151,0.77153516,-1
67526,17.616995,-2.201647,63
113618,4.4611773,5.1733346,-1
199096,-2.6690722,7.804738,-1
183858,-3.0407667,10.818724,58
187700,0.85691774,6.940409,-1
193629,0.6738162,4.0566525,-1
52629,3.0511365,-0.78481686,-1
29023,-7.30185,8.200169,6
143183,-2.5841398,16.621225,-1
121727,-3.3655672,5.2810264,-1
16382,-0.3741829,7.559287,-1
42807,3.1370845,14.248745,-1
186442,16.867107,-1.6808352,-1
159498,6.012148,13.993637,-1
79857,-4.0899796,3.8491325,-1
142803,1.604681,8.882428,-1
164485,1.9556831,9.261519,-1
110467,3.5041158,1.4778343,-1
192142,5.623427,14.639778,-1
42213,2.8286638,5.078426,-1
113220,17.175463,-1.828807,63
70674,14.255712,9.409262,32
94741,3.6510355,5.29817,-1
192135,18.158321,6.7852664,80
134329,0.054624952,12.293194,-1
35965,3.3476877,7.286232,-1
16651,0.9299724,-7.6982336,77
179096,-2.6456552,7.830096,-1
156435,-3.448276,-6.1612015,-1
6857,-3.0406656,10.82011,58
76314,-5.7769837,10.794322,80
177673,1.678219,9.21353,-1
108959,2.1846151,16.234598,-1
77301,2.280657,9.806763,-1
67996,0.9045416,12.156896,-1
198807,5.2030487,2.137177,15
8035,1.095189,12.601039,-1
134534,3.783972,1.2707639,-1
92601,17.600607,-1.4324113,63
100463,4.838871,9.748893,-1
109071,-15.399312,8.500579,89
54984,-0.8510698,0.18405962,-1
1481,6.581247,7.4046407,93
71249,-8.145345,13.5975065,-1
140394,9.043747,1.8112568,85
12564,-2.8885703,14.742518,-1
42166,4.5187263,6.754687,-1
198794,-1.2234666,1.3632132,8
16689,2.325226,13.170193,-1
40762,0.8333229,14.615811,-1
122017,3.279119,9.783482,-1
163938,-1.8689898,26.871641,89
78534,3.0337176,22.301525,-1
121913,7.5300417,14.471405,-1
176628,0.39217582,5.3932266,-1
59455,3.3300242,14.275918,-1
71392,1.9107792,3.3786185,22
39619,-0.97576505,11.509154,-1
123667,5.425703,0.060682148,-1
39629,9.678015,10.664717,-1
1020,8.38172,13.52666,-1
110517,1.4440103,12.187592,-1
163897,5.201351,7.360787,-1
134287,2.2782323,29.056185,89
76222,2.7950382,4.0297804,-1
53077,0.7328713,20.754644,-1
198918,0.10512173,10.025812,-1
111927,2.4618418,7.458287,-1
133921,10.184277,10.564178,17
123740,-1.1348659,10.155729,-1
176623,3.8994308,8.022318,-1
91275,3.5237808,7.9668503,-1
40710,10.187381,10.656419,-1
159577,5.9428535,7.724428,-1
160289,2.7579782,-0.1671095,-1
55036,-6.9820514,-9.056941,89
192104,3.873487,9.207838,-1
57546,3.9280796,2.0939507,-1
134240,1.8465909,6.794072,-1
177700,0.8627446,6.958017,-1
159587,1.865945,-0.8789087,-1
35975,1.781897,8.714036,-1
156341,0.20437859,-1.6343678,-1
202660,6.287494,11.042176,1
86348,0.55851907,8.624526,77
196964,3.487223,-0.7609324,-1
42339,2.0570776,-0.57389545,11
142581,4.2608232,1.9462888,27
67936,4.888773,6.1941147,-1
142589,-4.8091435,3.485632,-1
206048,1.5291417,16.051273,-1
159211,1.9048548,15.961452,-1
13615,0.42409122,6.6728806,-1
82634,0.31608108,11.452352,-1
151659,2.9480453,13.958956,-1
104051,2.6627073,6.9448447,21
65746,14.334631,4.6201406,86
89379,-7.8696876,11.73929,75
74749,1.9385042,16.254179,-1
116058,-6.109695,12.593139,67
182135,18.158283,6.7853327,80
126200,1.3120621,6.9395676,-1
36855,-4.040487,-2.1731951,-1
182142,5.6236496,14.639973,-1
46220,-7.342611,3.6439695,-1
129065,15.772449,13.737093,96
37752,-1.1412297,2.8114226,-1
21878,10.44621,3.2029095,44
44873,7.2679863,7.294521,-1
115663,1.644063,6.5836606,-1
116906,1.3205265,7.905311,-1
162342,-4.530247,3.5529335,56
672,1.6542954,9.235719,-1
168056,6.2182927,11.545032,-1
105157,-13.058841,0.13934997,41
9241,10.439096,18.990135,82
196048,1.5210177,16.04836,-1
126097,4.0289164,5.699093,-1
130467,0.37484404,12.99745,-1
182104,3.8759851,9.212471,-1
117940,-4.341398,3.7253788,-1
81770,-10.361212,10.060185,-1
2283,-2.0476022,-4.642363,-1
115392,4.9911013,9.886037,-1
13710,4.281159,6.9347796,-1
13709,2.0646036,-0.57427603,11
9292,16.783594,-1.7171819,63
105421,-3.7839265,3.106894,-1
62399,2.119174,10.01634,-1
129222,2.8029983,7.728714,-1
64703,-1.7606158,5.3929214,10
84410,-13.058861,0.139398,41
89736,7.2406473,7.2753468,-1
151696,3.9381392,5.4790416,-1
149760,5.4099884,7.4788394,-1
127512,1.9278051,1.6985905,-1
204450,3.0287838,22.338106,50
129153,-7.5550694,10.806914,-1
103104,12.551078,18.332718,105
74079,1.4279921,5.6422963,-1
188918,0.10407234,10.0279,-1
174598,0.3896879,9.093113,82
44984,3.9991539,8.2747755,-1
151669,7.2454658,13.833745,-1
149798,6.1502047,-2.8828542,-1
182209,3.1921363,13.433568,-1
9622,3.901118,8.023464,-1
63545,4.711835,10.817548,49
149979,-13.70269,-2.9895008,111
130608,0.2256757,6.00836,-1
206098,1.2810545,1.4701295,-1
14318,14.498935,-1.0562822,111
22039,-3.9481091,5.8403764,-1
66069,6.0414195,4.331794,-1
14339,4.7557225,6.4191813,-1
49716,1.6243283,6.5902834,66
92272,4.646205,8.951169,-1
116771,5.667673,14.230024,-1
93862,8.236267,15.018492,-1
46429,19.601559,1.354321,92
63682,-0.1442577,5.3199577,-1
44615,5.3004313,-6.8851404,-1
206293,16.783749,-1.7170743,63
2095,-2.668639,7.808478,-1
63692,10.52864,3.103474,44
153593,1.9773802,1.8623914,-1
179284,-2.0358949,-4.643514,-1
66083,11.046856,12.892987,-1
151372,0.66457236,8.540483,-1
117913,-11.735583,-4.7793307,91
196098,1.2748896,1.4643844,-1
63645,1.6989609,2.6957006,-1
116211,-1.0707915,6.131178,-1
105004,0.263506,0.6643203,-1
1806,5.2053757,2.1380603,15
126043,1.96164,2.089484,-1
162339,18.392109,17.585377,53
44801,3.3425226,2.2334647,-1
194746,1.6463724,16.396591,35
105071,-8.17715,18.095234,107
93619,16.697966,2.5071125,-1
32187,-0.981364,5.1001825,-1
9627,0.39070156,5.3961434,-1
127883,8.689811,6.7543073,-1
21021,4.9538736,9.610397,-1
117747,0.41850218,12.946351,-1
201034,0.6154655,9.447099,-1
125831,1.7069215,7.6746216,-1
63597,4.588385,9.092151,49
168472,1.8626026,3.6481104,22
168021,8.366543,13.542185,-1
4432,-4.4835033,2.4248123,55
181034,0.6163871,9.4479065,-1
168482,6.5721703,7.402025,93
66021,3.9254162,2.2365406,27
116173,-4.420019,4.0272202,-1
195255,-1.4387785,5.3649964,10
9869,12.541941,-0.96723294,-1
130579,7.446978,10.509616,-1
13711,18.401705,5.116098,64
5412,7.044113,8.216682,101
96200,15.229792,-6.176586,102
72986,-3.936318,5.715744,-1
27556,-10.361264,10.060227,-1
103441,-10.361381,10.060328,-1
152182,4.3752036,-7.1933827,77
14018,-4.1189303,4.011466,-1
189284,-2.0359678,-4.6435986,-1
89813,5.432344,6.8390126,-1
2203,6.0845575,2.180144,-1
115596,6.2509794,16.13987,-1
105672,8.415368,7.484309,-1
91746,-2.709992,7.8009577,-1
48324,1.8593417,-0.8866446,-1
152129,-8.9123535,-5.90182,110
91745,4.028871,8.137482,-1
37061,-4.1678605,5.9331117,29
82061,2.9408453,1.0549439,5
63053,2.7977529,4.8496356,33
152128,-8.332413,2.1978757,-1
84159,-8.712387,-1.0579066,97
89255,1.0361097,-2.1318111,84
21349,5.3271804,11.525651,-1
115783,-11.977451,4.1125417,94
152101,4.1648936,6.557081,-1
206442,16.860548,-1.687372,-1
152519,4.2586875,1.9947942,-1
152084,-3.8190904,5.6001444,-1
195036,1.0885158,12.611517,-1
9441,16.860115,-1.685902,-1
62895,0.19108233,10.889507,-1
82169,9.171538,8.285706,-1
73057,-1.8744985,0.62517685,-1
74382,16.86581,2.5011034,-1
148715,4.8195534,10.446004,-1
126939,9.960249,10.7734995,-1
21420,1.9657189,3.3623476,-1
115674,0.61880934,4.981002,-1
179911,5.2652693,-6.865466,-1
45718,7.5652733,7.3160024,-1
189204,6.087281,2.180874,-1
45641,17.861292,8.223188,77
48629,4.0333495,3.5868478,-1
92123,22.145323,0.6777822,89
82172,2.3092527,13.1532755,-1
201433,-4.473295,2.4537416,55
45740,3.409719,20.546066,38
32422,12.184019,9.074753,-1
167221,2.4670997,13.049316,-1
84015,14.431177,-0.90178263,-1
152226,-6.6925254,-7.2511606,89
73091,17.91784,5.2619243,64
84127,2.721698,5.146317,33
91748,2.9854116,14.026406,-1
129944,-6.1026855,12.591365,67
72997,-2.267993,3.6458664,87
127167,3.3606172,9.656836,-1
161797,6.273756,7.1812763,-1
63065,1.4618288,5.651468,-1
181433,-4.4708962,2.4508736,55
13794,-5.054674,10.754977,-1
1917,0.106370695,10.022222,-1
151914,18.317213,12.450853,100
64820,3.2599015,4.309461,-1
204746,1.64644,16.39725,35
91730,18.409658,5.114052,64
37844,6.21878,7.663769,-1
83781,11.956085,-2.568715,58
94085,5.5913033,1.9949242,-1
9963,3.485872,-0.75985384,-1
103228,3.5930455,2.3398147,27
699,0.8481489,6.9529023,-1
33116,4.0868106,9.814144,-1
45195,0.7531,12.1530695,-1
83759,6.3939056,7.8841367,-1
152875,-4.7074356,10.819602,-1
167092,17.600458,-1.4325603,63
171433,-4.4811907,2.4564157,55
64737,0.2721742,9.73723,-1
29814,7.5121837,14.791699,-1
129334,-0.32601365,11.231052,-1
148009,1.733067,9.9597845,-1
81935,1.7930741,2.0551498,20
37101,3.0287747,22.338068,50
168200,3.529986,14.706435,48
82364,-4.907769,3.884887,-1
37918,18.317732,12.450085,100
126690,0.68951136,10.578529,-1
64950,0.7708522,3.0765991,-1
195732,-0.98494434,9.491845,-1
5659,6.293799,11.062796,1
130100,5.238885,10.068588,-1
126681,5.103684,18.325462,-1
103797,-1.0864302,6.3527985,-1
48861,-16.799995,17.564785,89
13839,2.0900385,2.7520182,-1
82004,6.1302676,4.4692936,-1
161732,-7.09822,3.8971045,-1
152698,-2.8902519,14.74329,-1
127195,-7.2765064,8.204348,-1
63089,-5.76944,10.794063,80
195122,10.839428,-0.25769898,-1
106067,-3.7829719,5.8939633,-1
45977,0.38819945,7.021443,-1
168378,-7.5538588,10.807191,-1
189096,-2.671334,7.809861,-1
96322,-6.8574414,10.444061,95
48077,1.8314042,15.820677,-1
195921,2.5233364,0.7072165,-1
199911,5.2720156,-6.871595,-1
174746,1.645038,16.398554,35
106646,5.313418,6.540939,-1
182413,7.049367,8.223709,101
188794,-1.2232963,1.362933,8
150537,2.4298177,6.415976,-1
89586,3.8220162,10.2390785,-1
150605,3.611044,13.756657,-1
130949,-9.797505,22.511005,89
146541,5.0010223,3.4905689,-1
175036,1.093117,12.605338,-1
93523,3.0754838,6.261977,-1
125670,5.900514,2.392231,-1
5208,3.1916628,13.435108,-1
32114,5.776655,9.019509,-1
204598,0.38897988,9.087539,82
15526,3.6415515,14.209354,-1
194598,0.38385853,9.094615,82
82975,1.6253148,2.9060254,-1
66232,6.6972294,-3.7768404,-1
44294,5.1721654,22.9251,40
115050,3.3760707,4.9857483,-1
84937,-0.5180858,11.651409,-1
81487,0.46309114,0.843729,-1
5141,5.623643,14.640135,-1
146759,0.09932547,10.925765,-1
64114,-1.4749669,9.243403,-1
104613,-3.7242122,10.210743,-1
125758,0.0005498674,5.4326777,-1
162981,15.610905,6.3255,52
33570,7.5407147,14.433226,-1
46820,-2.0251076,11.872897,-1
128537,-1.285392,9.313956,-1
167700,0.8504847,6.9560394,-1
64261,-0.5353879,3.0868487,-1
73750,7.087074,14.870088,-1
62071,1.8558086,-0.88808376,-1
73581,5.5158567,-1.4646057,42
29712,1.9736087,2.007828,-1
106741,-9.941282,0.7591275,-1
146641,4.1328278,9.446987,-1
150707,1.6269428,6.559016,66
118022,4.218336,9.202797,-1
5103,3.8789275,9.20798,-1
128472,14.355933,4.641115,86
206242,10.43152,18.9816,82
115026,2.398323,9.289891,-1
106749,10.546324,21.506395,98
150753,-3.9191258,2.0443642,30
150700,-10.54698,6.0953274,64
27719,3.2683868,4.3183246,-1
23565,-5.021022,3.2717931,-1
29655,-0.28572312,5.874557,-1
116290,-10.547229,6.0953445,64
153754,-1.4448792,5.437732,-1
174450,3.0286868,22.338171,50
37567,1.8354409,2.4836092,-1
153861,6.697209,-3.7767262,-1
44456,1.7912391,15.92514,-1
153864,-0.26545495,12.424047,-1
26849,7.0090566,8.196022,101
167673,1.6623824,9.235294,-1
191034,0.6159019,9.4533,-1
179204,6.123852,2.201168,-1
189911,5.271089,-6.870619,-1
46567,5.3444324,7.4937515,-1
83069,-0.021030491,10.770963,-1
46504,2.7676556,3.7042265,-1
91922,3.7610214,19.329102,-1
44548,0.96784836,7.4092,-1
188807,5.2062073,2.127447,15
97347,-11.304856,19.718517,89
146827,6.5261,4.725004,34
44282,15.3390255,-8.82224,74
146826,-0.27257022,5.416646,-1
20903,2.7691777,4.292695,-1
146868,-17.532505,11.479693,89
9097,1.2742325,1.465825,-1
29705,-1.4702218,21.368973,60
61874,3.566058,3.9003794,33
1793,-1.2235281,1.3629358,8
75077,-16.262852,14.46203,89
5134,16.48748,4.698928,80
46532,-0.09212176,12.18065,-1
82947,3.3545442,8.250929,-1
41562,7.786378,13.726285,-1
103852,-0.41412592,7.687792,-1
127235,5.9069715,6.678927,-1
68395,3.3946483,4.769991,-1
41585,0.49492115,11.747789,-1
151006,-0.25051704,-4.5533776,112
86810,-4.326087,3.6923234,-1
192416,2.0133526,9.980204,-1
176237,0.4659469,7.8706055,-1
53214,3.0348947,1.087659,5
93136,3.5687678,14.66196,-1
119582,4.1085725,9.542438,-1
41556,4.370625,11.938887,-1
141725,-1.584455,5.409214,-1
149402,2.7528162,2.976337,-1
76624,-3.2133186,1.3462858,-1
22740,-6.6552844,3.8113532,-1
198667,-1.6623412,15.529676,-1
202962,-0.44103226,7.2343593,-1
172599,-2.9449515,11.569801,-1
127258,15.974322,-9.075115,74
167310,-2.108686,6.9096694,19
37866,-3.921556,3.7020535,-1
19048,14.321242,-0.69213253,111
149341,10.140555,10.5327,-1
160039,3.6837971,-0.62329066,18
88397,0.75722057,3.0297735,-1
63091,-8.052854,17.705553,107
192380,-1.9351134,5.580159,10
151980,1.9485885,12.616719,103
45720,-7.2021775,3.7322469,-1
123496,5.8684244,14.120902,-1
40138,-1.9382824,5.5813556,-1
53891,-1.7655616,9.548136,-1
157139,22.145353,0.67782027,89
69900,-0.87525326,-3.3813894,109
177310,-2.1119556,6.893693,19
86739,1.9084209,7.0697064,-1
87892,9.522225,6.5035663,-1
170373,3.4378445,7.294768,-1
53902,6.2727475,11.029927,-1
93153,-4.317986,3.7858226,-1
86794,12.226253,9.102768,32
37480,4.489732,9.425583,-1
95056,-4.3782177,2.8402455,54
193907,4.748577,1.3263551,-1
46705,5.5989833,6.1465015,-1
76319,-0.014486379,9.719665,-1
105546,1.5052254,8.801721,-1
151928,1.6439675,7.43872,-1
128184,0.76839226,3.034681,-1
54087,6.2839513,12.009704,-1
73609,-4.561345,3.8714554,-1
121118,-18.519928,9.486736,89
92693,-0.6964116,10.904013,-1
7119,3.7803197,14.094496,-1
157330,0.5183019,5.3143497,-1
73249,6.4298253,0.78238153,-1
82491,0.14203757,12.981548,-1
142539,-1.4701899,21.368774,60
7124,6.447535,4.2368984,-1
159918,5.1721253,22.925062,40
171777,-4.296355,12.514085,-1
193838,2.6313756,-0.735253,-1
156389,6.5589676,12.252096,-1
7130,16.78413,-1.7169447,63
121189,-0.83501154,0.16927497,0
151040,15.339096,-8.8222685,74
3372,3.4356668,7.2877913,-1
6837,2.631808,-0.7356077,-1
54131,2.3038714,7.4648843,-1
195163,3.0286636,22.338184,50
79103,-3.7164543,9.85595,-1
40208,6.595022,7.447851,-1
93096,1.2573032,14.706899,-1
3368,1.7574404,9.675349,-1
37835,6.007202,20.754448,80
197808,3.6503644,1.0444381,-1
58653,8.350625,14.42888,-1
171559,-10.163186,-8.136477,89
39296,1.6932157,9.216719,-1
167808,3.6481073,1.0362351,-1
7087,-9.275791,4.930784,-1
98388,-7.147311,8.260535,-1
21,-3.5851066,1.2796205,-1
22245,0.93081415,-4.375072,68
92683,0.9221316,11.510711,-1
104711,3.5306125,8.519156,-1
22244,0.22168778,5.6837673,-1
159285,10.998669,24.040154,102
37543,-4.952483,3.9098947,-1
120641,13.940305,7.3419447,-1
31369,6.214465,10.984547,-1
98368,4.3754287,-7.193727,77
12605,2.8250415,9.713603,-1
187022,-3.5845518,1.2804009,-1
162714,7.8995495,8.429062,-1
39314,1.5316987,10.760158,-1
99926,-2.495971,-1.3970609,62
30440,2.552233,-7.700025,102
190289,10.998674,24.040237,102
105504,1.9078661,16.18895,-1
170260,4.210704,10.244066,-1
83784,-2.938618,-0.27998647,-1
126958,-4.8523126,3.2683299,-1
63950,0.4467566,7.8850026,-1
77970,-0.8149823,11.107229,-1
138827,10.439288,18.99034,82
68152,5.456018,10.04192,49
83944,6.409129,4.6846004,34
17941,15.229622,-6.176416,102
142164,10.952789,26.266354,102
203667,4.4382453,5.1149416,-1
4776,-4.2966876,12.514792,-1
93906,3.5632617,4.9336834,-1
113101,-3.2442963,10.6620455,-1
187310,-2.1095827,6.9071455,19
34599,13.77077,-3.586771,98
79617,5.5759697,7.5787864,-1
142407,2.3943455,8.268308,-1
73698,-16.262794,14.4619665,89
93790,5.305318,-4.7545094,-1
94768,0.22875823,11.306251,-1
16682,2.0233567,-0.50462115,-1
16745,2.0246975,3.051161,-1
193267,17.17229,-1.8240728,63
42212,-6.104,12.621917,-1
111314,-0.8668514,11.651988,-1
138720,3.3870935,4.4302936,-1
138723,-3.6158237,2.0305526,-1
21573,13.625589,9.346717,-1
14024,6.324429,4.5371704,-1
48258,0.8008237,5.6049094,-1
14021,3.8029075,2.8932703,-1
35928,10.998657,24.040365,102
35936,-5.2269454,3.4227977,-1
73129,-0.70677686,10.83802,-1
9437,5.0746336,15.162772,-1
177617,-4.119707,5.818405,-1
193408,-3.1787841,1.2062703,-1
148930,-1.098899,18.974337,-1
79587,7.8929324,8.408902,-1
123379,16.999214,2.482456,26
40036,0.21609136,0.589168,14
6906,4.748394,1.3242524,-1
64108,20.755583,-3.8023484,88
42105,4.8304176,9.064023,-1
198776,-0.2458049,12.311012,-1
202736,1.3099,6.997276,-1
17833,4.477546,6.1303077,-1
129657,6.0394263,12.262402,-1
28559,3.2034795,6.4127655,-1
168667,-1.6630653,15.530652,-1
9458,18.317623,12.450143,100
202762,3.2708893,-0.4413299,18
113141,-4.2682023,3.0577872,-1
162133,13.770769,-3.5867205,98
156670,-4.729743,3.2930086,-1
92607,7.676058,14.394915,-1
172962,-0.4383259,7.237409,-1
123220,-1.5584455,10.35823,-1
71174,4.156883,14.295936,-1
170289,13.807164,21.677015,102
53708,-4.350255,3.7006319,56
92092,-1.1126062,11.368183,-1
616,-4.120795,5.8194065,-1
71133,5.364458,6.6241302,-1
95424,-9.564349,14.01092,-1
193436,20.03761,1.4205508,92
190373,3.438209,7.2927437,-1
91228,-11.261777,8.43211,76
205214,-1.0344483,11.822273,-1
27327,-16.262764,14.461901,89
82384,-16.734873,7.1804657,89
93175,1.7146626,16.260101,-1
21631,-16.262674,14.46191,89
203907,4.7482114,1.3255626,-1
12597,-4.0503564,5.789253,-1
150964,0.01737382,4.937775,-1
190369,1.7591562,9.676059,-1
39884,18.536604,-4.915316,88
111078,6.7140045,-10.401508,74
198833,7.0186725,6.4962063,-1
35243,3.6813173,-0.5631948,-1
86677,1.3140107,7.8920894,-1
173408,-3.1655698,1.2029328,-1
69917,-2.0621917,6.5465245,19
88019,18.536812,-4.9114122,88
111455,1.148927,14.073044,-1
79385,3.7578073,19.309599,-1
78010,-1.8136132,5.589189,-1
197022,-3.5830345,1.2817019,-1
109325,6.8362913,8.029161,-1
88524,-5.5540557,7.128568,-1
152106,11.046902,12.893188,-1
37062,-4.510511,3.862804,-1
59309,7.880187,14.283825,-1
59025,7.578501,7.2834005,-1
173436,20.037542,1.4205533,92
83890,2.4534924,6.1627955,-1
203682,13.464819,16.756056,65
181559,-2.0414765,-12.329991,89
37068,18.392014,17.585335,53
1272,-6.9603014,5.743286,-1
77801,16.680529,2.5166876,26
170369,1.7602068,9.67542,-1
112958,-1.003699,10.958394,99
115689,-5.7806907,-5.792619,81
13988,0.55799675,15.240501,93
69933,1.8680309,15.799123,-1
19163,4.4758253,5.145699,25
141335,3.5694106,-0.4609026,18
41898,6.0242662,16.934565,-1
53662,1.3152525,5.777526,-1
12593,-1.691783,10.932468,-1
156861,-1.4325404,7.6648793,16
34526,3.0589771,11.476758,-1
121198,5.6011844,7.7159696,-1
127388,4.1053853,5.142345,25
4974,-1.4433955,4.1351514,-1
18588,-3.0479734,10.834294,-1
83371,2.891706,14.189409,-1
77215,17.600483,-1.4326055,63
11272,-12.52869,12.836466,111
99258,0.9816504,11.857224,-1
105059,3.4706857,4.684536,-1
203267,0.9843023,-10.176059,63
89662,-1.692829,3.8228168,-1
110326,-4.8561807,3.3188243,-1
78635,5.319867,8.966896,-1
128905,-2.0119638,6.680885,-1
192762,3.266501,-0.4413341,18
78622,15.586966,11.288842,97
63587,-0.03115336,9.162573,-1
103933,-0.89135325,6.040718,-1
87385,4.678441,-13.773944,61
17314,2.672238,5.034575,33
92763,3.1241057,13.425936,-1
158585,0.20866573,9.603512,82
186599,8.4692335,14.946295,-1
198273,-6.981698,5.719275,-1
11285,6.7345867,7.355398,104
35580,5.98116,12.007273,-1
87399,-5.054642,10.755041,-1
185163,3.028612,22.33821,50
206903,1.7760962,3.6281831,22
120028,1.794712,1.4150677,20
40404,-9.912611,16.112907,-1
32612,4.092595,8.089161,-1
192962,-0.43788967,7.216677,-1
37320,-0.24155755,5.558667,-1
78666,-7.190517,3.7827566,-1
162312,3.0473034,11.683275,-1
120216,-4.0671506,5.7727003,-1
99393,-4.779451,3.2927942,-1
180369,1.7526101,9.676978,-1
46263,5.3131127,0.049632885,-1
119975,6.422629,7.7213287,-1
157959,-3.3730545,1.6038302,-1
180373,3.4373558,7.282141,-1
149884,-0.040448766,11.961382,106
78725,5.377254,7.336538,-1
9902,1.7689012,3.627157,22
68974,-8.319526,10.612175,-1
140653,15.2294235,-6.1762333,102
151581,-4.6345387,10.846215,-1
18634,0.4746671,9.573838,-1
89685,2.5737565,3.152918,-1
140638,5.526152,5.7309237,-1
167617,-4.1073284,5.804976,-1
172762,3.2765334,-0.43788415,18
1362,6.252783,16.142681,-1
11264,2.3505366,5.3757,-1
73834,6.247122,2.1999202,-1
192736,1.30394,6.993472,-1
111692,-1.2621522,4.483209,-1
136201,-15.399324,8.500622,89
136320,3.6879995,14.357711,-1
158022,6.3676763,4.6466813,-1
159427,-3.3033772,1.509761,-1
17253,7.1279907,13.722087,-1
14280,-3.5280457,2.1170113,-1
116169,1.8522179,12.752224,-1
186575,6.232014,12.069745,-1
158134,1.7323407,15.684981,-1
11986,-3.6905448,2.9968686,-1
87503,3.714901,1.600379,-1
176599,8.469843,14.9464655,-1
47175,12.074162,8.685353,-1
121791,0.29822096,11.152393,-1
139780,-0.70688885,10.855083,-1
57279,3.8808177,2.8084264,-1
46506,-5.2073617,2.9721458,55
11364,-3.8499033,5.6347857,-1
176575,6.239614,12.066359,-1
186459,18.318453,12.0028105,100
165052,1.6685964,7.7718315,-1
150356,-11.176469,8.439523,-1
203769,1.6987072,3.6649978,-1
180938,5.9044366,2.3482244,15
151341,-0.8909203,11.264464,-1
70549,-3.9561944,5.7138734,-1
91882,1.8286228,12.928615,105
203408,-3.178644,1.2049512,-1
140015,-0.72602344,10.379763,-1
14669,1.9762034,3.7037997,-1
186438,5.075298,15.16314,-1
104934,-3.819794,3.1516447,-1
57351,1.015095,10.459487,-1
91005,2.912742,7.5435114,-1
69366,0.3295541,12.805,-1
158406,-7.0647626,8.158742,6
121721,5.411057,7.004007,-1
70563,-4.1025696,5.791586,29
29761,0.37621745,5.417292,-1
104324,5.3546686,6.9296527,-1
70636,-0.1216489,8.428825,-1
203436,20.037548,1.4205623,92
112022,5.4676065,-7.0597677,77
193682,13.440048,16.736609,65
176438,5.0749893,15.162783,-1
140362,10.425784,3.2024891,-1
35046,2.018623,9.23069,70
136707,-6.206413,12.679067,67
70503,6.5709424,7.424999,-1
121997,4.953085,6.51232,-1
137257,-5.9930296,12.576371,-1
18497,12.559838,8.978129,-1
136735,2.0448437,7.4129357,-1
39599,-1.57887,5.418842,10
161955,-1.0534817,6.037501,-1
37650,5.989918,2.1813297,-1
111742,-0.44381258,7.2132683,-1
176459,18.318584,12.004495,100
140280,15.22926,-6.175939,102
39708,4.2486033,4.9792104,-1
12018,2.8407474,-2.5472286,-1
185214,-1.0501658,11.8197975,-1
78339,14.335727,-0.7019397,111
193667,4.452708,5.1103487,-1
78504,4.1420927,6.5528913,-1
37598,-0.51798147,3.1066008,-1
150221,0.7716857,27.323282,74
158525,6.4357824,7.6871414,-1
104351,-17.532497,11.47973,89
89621,0.7717008,27.323273,74
161934,-4.4572005,8.395877,-1
105210,4.212669,5.2403207,-1
92736,3.987218,5.144214,-1
32722,-0.22417723,11.100144,-1
141221,7.8214574,13.7275505,-1
98135,2.1168432,-0.61321855,-1
56847,3.5118039,14.218086,-1
180260,4.210031,10.248519,-1
186903,1.7706734,3.6393633,22
159883,3.3704531,4.383449,-1
161799,15.339135,-8.822296,74
197310,-2.1166854,6.927167,19
83710,6.360116,4.546865,-1
180289,2.5521946,-7.6999593,102
162496,2.3673706,6.3492146,-1
37471,17.613955,-2.1990712,63
120332,5.536712,7.342491,-1
69651,3.634281,4.324116,-1
35739,1.965899,9.0806265,-1
54395,-1.994584,6.686191,-1
157623,6.4792833,4.721585,-1
104773,-1.470186,21.368645,60
206237,0.46537727,7.8721476,-1
55812,-13.355417,17.608282,89
63343,3.8205252,7.8545527,-1
78170,4.206748,9.64673,-1
58269,2.037102,-0.59510916,-1
12205,7.2838645,14.512056,-1
69588,-0.7981099,11.404166,-1
139194,3.1922848,14.075268,-1
128500,13.432775,16.724596,65
34863,-6.053091,12.56356,-1
158827,3.7085795,0.09756971,-1
41135,2.77396,6.0507503,-1
164926,-2.296702,8.242749,47
74166,-6.105923,12.590043,67
200938,5.9171033,2.362217,15
90947,5.3157144,6.537118,-1
25215,-0.7930381,0.22317864,-1
8213,-1.0603985,11.827006,-1
68552,3.3347101,14.060223,-1
37820,0.23988697,9.361762,-1
190260,4.21066,10.248871,-1
157458,1.9318138,3.4346685,22
105439,6.3741913,4.5777016,-1
122710,6.259607,13.8832445,-1
127423,13.631554,-5.5867286,63
157500,5.0440097,6.1173244,44
93090,7.7233796,24.305716,102
157506,1.4700202,8.127165,-1
91131,6.173032,13.914806,-1
58336,21.501604,3.7889936,61
5415,2.0119143,9.979513,-1
95324,3.893681,10.172981,-1
159884,2.0107954,-0.6443508,-1
63730,16.794983,-1.7215534,63
158841,15.339215,-8.822346,74
55941,-4.124807,6.049471,-1
18878,10.446588,3.2025726,44
177022,-3.5822384,1.2829896,-1
82528,-0.98674333,6.0421815,-1
94058,15.200639,13.782665,96
68632,-1.2484723,4.396101,7
58234,3.535743,14.404628,-1
165184,5.2352643,6.400849,-1
192599,-2.9452655,11.569901,-1
17601,3.0375018,11.604496,4
157813,12.551255,18.33257,105
3259,4.2092843,10.257689,-1
41022,14.238818,-0.6898816,-1
172736,1.3045648,6.9972987,-1
173267,17.172003,-1.8237026,63
46579,-2.0328393,6.566406,19
89567,5.796299,7.3419456,-1
140883,-2.9520261,11.564918,-1
122369,6.240988,11.956128,-1
197617,-4.1242228,5.819329,-1
122368,0.26004243,3.3025346,-1
186237,0.46170926,7.8716025,-1
40348,2.0949395,9.833634,-1
151649,6.2219234,12.037476,-1
11221,-4.844435,3.1891255,55
58160,-5.5089207,8.89513,-1
25731,13.605374,9.363002,32
135856,12.6905365,1.8467693,88
14620,3.543073,1.4266474,-1
127707,-0.8011954,9.52405,-1
110129,8.716755,15.94178,95
14811,3.0965,14.335748,-1
77100,3.5116,-0.0509935,-1
198363,6.2526875,16.143063,-1
9598,8.469381,14.946381,-1
195214,-1.0377526,11.821275,-1
149862,-7.1081953,5.3223414,-1
139245,-1.6330236,10.203426,-1
135779,5.110142,18.207123,-1
119847,19.601534,1.3543512,92
69562,1.6449342,16.3931,35
135759,3.2919147,4.670143,-1
128119,-4.0043063,5.1852365,-1
95293,6.3055973,4.6074624,34
54449,15.339355,-8.822519,74
54474,-0.5187518,3.1488664,-1
17635,2.6957595,7.8466225,-1
5379,-1.9372463,5.577574,10
9574,6.2386556,12.064315,-1
3288,15.229092,-6.1757917,102
64582,12.080314,-0.680288,-1
104042,-2.698855,14.567848,-1
164267,2.8035004,7.8804708,-1
56978,-1.8690119,26.871622,89
73320,5.195968,9.540858,-1
78862,3.2580535,4.231065,-1
193769,1.6907705,3.6648679,-1
54506,-6.1281366,12.641103,-1
40328,6.3267984,4.5082545,-1
122468,-1.1353997,7.5905232,16
8162,3.0285373,22.338333,50
41093,3.4760861,13.635622,-1
203838,2.6325731,-0.73410463,-1
54552,0.14340189,14.267127,-1
12177,8.24483,22.406113,63
14405,3.292041,-0.4480567,-1
92728,-0.6799119,11.189641,-1
157747,3.032659,11.891325,-1
176903,1.7658155,3.6312876,22
151150,20.756079,-3.80261,88
50210,-1.6891733,9.9093275,-1
83182,1.6362613,16.402102,35
86350,3.3404684,14.157363,48
16191,-0.7864904,0.2127987,0
15324,1.7448382,1.5127023,-1
34145,2.1833813,-0.55046177,-1
182416,2.0030158,9.981266,-1
143805,0.4190336,12.94709,-1
5761,3.2721775,-0.44133255,18
89037,15.2282295,-6.175332,102
15756,1.594646,1.643021,-1
202416,2.029851,9.989461,-1
61500,3.277014,-0.44038397,-1
166103,-4.313723,2.9687414,54
167022,-3.5830662,1.2814434,-1
126353,9.758701,-4.65186,38
49214,8.201898,10.901252,28
175163,3.028529,22.3383,50
178273,-6.9636674,5.740932,-1
93553,5.3809085,7.313204,-1
107379,5.817805,2.1443264,15
44471,-4.3453836,3.7163014,56
62431,-0.11007673,5.5876455,-1
125277,-1.0228521,9.523548,-1
26606,-0.5897137,10.228248,-1
153028,-0.70242524,12.379089,-1
43110,-0.80511564,11.29207,-1
168833,7.0192966,6.495679,-1
143663,-5.8820925,0.3624271,45
4558,-17.532545,11.479718,89
183667,4.4389,5.1125765,-1
113904,4.3637843,12.032157,-1
19890,2.6423676,9.295307,-1
147954,3.6669166,-0.64744043,18
130436,4.09157,2.2947161,27
84764,-3.607773,1.9903674,30
85722,-1.1785442,7.6194267,16
29400,-2.0361197,-4.643312,-1
49293,-6.871913,5.130202,108
24208,-4.240351,11.238324,-1
71733,-1.1805446,13.339456,-1
106699,7.739,13.730579,-1
36870,4.732252,10.877135,49
206599,8.469201,14.94631,-1
94175,-0.09299779,6.0625844,-1
160611,0.5267423,11.852134,99
44953,-2.6545722,14.522546,-1
202380,-1.9374799,5.579005,10
36888,3.0138214,1.1462574,5
108170,1.0397464,10.465715,-1
132632,-3.8266828,5.601534,-1
1832,7.026336,6.4945197,-1
43198,7.3158307,13.73394,-1
43180,-0.46594322,11.7396755,-1
49931,4.793673,10.050599,-1
108150,1.2900727,14.632146,-1
93661,-2.441129,12.3014965,46
204088,-9.275776,4.930807,-1
113910,-1.6803484,10.941327,-1
191777,-4.2967196,12.517032,-1
178776,-0.24745607,12.311303,-1
160533,5.997864,2.1791651,-1
103112,-4.9124136,10.384874,73
84365,-4.651094,10.837446,-1
160501,-1.3257673,9.499332,-1
108101,-3.545102,2.1564474,-1
163374,-1.502201,4.1557107,-1
62492,-1.958274,6.6632323,-1
126539,7.4773088,14.512012,-1
166028,-5.63753,25.450933,89
143446,1.5971118,9.390393,-1
173838,2.6324918,-0.73500514,-1
155630,17.172167,-1.8236787,63
12827,2.0440605,9.286854,70
81016,-5.9437604,-1.7999182,-1
92293,2.1315157,9.653778,-1
133202,-8.164842,19.33974,107
130275,-2.6578498,7.8230324,-1
155645,0.9625481,7.362042,-1
115465,3.4511352,14.341991,-1
75257,3.74194,1.0848045,13
178833,7.021441,6.497507,-1
183769,1.6933031,3.665178,-1
36109,-0.4366856,9.256497,-1
148149,1.7706873,16.00018,35
16341,20.037418,1.4205443,92
94589,-4.0174427,5.502874,-1
155696,2.1026726,6.575217,-1
154266,-6.844948,5.8926373,-1
96100,-2.6149833,4.162315,-1
200260,4.2095394,10.253147,-1
93532,5.531129,-1.4983388,42
143259,5.374789,0.021467643,-1
20837,6.450502,4.737809,-1
130206,15.974393,-9.075072,74
168776,-0.24714908,12.312671,-1
5735,1.2946588,6.994493,-1
106716,-7.162316,4.2418356,-1
44470,4.135509,8.059412,-1
188776,-0.22557941,12.324658,-1
67363,5.995805,7.7756214,-1
117480,-3.7373188,3.0811892,54
34199,4.8244596,10.448771,-1
89020,6.2547636,11.055206,-1
174088,-9.275822,4.9308033,-1
113809,5.221382,7.0798407,-1
21205,-2.2628691,8.27606,-1
23832,3.353761,16.648033,-1
182962,-0.42914963,7.233015,-1
28065,0.48313883,11.323146,-1
42959,-0.28904706,10.7876215,-1
153752,4.678458,-13.773923,61
201559,-14.970711,12.232947,89
183682,13.432763,16.724592,65
19800,-1.6257619,10.059098,-1
187808,3.6499412,1.0409324,-1
81880,-0.40768543,11.378671,-1
125308,3.9065492,6.4507103,-1
106237,13.807389,21.67706,102
72147,3.5556152,2.3571553,27
23146,2.7785544,1.3519268,-1
65557,7.2389345,6.0507975,-1
81454,-4.1397443,5.165419,-1
36924,1.619487,7.445405,-1
29127,-2.036036,6.5873246,-1
3937,5.9071865,2.3497543,15
155775,1.6133538,10.616588,71
170938,5.9020276,2.3543842,15
146973,0.21364318,0.5911011,14
60994,8.793665,2.093697,-1
60988,3.5954323,7.944526,-1
31797,1.7855989,9.524021,-1
74811,-0.38381496,10.181218,-1
91487,1.2872844,11.073803,-1
130554,6.0241838,16.934418,-1
89951,1.0461702,10.5052,-1
191559,8.83766,-12.207834,89
188833,7.0218997,6.4950953,-1
144327,-6.3631086,5.678921,-1
66947,-7.1827097,5.2765684,-1
85355,-0.38543713,11.591604,-1
147469,19.912455,1.3987993,-1
43628,-4.368818,3.7465255,-1
84597,7.9741163,16.688807,84
44733,6.255028,12.039765,-1
144234,3.0576138,11.623375,4
124661,10.308317,-1.7993594,47
6266,17.176386,-1.8179148,63
124651,2.3491082,7.2828593,-1
147521,4.1696744,14.4928055,-1
23359,1.8597773,-0.8734281,-1
132300,-9.936692,0.76474863,-1
126036,-7.868287,11.738978,75
20270,1.6839632,11.756632,-1
204131,17.61395,-2.1990445,63
201777,-4.29586,12.515487,-1
175214,-1.0371338,11.823281,-1
107578,-3.3469198,10.573659,-1
124868,-8.171604,13.620184,-1
115095,5.1723895,22.92543,40
130617,18.659073,20.229027,88
115104,2.717221,4.950113,-1
91665,17.193123,-1.8505384,63
153536,14.3486805,-0.7341248,111
188363,6.252756,16.143192,-1
118401,6.2966113,4.5359297,-1
1666,-1.6615375,15.531137,-1
178667,-1.660887,15.531355,-1
23441,3.9645545,8.284817,-1
196459,18.318565,12.00461,100
85391,3.2411475,9.71951,-1
15920,10.2722225,10.296306,17
15856,2.4084024,3.0565755,-1
13496,14.489525,-1.0426686,111
166321,2.5910485,6.675744,-1
31829,1.9584852,7.0710855,-1
183267,16.831316,-2.4276848,63
51503,-8.051492,17.70659,107
38268,1.032063,3.425865,-1
147408,1.5353143,12.177147,-1
147444,1.796186,1.4288416,-1
125944,1.5519826,9.796834,-1
190938,5.971949,2.329912,15
154693,8.27509,15.094049,-1
188273,-6.9635797,5.7400928,-1
125044,10.952976,26.266241,102
20284,-1.1085765,18.9828,83
125170,11.531462,0.79863495,-1
43367,-4.014385,5.4302635,-1
173769,1.69385,3.6647856,-1
147644,17.861364,8.223314,77
153292,2.321654,9.686931,70
182380,-1.939331,5.573849,10
173667,4.4403973,5.112212,-1
144092,-6.9819384,-9.057066,89
103026,-3.4312406,1.9509096,-1
309,-2.1123412,6.9092903,19
75388,0.08576648,10.107786,-1
155078,-9.357487,-11.617059,89
106689,-2.9086814,14.760784,-1
10694,9.909395,7.121379,-1
13204,2.1860948,9.508733,-1
6435,19.601515,1.3544066,92
196575,6.238839,12.065337,-1
92367,6.225662,13.896465,-1
145069,-4.5514207,12.926534,31
155133,2.4377563,9.652486,-1
145070,-15.353095,11.479666,89
113985,-11.261985,8.432184,76
146823,-13.703074,-2.989576,111
113976,5.728895,2.2539318,-1
196599,8.469226,14.94649,-1
178363,6.2526436,16.144648,-1
95926,-13.061913,0.14052448,41
90247,-4.237818,11.241197,-1
60811,-0.3201721,11.153181,-1
145013,1.9552996,12.633683,103
154491,2.3476272,9.943556,-1
6407,-3.182606,1.2035658,-1
93426,10.140019,10.565903,-1
204125,6.4478025,4.2367806,-1
183408,-3.176216,1.2021893,-1
147538,6.3728576,7.2303348,-1
67008,3.839535,8.018104,-1
204120,3.7791903,14.096406,-1
124625,4.2839856,10.124358,-1
9236,0.45242634,7.876662,-1
115204,-4.9501925,3.2824123,-1
51180,-1.0193547,6.162194,-1
130659,2.044902,-0.551733,11
90207,4.35566,9.27034,-1
44839,2.687089,10.470488,-1
183436,20.77508,9.755957,92
145011,-4.4861765,3.9681745,-1
71865,4.451072,2.289856,-1
171975,-1.4425665,4.1349115,-1
49851,-2.2683096,8.249744,-1
144969,-7.4334245,3.5005279,-1
173682,13.431275,16.72363,65
67040,5.8451734,7.1374803,-1
147604,-4.900982,-0.7536481,104
85603,-3.094146,2.2385492,-1
145008,1.1266774,11.842791,-1
16060,8.237595,15.019003,-1
117941,4.274971,10.526441,51
81717,2.952763,4.901534,-1
36849,6.3970914,7.716134,-1
60086,0.86307985,6.8451934,-1
196438,5.07557,15.163038,-1
31536,-7.0234475,3.6443977,-1
61805,2.129428,6.7367697,-1
19543,3.9924145,8.223061,-1
20607,4.8322616,3.6018841,-1
13898,-2.6513877,11.155349,-1
93725,1.8161747,1.4421781,-1
146574,2.3150892,9.589971,-1
206438,5.076279,15.165391,-1
118105,2.8301415,2.0017111,-1
172416,2.0067585,9.986545,-1
38946,-4.2287555,11.238146,-1
88589,-1.4701875,21.368542,60
194125,6.4482155,4.2385173,-1
205163,3.028475,22.338432,50
194120,3.7785356,14.101339,-1
196903,1.7669795,3.618459,22
75039,0.4034756,5.4531784,-1
61936,0.9846869,-10.1757555,63
27585,4.1573095,8.306332,-1
66316,3.8828378,10.217792,-1
10856,5.312194,5.9699335,-1
202599,-2.9458404,11.570194,-1
191975,-1.4427669,4.136384,-1
152438,5.1622143,18.41774,51
44205,-16.262583,14.461908,89
61788,-1.2590542,1.5430441,-1
148557,-10.333555,10.045283,-1
28157,12.22722,9.063726,32
75011,2.8336146,4.8766017,33
50469,6.717289,7.351227,104
102492,2.0075846,3.7569835,-1
81120,1.9469838,8.039666,-1
24497,2.599626,3.1054869,-1
95697,8.691329,6.7530417,-1
807,3.6509247,1.0430671,-1
97298,0.4188547,12.948265,-1
50065,6.38514,13.8279085,-1
182736,1.3048552,6.9935694,-1
145889,-5.9526496,-1.7902037,-1
174125,6.4477487,4.237736,-1
15184,3.310375,14.296702,-1
72222,-2.9687088,8.517932,-1
74489,-9.9097595,0.830958,-1
126793,12.667334,6.642149,-1
59701,0.19080453,11.040299,-1
114968,-0.054017484,6.4971247,-1
15179,-1.7184311,5.418917,10
119039,2.154862,-0.59273744,-1
62661,-2.6416318,8.624499,-1
44136,-7.0855675,3.6290762,-1
38465,2.0352573,4.7800994,-1
125681,0.41430706,10.879544,-1
131324,-15.3531275,11.479685,89
174131,16.782476,-1.7174919,63
196237,0.4642919,7.8679433,-1
81127,2.2781801,29.056267,89
93721,2.059845,-0.5305346,-1
166531,4.4256268,9.664875,-1
123818,14.257702,9.413039,32
177808,3.650651,1.0418273,-1
95698,4.0832863,3.0149267,-1
173907,4.748187,1.3264724,-1
134147,7.414907,7.575773,103
95596,3.587767,7.956152,-1
79754,8.006762,10.772112,-1
75087,-1.4938822,10.1759615,-1
44244,17.000834,2.4813473,26
146279,6.2048836,12.006049,-1
62810,4.043911,11.610083,-1
61872,-0.9751483,2.878728,12
32005,0.8215141,7.1420875,-1
146318,-9.564521,14.011003,-1
81278,-15.356171,10.273523,89
184120,3.77956,14.098498,-1
90428,3.3283072,14.180918,-1
5598,-2.9465864,11.571294,-1
184125,6.446674,4.2423077,-1
184131,17.17414,-1.824323,63
165645,2.212638,2.8145094,-1
117239,3.2579727,-0.46002305,-1
76271,10.259122,5.50297,70
66260,4.1969438,6.9607987,-1
113328,6.4837728,7.085539,-1
181777,-4.2981267,12.514849,-1
168273,-6.9642124,5.7391796,-1
35976,-3.2960393,12.490257,-1
79711,5.3620863,8.465638,-1
10425,4.937032,-0.08691974,-1
84123,-4.536024,12.891946,31
156317,2.119528,2.6800263,-1
200373,3.44059,7.2817087,-1
131134,-2.030579,9.400327,-1
42532,4.5154777,2.244873,-1
92326,14.335652,-0.7021015,111
148558,2.2441459,2.5158844,-1
81225,1.4913417,8.035791,-1
6768,1.6756307,3.6859064,-1
165719,2.7218127,4.9277897,33
23665,2.5520077,-7.7000203,102
188667,-1.6613148,15.531486,-1
34453,-8.319661,10.612358,-1
125562,-4.364582,3.529252,-1
182599,-2.947535,11.571923,-1
84128,15.339449,-8.82259,74
106924,-0.20108576,8.444544,-1
34455,-4.0696583,5.815366,-1
201975,-1.4417661,4.1364613,-1
184088,-9.27598,4.9308524,-1
88552,4.502164,12.941207,-1
59505,2.2143555,9.739192,-1
36011,2.1615527,1.521892,-1
200369,1.7573801,9.674989,-1
194088,-9.276047,4.9308124,-1
165691,6.2510915,16.140125,-1
156284,1.0698117,6.6273074,-1
94113,3.9597013,5.372204,-1
105912,3.0967746,14.0008135,-1
13894,13.6317425,-5.586659,63
194131,17.613955,-2.1989384,63
187617,-4.1444488,5.836644,-1
66187,-4.233193,3.8680649,-1
200289,10.953188,26.266102,102
145785,-14.9301,6.2666545,89
146699,-15.399327,8.500595,89
126658,-3.735392,10.20869,-1
66435,14.139525,9.397815,32
20822,4.5311427,2.2169724,27
32270,4.310965,9.763686,-1
174120,3.7756937,14.100289,-1
181975,-1.4412434,4.136105,-1
13811,2.400297,10.05122,-1
19626,1.6422238,16.39853,35
1775,-0.24461742,12.315247,-1
80055,-0.33092043,17.866339,107
206575,6.238457,12.065588,-1
133516,5.8262153,7.3597646,-1
44080,3.5024939,14.409875,48
183907,4.7486725,1.3266385,-1
92500,3.1856532,13.633594,-1
206459,18.317518,12.450219,100
165851,10.403444,21.47427,-1
28118,2.6589165,4.2871203,-1
45341,1.647679,16.217644,35
5961,-0.4323476,7.2390966,-1
106126,5.3187227,7.0386252,-1
143116,-1.2137634,1.3670398,-1
15233,3.0395544,2.7166271,-1
125359,12.449384,-4.839467,79
143064,-4.8349533,3.8905494,-1
6666,4.4450555,5.1127043,-1
168363,6.2523365,16.150593,-1
65394,-5.95259,-1.7911098,-1
23074,4.424667,2.2283251,-1
143019,1.806604,1.4493201,-1
86018,4.3795805,11.741308,-1
94619,-5.9208508,8.540607,-1
106762,5.8020115,7.363471,-1
130092,-5.9684386,7.3692303,-1
154180,-4.9431577,3.1208897,-1
183838,2.590895,-0.7504511,-1
133344,14.479148,-1.0155585,111
154108,-3.2932897,1.3165693,30
52554,3.4904952,14.731798,-1
182762,3.2792616,-0.44318905,18
97723,-13.061533,0.14252035,41
36766,4.545391,9.808783,-1
133345,-4.2420645,12.574217,-1
61573,7.6500225,7.180053,-1
89166,1.9740181,16.275476,-1
148383,3.5605152,5.3099885,-1
80048,2.0720778,3.5064175,-1
172380,-1.9412237,5.5824633,10
94612,3.3717864,-0.15884744,-1
45428,-0.40285632,10.208015,-1
163042,1.8040595,9.361458,70
155782,2.3996496,10.068559,70
118228,-7.396562,3.6306725,-1
6681,13.45085,16.74299,65
24426,2.279162,29.05586,89
60059,1.1518922,9.382985,-1
19685,-11.262115,8.432696,76
86109,12.356783,-11.261926,88
133431,7.6719885,14.40252,-1
155886,-6.2889266,3.8431559,-1
28605,-2.542266,11.259943,46
73795,7.97406,16.688498,84
61873,4.5862494,1.9620278,27
121753,3.6804729,7.3353424,-1
170167,-3.0182924,14.870502,-1
118262,0.98215675,14.443694,64
128691,1.7934226,1.4118842,20
138284,-0.011969707,11.929703,-1
137834,6.2714286,7.052802,-1
138312,4.5670214,3.024044,-1
13382,1.6262529,24.987673,53
131825,8.030395,-3.292673,84
70441,3.1774628,4.9144187,-1
191043,5.661328,7.4450493,-1
66459,-1.6315111,10.28179,-1
70592,18.536697,-4.9152174,88
14432,2.8034668,9.688661,-1
128481,-1.0976083,18.973516,83
70105,0.41426215,6.988636,-1
69300,-8.171427,13.619962,-1
170377,4.910076,7.736712,-1
124992,2.965908,1.1214991,-1
124991,5.5589967,5.770843,-1
190993,11.698181,8.354251,-1
77379,5.9015293,2.1346579,15
64074,4.389229,7.5851507,-1
118224,10.761803,9.143975,-1
121816,-3.496242,2.140239,-1
205521,15.52872,24.69117,88
56404,2.5325503,1.4072156,-1
111248,-13.06161,0.14245284,41
170234,-1.4467475,5.574877,-1
186181,-6.8604555,10.447334,95
171676,3.4929106,14.786479,-1
66451,-2.9488013,23.99162,74
69192,6.9622912,19.40199,73
196181,-6.860589,10.447299,95
189611,9.695262,-4.5942864,38
137711,2.0849912,7.1899366,-1
77404,-5.7316017,8.75772,-1
136892,-5.20839,2.966089,55
116611,2.2119315,2.5008123,-1
73877,4.7876825,5.9088645,-1
72178,-3.1309655,2.00326,-1
206907,3.2723384,-0.06327226,-1
188411,2.3549485,2.729267,-1
73852,9.603771,0.25866258,70
121790,4.7776313,5.8947887,8
128734,3.364562,2.4167895,-1
128495,-4.77853,3.1478243,55
92770,-0.46492043,2.5449378,-1
188395,0.84036285,3.8313036,-1
92379,4.8297286,10.454885,-1
193377,6.584587,3.0222917,-1
14418,-16.73486,7.180443,89
57391,3.6302385,4.710508,23
56420,2.4860055,9.689863,-1
32765,-0.99720293,6.009086,-1
10574,11.371038,5.2245784,-1
77617,3.052086,11.596637,-1
111861,1.6648577,2.7471602,-1
166850,2.2971995,2.4109664,-1
91663,6.127141,7.017485,-1
69755,-14.9698,12.233958,89
66650,5.9037375,14.770639,-1
9180,-6.8608065,10.447868,95
75201,-1.2453909,9.4728985,-1
193575,0.32468915,0.37347987,-1
191186,6.049228,2.3130138,15
28662,1.8105648,3.0925968,-1
93905,5.9027114,7.4190784,-1
205553,11.186456,3.609492,-1
191224,3.5710196,3.8889017,33
57039,-1.3653375,9.233139,-1
170130,2.3130302,2.1276243,-1
206602,2.771162,5.9385457,-1
64015,2.8977094,6.3123946,-1
69677,1.2724426,10.989027,-1
118051,0.4034325,-13.765729,88
75313,4.1027513,3.593814,-1
91914,6.8728156,17.262419,63
11692,3.2586951,14.050154,-1
30871,2.049145,6.541236,-1
186337,3.3727064,16.633656,8
118059,-2.6967301,7.7703276,-1
138099,4.356893,1.8112928,27
171043,5.6850452,7.4370513,-1
125774,22.362026,7.5500603,74
114586,13.807587,21.677101,102
32693,-9.357487,-11.617066,89
61449,8.535879,-5.9265556,-1
164998,1.9886011,3.4550667,-1
138025,6.1678414,11.788958,-1
111462,16.917831,2.4852548,-1
194547,-3.580628,3.539942,-1
73838,2.752289,7.759637,-1
137449,7.0416117,8.21524,101
7912,3.9946928,8.237548,-1
29225,2.2862353,3.7293594,-1
91966,-11.9799,4.110888,94
10357,-2.9628804,11.581143,-1
30567,-3.5290325,2.1518538,-1
15500,1.1060476,14.466246,64
196337,3.3720047,16.633633,8
166373,-1.9530236,9.515374,-1
62070,3.635622,-0.49497193,-1
116665,-6.2145095,12.684554,67
130926,-3.8608994,5.627812,-1
61812,1.35843,10.990356,-1
61339,18.273676,5.1336284,-1
137101,2.3230016,13.16668,-1
166805,-11.304869,19.718508,89
94988,-9.91261,16.112946,-1
32667,2.1120436,7.512243,-1
125303,3.4051847,-0.11551563,-1
205579,12.081388,8.680974,-1
137073,-0.45863286,9.270812,-1
172078,-6.8882675,13.359597,-1
131013,2.7663534,5.082636,33
131023,-2.7183802,7.8034225,-1
29753,-3.3951035,10.651446,-1
70192,-3.2658808,10.603403,-1
195371,4.1774235,14.484851,-1
170993,11.699429,8.3557415,-1
31928,3.5688713,3.8967092,33
31999,13.370735,9.147055,-1
197544,-2.4937215,6.9482317,-1
191392,2.5050333,3.6460066,-1
114540,10.953469,26.26594,102
13199,2.3071077,5.471208,-1
116259,9.953752,10.676678,-1
189748,-13.703066,-2.9895692,111
69820,0.32739326,9.486206,-1
118169,7.056182,14.548763,-1
115055,11.956125,-2.5687919,58
131731,0.66894644,9.582824,-1
9818,-0.38121253,3.0256686,12
131514,-0.8110332,0.24584001,-1
30060,13.807773,21.677162,102
1201,-1.4186854,14.823696,-1
62092,-0.9900245,6.031726,-1
70016,-5.1966143,2.9926424,-1
92795,-13.066683,0.13440274,41
193017,-2.4491112,-1.3171928,62
15614,-4.019687,-11.39841,89
94994,-0.72448885,7.79694,-1
128469,-5.881963,0.36252645,45
61777,1.5711925,-3.119045,-1
120265,20.356386,14.450797,88
8122,5.081035,-0.16285409,24
64335,2.323498,10.649683,-1
68278,-7.5541935,10.806599,-1
191949,6.184443,4.9951115,-1
8578,12.08103,8.680301,-1
113593,18.158278,6.785336,80
91206,-16.799898,17.564941,89
68315,-0.9083832,5.95136,-1
130101,1.2070198,9.3239975,36
91200,-1.9186193,5.3176093,10
91780,0.3141904,0.4462249,-1
189087,10.439516,18.990622,82
58848,2.4538054,9.277471,-1
63109,-0.3409564,11.621044,-1
68346,15.974448,-9.0750475,74
68373,10.662383,16.175259,-1
130144,6.41758,10.422918,-1
169611,9.758533,-4.651599,38
72903,-1.1236024,7.516656,-1
11038,-0.22171555,9.054918,-1
76557,1.9071138,16.177437,-1
123153,14.334727,4.6202183,86
115793,13.415792,-0.086578794,-1
31495,13.434311,16.726494,65
68233,-5.8726406,0.37050137,-1
8552,11.186544,3.6093986,-1
58998,-4.8672166,2.8983114,55
113562,4.8766766,10.469038,-1
196819,-0.36968735,3.0236256,12
74502,23.593306,1.7647418,102
93293,-2.0019917,6.6705494,-1
71517,-4.1113205,12.959319,-1
129544,-9.357468,-11.617073,89
59905,-2.043533,6.5560102,19
74554,6.6983385,15.615873,-1
14966,-5.075982,3.153132,-1
169280,-5.7077165,7.8368196,-1
118918,15.733657,19.812807,89
68462,-2.6445901,14.504192,-1
165986,11.18496,3.613015,-1
63164,-10.272237,-1.685664,77
67474,-10.547232,6.0953474,64
169231,4.3839297,4.892787,-1
94568,-17.532665,11.479631,89
70994,2.2440994,2.4671233,-1
16327,0.40423846,0.7635407,14
13790,0.3424618,8.78172,-1
118875,1.3519636,9.4816065,-1
65455,-2.6252801,14.484172,-1
14927,4.9986067,6.101466,-1
133189,2.066217,9.780922,-1
117018,-3.8862293,5.8058634,-1
92205,0.05573108,0.81102896,-1
16884,3.9450433,0.3333725,-1
135405,-4.309085,3.8617094,-1
9336,3.3893847,16.615122,8
74246,14.098616,9.484705,32
16376,-5.52887,7.2874904,-1
169748,14.321943,-0.6726554,111
195123,5.081616,-0.16191806,24
129474,16.797218,-1.7045,63
74237,7.0614347,14.905678,-1
171392,2.512813,3.6508636,-1
94836,1.8224775,1.4404236,-1
127273,0.98485345,-10.175641,63
34292,5.824708,7.3053327,-1
8263,2.584634,10.331982,70
93123,-2.2968214,8.241665,47
60080,2.650692,3.093984,-1
165374,-1.0110492,9.512643,-1
123156,4.724268,1.8195424,27
190377,4.9114256,7.7356334,-1
118872,1.6395832,2.7205672,-1
92555,2.649825,6.9381647,-1
117181,4.378711,9.747154,-1
129766,11.095822,14.032505,-1
134111,0.7224577,7.4009485,-1
91244,6.4600973,4.5900354,-1
117140,4.632076,10.28148,-1
68015,10.9856205,24.046835,102
119141,-2.124074,9.34686,-1
12569,6.0198503,1.951707,-1
127033,-5.1802735,22.654259,102
92533,4.206913,14.300549,-1
62914,3.1039646,11.494925,-1
168286,13.652886,3.092576,112
93223,0.5736592,0.9076095,-1
115733,4.0819755,4.8761077,-1
189231,4.394385,4.8886423,-1
59451,-0.83046275,0.17517284,0
168202,-1.4185772,14.823815,-1
12594,-5.6308746,8.83858,-1
94733,0.9227639,11.509498,-1
92137,-1.3091162,11.378883,-1
67961,3.2587283,14.17835,-1
93244,3.7668788,8.169937,-1
134297,6.081327,6.7469387,-1
13928,4.015594,9.515246,-1
73077,1.9779233,3.424116,22
94715,-2.0226276,9.498311,39
134173,10.160143,10.539336,17
123560,1.7654889,16.020548,35
165624,11.532509,0.79714227,-1
113353,0.52594656,6.375125,-1
192078,-6.8882966,13.359554,-1
134350,8.270869,10.758881,-1
117250,8.230035,15.014033,-1
192195,3.0280304,11.927821,-1
94096,2.4200644,9.867667,-1
59695,11.337763,-0.7175408,37
115571,12.55104,18.332636,105
189124,-4.013822,13.005067,-1
115781,-9.756036,1.242906,-1
165748,-5.1919956,3.0110917,55
34427,-2.298227,8.243462,47
8370,4.1750994,14.483488,-1
134703,6.135033,27.367653,88
119468,12.691375,1.8487856,88
73154,2.5576835,4.9790587,33
59036,14.121899,9.448326,-1
68187,5.387507,-0.05310627,-1
133827,-1.0138351,3.1291773,12
34392,0.72633785,5.600774,-1
71167,-3.4916933,2.109369,-1
119078,7.8561735,10.661884,-1
59085,-0.34277645,6.137686,-1
194098,-3.6030173,10.193791,-1
187544,-2.4942977,6.947594,-1
189280,-5.707937,7.8367934,-1
119372,3.6382968,7.3108,-1
16534,3.5671358,14.631438,-1
16711,12.238343,9.097005,-1
196907,3.2786021,-0.07126722,-1
194119,1.8553542,15.777099,35
12510,3.880637,6.438935,-1
117115,3.0235512,14.004197,-1
62981,-3.3128252,1.3773603,-1
59148,2.156477,10.1431465,69
31318,0.20930095,8.457158,-1
73008,6.180197,4.505788,-1
8520,18.658989,20.22919,88
134657,-4.16011,12.48639,31
168395,0.83970696,3.8317652,-1
133125,19.601578,1.3544924,92
195264,2.5804682,10.330534,70
136009,3.7723384,7.990887,-1
75670,-3.9465098,5.668205,-1
543,-2.507822,6.945836,-1
67017,7.744115,14.424823,-1
172195,3.0252373,11.929079,-1
69037,0.9302411,-7.6980247,77
127807,1.0582005,8.288002,-1
91043,-4.9737,3.1373682,-1
126037,1.560829,10.814543,-1
188202,-1.4187021,14.824074,-1
195579,12.082177,8.670747,-1
188884,5.288012,12.295188,-1
14279,2.0322804,-0.5322681,11
116831,0.4701946,8.92183,-1
136408,-1.470198,21.368458,60
114052,3.3319252,4.9307065,-1
126136,8.299285,13.566309,110
128910,-3.5962036,3.5371783,-1
116099,-0.7085103,11.596548,-1
9601,2.763398,5.934166,-1
9906,3.294816,-0.07046259,-1
93632,0.10209483,11.303701,-1
14255,6.154763,4.927534,-1
68898,3.1494946,5.0563226,-1
112266,2.4276187,9.169328,-1
128968,-4.405992,2.8423598,-1
122300,-1.0583622,3.1956098,12
122280,1.9712768,1.524786,-1
10678,3.713188,1.1758107,13
68920,0.20336086,-1.6367447,-1
28721,4.539909,9.867742,-1
93054,1.8162551,16.136269,-1
171696,-0.40166166,11.382422,-1
127786,0.13818297,11.040007,-1
65934,0.27388325,0.75591534,-1
69067,3.0018349,1.0054308,-1
30181,-0.4431222,9.899444,-1
118467,-2.0723565,9.909013,-1
57587,-3.5507302,2.015396,-1
188286,13.652943,3.0926225,112
71989,6.0551095,2.34108,15
75539,-4.178313,12.525135,-1
117819,1.9721642,12.6209135,103
63599,-2.9231586,-0.2643671,-1
92388,0.20437537,0.5971364,14
136740,3.5793502,16.063992,87
74844,3.6150432,2.2444196,27
15406,4.0092583,5.6587324,-1
121925,-0.6731658,10.360813,-1
66787,-2.26284,-0.30357456,-1
195521,18.658932,20.229294,88
136781,6.2391777,4.5528274,-1
114385,-1.9650375,9.888175,39
194385,-1.6894819,9.356141,-1
65987,8.211284,10.856916,-1
195553,11.18747,3.6100364,-1
171186,6.037956,2.3094068,15
167544,-2.4979231,6.94597,-1
186602,2.7675705,5.940048,-1
60997,-2.718677,7.8018723,-1
66891,3.7408535,13.758622,-1
171949,6.186525,4.9944997,-1
57673,1.5349518,1.5232538,-1
132207,6.739142,7.928833,-1
168884,5.289472,12.287378,-1
93996,11.419637,5.2100787,70
136650,-3.7845771,3.1133933,-1
190130,2.3157997,2.1296215,-1
92132,1.4606497,2.7427883,-1
112536,-6.6514373,0.87226266,42
190234,-1.4252472,5.5648165,-1
16229,1.4138435,9.569105,36
168411,2.354413,2.728703,-1
132921,-5.737223,8.765785,-1
130314,4.3604236,12.036733,-1
206181,-6.8608103,10.447532,95
132871,-1.9479024,9.657879,-1
171224,3.5821102,3.8883047,33
115963,-3.0355923,2.310942,-1
73292,0.7441701,4.8148017,-1
116963,-4.6831555,10.839603,-1
68712,3.5864391,4.789785,-1
112417,-1.1575491,4.409705,-1
132742,6.285531,11.998512,-1
186907,3.3069868,-0.05153459,-1
126471,3.2012088,13.898686,-1
193782,-0.82538736,0.18453892,0
169124,-4.012316,13.00625,-1
172632,3.6160963,4.8650618,23
119710,0.05275015,10.631558,-1
206819,-0.36675447,3.0242207,12
68548,-1.491946,6.5026827,-1
126474,-4.1982684,-5.3586936,91
74159,-11.604118,9.686925,-1
58367,-0.26927692,6.178009,-1
122755,-0.02871766,10.048263,82
118847,0.24475357,10.369772,-1
124184,18.40755,5.113287,64
70936,7.0573635,8.22612,101
60350,0.84937197,6.569862,-1
194913,4.0024714,8.232543,-1
165316,-0.95864075,2.9184277,-1
126473,3.2389638,13.848863,-1
33072,1.2337866,10.42469,-1
72762,4.832626,3.60503,-1
132425,7.857351,17.741352,110
65755,-5.6375437,25.450958,89
32549,-1.1849108,11.345415,-1
169087,10.442459,18.993639,82
191696,-0.40443593,11.385518,-1
15357,1.7706552,3.5474563,-1
192632,3.6006894,4.83863,23
126171,-1.1250746,9.533494,-1
124516,1.7667903,9.690002,-1
34071,2.5390205,4.951539,33
32555,3.526323,-0.3293629,18
64083,4.0496826,7.7987514,-1
116064,4.05222,9.6034975,-1
116916,19.601616,1.3545202,92
191676,3.4920666,14.787847,-1
74766,-1.6108371,10.155585,-1
10687,-4.996307,9.13115,-1
118757,0.25042135,11.453823,-1
77047,3.7568023,1.6408528,27
206337,3.3729239,16.63243,8
124484,3.4940262,-0.3986639,18
132720,2.103952,2.064277,-1
132680,1.753849,2.6698835,-1
10734,-7.2603893,4.2542734,-1
115280,-0.8410355,0.16180474,-1
186819,-0.36828068,3.0216563,12
124382,-2.0414882,-12.329979,89
72736,7.8688073,1.1810803,-1
191734,-1.6030217,9.27909,-1
60630,2.061901,-0.56796926,-1
165178,4.6050663,9.007619,-1
70821,21.50176,3.7888596,61
190167,-3.0163736,14.868456,-1
17124,2.8981516,14.215345,48
171734,-1.6010723,9.28384,-1
196602,2.7652037,5.9411926,-1
123416,14.497663,-1.0536058,111
54350,-5.2626634,3.4126918,55
37372,10.205726,10.657925,-1
108892,4.0777926,7.760505,-1
152782,5.1733403,22.927197,40
152776,-0.31448558,11.57102,-1
79720,15.974512,-9.075007,74
108907,8.130181,11.033492,-1
79723,5.734766,7.444631,-1
38065,18.158272,6.7853756,80
53165,4.7335944,5.94488,-1
179748,14.348891,-0.7272134,111
19406,2.0324433,2.9096005,-1
184119,1.8574753,15.78203,35
38059,-15.356101,10.273238,89
97176,3.4470973,2.352257,-1
198884,5.289376,12.29395,-1
89193,2.106533,9.2894335,-1
28185,6.3477483,4.569232,-1
142611,3.451275,4.995812,-1
45400,9.905712,10.667725,17
89194,2.79739,7.875888,-1
142645,-15.2100115,11.742922,89
184098,-3.6027012,10.190219,-1
161459,0.86703336,10.639453,-1
161372,-3.8337147,2.3267097,-1
108954,9.049256,16.359423,95
4675,3.488524,14.788828,-1
90478,-1.5778668,9.157373,-1
163964,2.2792122,29.055958,89
38218,5.3740926,11.590992,-1
201676,3.4914672,14.795214,-1
53337,5.16256,18.418213,51
23246,3.6481462,3.786695,-1
174913,3.984306,8.25131,-1
19327,9.1698065,8.289546,-1
45007,6.2987957,7.0364375,-1
89102,1.4646041,8.129078,-1
84385,-3.7430809,1.5477364,30
84368,-4.4529276,3.6389964,56
142516,2.94744,2.901902,-1
45048,7.723172,24.305851,102
2279,-5.708127,7.836698,-1
161297,0.9583811,7.379908,-1
84354,4.7492156,9.322108,-1
163940,-2.0063233,6.5775795,-1
142477,-2.9007862,11.528478,-1
35961,6.4339976,8.431533,42
179611,9.760536,-4.653474,38
152885,6.4439344,8.443143,42
45516,-1.1188177,7.590411,-1
6781,-0.8285839,0.18062097,0
184913,3.9994323,8.22658,-1
52779,-3.8485072,5.7914877,-1
180130,2.3144581,2.1194506,-1
22751,3.5860317,1.1614158,-1
204385,-1.6910727,9.353949,-1
142986,6.382478,13.827943,-1
201224,3.5729592,3.8856459,33
103845,0.4354559,3.429311,-1
180167,-3.035776,14.8878565,-1
36073,18.407381,5.113485,64
96919,-0.034842886,5.626079,-1
89328,-5.6058984,8.848738,-1
83794,-5.7770605,10.793713,80
152163,-9.797352,22.510878,89
22707,-6.3671794,5.679357,-1
201186,6.042741,2.3106394,15
161744,0.93041337,-7.697981,77
46076,21.5145,3.7763014,61
83765,7.9056573,10.520872,28
180234,-1.4474953,5.5727143,-1
143051,6.26438,4.5640225,-1
37786,13.434488,16.72564,65
199087,10.445386,18.996565,82
152014,-4.3186746,3.584776,-1
52820,3.382146,4.4466023,-1
152445,5.9453154,14.797925,-1
79831,-4.134267,12.456267,31
163896,-5.881934,0.36247212,45
152436,-7.607952,17.872042,107
152425,13.653011,3.0926547,112
89208,0.26544774,11.683887,-1
152397,5.9756074,2.2376723,15
4695,-0.40980077,11.38359,-1
2230,4.4025083,4.866469,-1
84099,-4.5199122,3.7669694,-1
103486,-1.7007555,6.6327405,-1
103493,1.6364398,16.417562,-1
163888,-3.3718698,1.605436,-1
22861,5.173637,22.927834,40
142821,-0.4661403,2.5426056,-1
52925,-4.420739,3.6487527,-1
22893,6.436923,7.089578,-1
103563,7.631043,-2.2820716,-1
201392,2.5007522,3.6511521,-1
19539,4.3491845,6.8482857,-1
4733,-1.6016748,9.283344,-1
22868,4.375993,-7.193551,77
161574,-9.564459,14.011023,-1
161177,2.51541,9.97114,70
201696,-0.40132162,11.3780155,-1
142158,2.0661237,10.226414,-1
23933,-13.703206,-2.989615,111
101828,1.6608493,7.570253,-1
43693,-5.9603744,11.703587,-1
7118,1.8506004,15.752999,35
202195,3.026505,11.952561,-1
154611,0.4645642,5.5338974,-1
205264,2.583827,10.331147,70
101848,2.2792544,29.056046,89
85437,6.653358,7.327465,-1
43724,5.2439075,9.538732,-1
154544,5.3741627,0.1838736,-1
173377,6.584193,3.0223541,-1
18938,4.8167024,6.0756135,-1
54043,5.409952,0.0005050026,24
43804,8.028575,13.906349,-1
109713,3.7760282,7.8858137,-1
43831,-4.428594,3.7445302,-1
154445,0.36398855,5.394784,-1
7097,-3.6046696,10.194774,-1
54025,1.2262045,11.916374,-1
18994,-1.38499,3.2141504,-1
154326,6.7140274,-10.401509,74
141429,13.807948,21.677202,102
141377,-3.5553071,2.1779687,-1
1410,2.352441,2.7313983,-1
28333,-1.2553177,4.425418,-1
18803,7.1302147,13.72303,-1
43257,15.33978,-8.822825,74
101472,-0.28656515,9.230874,-1
204098,-3.6047785,10.194714,-1
38718,0.024679758,10.345187,-1
178395,0.83973604,3.830759,-1
101560,4.571297,10.519839,-1
178411,2.3537533,2.7316585,-1
85646,0.7394321,20.757444,-1
175264,2.586695,10.336701,70
43647,4.5603786,1.957161,27
90628,2.2701287,4.5171847,-1
109935,-15.953086,2.5415897,87
3992,11.688269,8.344332,-1
109911,3.8456895,10.240165,-1
204119,1.8538909,15.776179,35
85534,-4.682795,3.1969302,-1
26693,-3.9529605,3.6727755,-1
154810,7.314917,14.537247,-1
4042,5.671747,7.441849,-1
202078,-6.8906546,13.361811,-1
4185,6.0469923,2.307333,15
141958,0.2749555,5.7846026,-1
179231,4.417065,4.860795,-1
35897,-1.5502639,5.3767533,10
97253,-3.2384284,1.2151976,-1
153664,2.5018044,6.591507,-1
23472,-0.32404295,10.617172,-1
84742,11.53191,0.7975525,-1
4391,2.4918404,3.6493318,-1
179280,-5.7083473,7.8368096,-1
184385,-1.6928383,9.350336,-1
79445,-0.13578747,5.54824,-1
141552,2.0609617,1.566028,20
142036,-4.7169156,9.237626,-1
142042,-6.9657154,5.7367887,-1
201734,-1.600311,9.282853,-1
44647,10.446339,3.202769,44
38282,10.308942,-1.7995929,47
142091,1.7623029,16.023306,-1
53542,2.9328809,7.5906076,-1
163971,6.6845446,13.9015045,-1
84780,5.5844183,7.4426575,-1
23550,-16.262522,14.461981,89
26845,1.6891581,15.917966,-1
153800,0.01950977,5.70852,-1
95392,2.2675407,9.784765,-1
26777,-3.2772434,1.2289038,30
178884,5.2885666,12.29365,-1
4223,3.5712059,3.8831463,33
175123,5.080869,-0.16380847,24
141584,2.029372,9.980118,-1
184547,-3.5732338,3.538716,-1
109542,5.371068,6.6256933,-1
85043,5.7834463,9.013644,-1
44198,3.1577122,4.2214065,-1
179087,10.445242,18.996412,82
201949,6.1841726,4.9996915,-1
84936,3.6561122,4.7171154,-1
44304,1.7557641,9.303436,-1
23619,1.1343954,14.070912,-1
84904,2.3972368,6.484475,-1
153905,2.368344,9.334299,-1
179124,-4.0160155,13.000537,-1
23570,1.1597207,9.383992,-1
89006,-9.912424,16.112776,-1
104049,7.4174604,10.490599,-1
37743,12.356813,-11.261944,88
174119,1.8555338,15.778535,35
200377,4.908684,7.7396436,-1
148596,3.0638795,13.979904,-1
105965,1.6448865,9.913998,-1
148511,-10.547316,6.0953035,64
5631,3.632561,4.841393,23
20222,9.657474,14.068357,-1
21341,-2.048551,5.112585,-1
51290,4.309222,14.231869,-1
148341,2.7295256,5.9005036,-1
181949,6.1855764,4.99862,-1
148759,4.237689,6.9993,-1
80826,-0.63230854,10.910868,-1
174098,-3.602321,10.190663,-1
48994,-2.9487903,23.991673,74
48995,12.449348,-4.839445,79
200234,-1.4540712,5.566536,-1
173782,-0.82362515,0.1875544,0
21220,1.9242731,6.68707,-1
49091,1.5747573,1.9156003,-1
49159,15.595972,6.3187075,-1
182078,-6.8887944,13.360042,-1
181734,-1.6010373,9.281802,-1
1883,5.2949243,12.289538,-1
47878,-5.0437484,10.760569,-1
80571,2.5026755,3.8519003,-1
36299,-6.992608,5.694204,-1
27507,1.8082129,2.5387697,-1
51648,-15.353172,11.479705,89
181392,2.4950964,3.6465402,-1
144418,0.53845596,6.3968253,-1
37134,-2.9747007,14.825944,-1
162572,0.10938482,10.896018,-1
162628,6.2057357,4.506943,-1
82405,3.760938,19.329077,-1
181696,-0.40087152,11.37878,-1
149334,-11.977589,4.112488,94
144610,6.242537,11.525293,-1
149136,2.064736,3.7282834,-1
149089,2.028334,9.180826,-1
37054,0.68261474,6.490295,-1
149029,6.4407444,4.739437,-1
181676,3.4906325,14.7878065,-1
48404,10.166836,21.448563,98
82260,-0.8562452,11.2157345,-1
162696,16.830818,-2.4272408,63
162814,5.1557875,5.9077907,-1
107480,3.0552025,13.468668,-1
51105,17.91788,5.2618876,64
163032,0.40809676,5.6992936,-1
204913,4.0012045,8.231227,-1
146680,1.7160236,15.877221,-1
89995,-3.8563488,5.6160154,-1
81072,9.725053,-4.617923,-1
81087,-1.2343246,4.443558,7
27730,1.5373985,6.6594596,66
146622,2.8362572,14.241474,-1
96029,-0.470164,7.3387995,-1
50610,1.7893649,2.8211985,-1
20589,3.5131729,14.377119,48
162862,2.0698652,9.096479,-1
146503,-8.171489,13.619991,-1
50134,2.0510101,3.5163424,-1
6016,-2.449132,-1.3170805,62
146447,2.3984573,10.061148,70
146443,-5.1563845,3.0170121,-1
20729,5.87819,8.863879,-1
90041,4.906422,6.10964,-1
81289,4.628045,9.11448,-1
199748,14.339945,-0.7038908,111
146183,-8.912312,-5.90178,110
146741,6.178434,5.0233994,-1
36798,-0.02757114,12.0347,-1
106681,-1.6621686,15.5317745,-1
36801,0.445512,7.1230717,-1
81784,-0.2423055,7.2603254,-1
106339,1.7883295,3.266046,-1
200167,-3.0262368,14.877043,-1
147817,3.1188295,2.7223547,-1
81767,-1.148164,7.548925,-1
200130,2.312669,2.1241124,-1
163458,18.536608,-4.915274,88
183017,-2.4388351,-1.308642,62
182195,3.0260096,11.930505,-1
106432,8.01738,-3.2896376,84
106477,18.658876,20.229397,88
89946,10.196667,1.4780575,-1
145408,1.5910922,-3.1399987,-1
49551,4.066413,11.67629,-1
199611,9.760306,-4.6532354,38
36827,0.21237253,0.59754914,-1
49638,-3.6348913,2.166771,-1
81571,6.8499494,12.41819,-1
107305,2.0397584,3.3815105,-1
36812,1.6656903,15.850088,-1
183377,6.5848546,3.0221813,-1
149631,-1.6210767,3.0682645,12
83620,0.2615617,9.03307,-1
46670,1.8313519,2.217474,-1
19765,2.3091292,9.953674,70
143467,5.162476,18.418018,51
80158,8.024258,-3.2900207,84
22416,4.1178727,8.069438,-1
163807,-1.4705666,10.459042,-1
37583,3.794119,9.954449,-1
6574,0.3160926,0.38656175,-1
83308,-13.703343,-2.9896607,111
108291,0.3323268,9.483052,-1
5077,-6.888818,13.360057,-1
37561,4.5642753,7.564017,43
2086,10.44494,18.996101,82
37535,5.840923,5.8446884,-1
104618,-7.4124665,3.6427112,-1
46785,6.206389,6.594676,-1
28047,3.9984608,9.624645,-1
108270,0.860841,5.597541,-1
204547,-3.5794191,3.5395772,-1
150844,8.570219,2.660415,57
83113,6.8301315,5.667119,-1
83109,1.8807555,16.167854,-1
199231,4.388781,4.8864665,-1
89496,-5.6375327,25.450974,89
173575,0.31824556,0.3915922,-1
82526,-5.5008945,8.899212,-1
180377,4.9106765,7.739535,-1
174547,-3.577444,3.540633,-1
37692,-5.180254,22.65427,102
4948,6.1850977,4.998736,-1
143207,2.9526286,9.872892,-1
80060,-7.5199656,2.7158594,74
36096,6.971349,6.881456,-1
83567,9.857289,10.684411,-1
80071,10.54639,21.505177,98
83560,6.2807226,7.090978,-1
108479,6.3975115,10.605824,-1
199124,-4.0156198,13.001386,-1
46522,6.0608797,7.4618125,-1
2123,-4.014869,13.001655,-1
201043,5.687139,7.442498,-1
90303,1.2792842,14.202298,64
143266,6.2218037,11.997613,-1
46368,-2.5507307,18.041183,101
183782,-0.82398033,0.1875948,0
80112,6.1129384,4.4650707,-1
200993,11.698437,8.353581,-1
205123,5.0803204,-0.16420515,24
83105,2.900651,0.8939057,-1
46877,8.532474,-1.5549234,21
80327,-15.353285,11.47967,89
80531,9.6702175,23.366564,102
90233,0.63195777,8.608916,-1
47610,2.0903504,6.585437,-1
89694,0.30927643,9.454837,-1
80506,1.3023324,10.816015,-1
89700,1.622942,12.295184,-1
37286,21.504047,3.786534,61
21893,-8.712382,-1.0578976,97
82672,3.0272288,14.033524,-1
181186,6.0659223,2.3305035,15
89717,-1.6776947,10.051993,-1
21846,-6.7808867,10.363393,-1
104729,6.327514,4.523703,-1
47706,3.2456896,13.89495,48
181224,3.5745616,3.886795,33
89726,1.6102821,9.657645,-1
20058,2.123563,2.0472794,20
47763,-1.9971386,6.569025,-1
20062,3.0523753,1.033053,5
82572,-7.2758307,4.040605,-1
6376,6.5851665,3.0225482,-1
37171,-0.85309726,9.493434,-1
36296,5.3281174,-4.7949343,-1
80467,3.8721008,8.050303,-1
51913,-4.1170645,2.4117088,-1
37344,17.612474,-2.1971974,-1
83068,14.336364,-0.70074975,111
96611,4.4833527,12.932518,-1
199280,-5.7086186,7.836959,-1
5194,2.9977589,11.9338255,-1
46985,2.0799775,-0.56884855,-1
183575,0.31820345,0.39190322,-1
174385,-1.69454,9.3528385,-1
52021,3.4962666,-0.5309286,18
104867,0.30841205,9.507347,-1
82979,-3.9928355,5.827786,-1
150369,-13.631845,15.597879,90
162238,0.5137233,7.107154,-1
27392,5.4032273,0.026599351,24
150325,-0.2497114,11.032567,-1
150222,-1.0586401,7.6451554,-1
150217,-17.533022,11.47928,89
47350,0.9439807,6.74612,-1
51951,5.114087,18.361326,-1
180993,11.703441,8.358781,-1
181043,5.6552916,7.4231563,-1
38730,8.055161,10.916656,-1
53391,10.308115,-1.7992231,47
182632,3.6004426,4.829673,23
203782,-0.82673746,0.18332745,0
99057,13.434219,16.725828,65
99030,5.7608166,12.125003,-1
78574,-0.3649471,7.563808,-1
175579,12.082349,8.680352,-1
39143,5.3275995,9.978119,-1
203377,6.58576,3.0226746,-1
175553,11.187471,3.610006,-1
175521,12.35683,-11.261973,88
54992,2.1400926,4.352757,-1
158454,0.04438581,5.6411495,-1
2610,9.7602005,-4.653229,38
177544,-2.4972577,6.945526,-1
160212,3.9286017,8.612991,-1
39676,0.47818968,6.9403315,68
176602,2.7620788,5.934869,-1
100364,-4.6803637,2.874492,-1
88451,-6.068908,-2.778805,86
55916,14.336408,-0.70038706,111
39177,0.06273925,10.333972,-1
156830,1.5183097,6.963881,66
110960,3.6379437,1.4723998,-1
110444,1.754618,10.641702,-1
3129,2.3323026,2.1236854,-1
78544,-1.7253419,5.329901,10
41927,3.7311175,9.971795,-1
18102,-0.83760655,0.16663551,0
40682,8.237674,15.019881,-1
86625,-4.8591084,3.1593797,-1
87458,-7.090559,3.665207,-1
28439,8.029628,-3.2923617,84
24806,16.830978,-2.4271147,63
42188,0.4827234,6.5858493,-1
97791,14.274986,9.471625,-1
40287,6.2295513,4.445147,-1
110280,0.51556396,11.889209,-1
138868,2.9250627,9.741933,-1
42472,-4.759893,3.1603703,-1
156151,5.0616465,7.2377415,-1
202632,3.6251066,4.831856,23
159418,6.0477242,1.8830614,-1
95222,6.391377,4.626803,-1
87624,-1.2823008,4.348554,-1
164397,-4.1432657,5.885312,29
88564,1.5855378,-3.1357489,-1
35295,9.845057,10.734117,-1
159367,-1.263087,4.4178853,-1
176337,3.3728685,16.633186,8
140578,-10.361436,10.060389,-1
98718,20.757236,-3.8012075,-1
86346,-3.8066447,5.5823755,-1
42314,2.551955,-7.700008,102
185123,5.0793996,-0.16478585,24
18582,0.70315486,4.072259,-1
164407,-0.5167242,15.217446,-1
156420,6.436366,8.433326,42
156432,2.992043,5.1892514,-1
156434,0.065194435,4.805687,-1
198286,13.653051,3.0926726,112
97837,12.0804405,-0.6802649,-1
158647,1.0360173,-2.1318936,84
158546,6.872883,17.262379,63
160266,-11.304887,19.71849,89
1285,13.653088,3.0926845,112
7384,-1.6909537,9.354988,-1
41885,0.3659448,11.4151535,-1
173017,-2.4458349,-1.3136908,62
156880,5.467533,-7.059865,77
88240,1.755072,9.679671,-1
139365,4.352775,6.126451,-1
157939,-11.976678,4.1130986,94
3376,4.9080915,7.740325,-1
185521,18.658829,20.229517,88
157344,22.362103,7.550046,74
185371,4.174274,14.481865,-1
157341,18.531403,-4.900506,-1
97939,8.104537,5.025695,-1
139855,6.0540204,1.9025676,-1
35451,2.798371,4.0927896,-1
95160,3.4708672,8.047263,-1
185553,11.191577,3.612116,-1
203017,-2.4462917,-1.3145746,62
157319,-4.3211718,12.549871,-1
157378,-5.983737,-1.7603333,-1
90792,4.603935,8.716529,-1
41281,13.770685,-3.5867217,98
3233,-1.4494324,5.5723443,-1
139426,5.843296,7.3261814,-1
87044,7.7353263,14.411365,-1
99716,4.540884,7.624348,-1
40935,-3.0262833,8.541281,-1
41173,4.8964844,9.567611,-1
157689,-11.759049,-4.757169,91
40966,1.634778,2.8010855,-1
159784,1.3496763,6.911491,-1
7546,-3.5691574,3.5563147,-1
157745,7.0574145,8.225787,101
176907,3.287655,-0.057883684,-1
157788,-3.3271606,1.3831835,30
176819,-0.38556162,3.0288105,12
159942,6.470971,10.984494,-1
41483,0.29426128,10.789784,-1
41502,0.9683617,11.772349,-1
185264,2.5928454,10.345182,70
41857,5.3206234,6.52969,-1
2747,14.497742,-1.0536134,111
156937,18.658772,20.229622,88
205371,4.1743984,14.480889,-1
86695,3.072259,2.8305054,-1
198202,-1.418147,14.824271,-1
25023,3.5524447,14.43461,-1
100090,-4.7026987,9.2386875,-1
110883,10.992385,24.047148,102
3166,-3.024267,14.874886,-1
41618,7.24384,7.2867146,-1
78175,7.9000444,8.423429,-1
157151,-0.83965355,7.618713,-1
86857,15.2008,13.782738,96
110564,6.8418403,7.39778,-1
140077,-6.4479637,8.152214,-1
87396,-3.935419,3.502458,-1
40793,-3.3480213,10.573528,-1
139233,3.388071,7.8841286,-1
157229,-4.0199485,-11.3986225,89
25494,18.391905,17.585333,53
25112,-5.814814,12.41905,-1
139238,-3.9997585,3.2702932,-1
185579,12.087244,8.684876,-1
157992,4.3892384,11.716998,101
55754,18.31743,12.450312,100
99974,0.28524065,7.1694098,-1
40992,6.3124337,4.4748883,-1
110207,0.36677548,13.002646,-1
159105,-1.2636139,4.416548,7
90907,4.790508,10.076986,-1
85788,-1.0287945,3.1553073,-1
138459,-2.5412133,18.03065,101
38872,-0.5839684,11.330182,-1
175371,4.158784,14.485925,-1
155818,3.0284479,22.338531,50
203575,0.31649235,0.39178002,-1
56188,3.482661,8.021168,-1
77951,7.6310844,-2.2819278,-1
26063,2.9532962,13.949465,-1
164781,3.2074525,13.707605,-1
138734,13.434048,16.72565,65
178286,13.653151,3.0927036,112
25927,0.14158402,11.924167,-1
77936,8.018088,-3.2884495,84
159193,19.601727,1.3546369,92
1394,0.8711517,3.8570642,-1
101361,1.1893996,-5.7739983,-1
95278,-1.101579,18.97997,83
39889,-15.953143,2.541601,87
155945,6.0815344,6.747014,-1
158838,-1.8943644,5.334384,-1
24444,-4.0083075,5.0677443,-1
155999,7.7230716,24.305931,102
155530,1.1894763,11.925593,-1
97696,-16.734837,7.1804442,89
198395,0.8487136,3.7622294,-1
176181,-6.8609056,10.447624,95
98654,14.001338,9.442828,-1
35709,5.221762,2.1992733,-1
155535,3.7025225,-0.56420016,-1
95258,0.06970834,4.8237314,-1
198411,2.3428156,2.714343,-1
78740,-2.2676065,3.6449022,87
39812,1.0080452,14.436856,64
178202,-1.4182277,14.82452,-1
78784,1.1742413,6.62625,-1
99305,3.5312781,4.8741283,23
150374,6.3094034,11.087429,1
206212,2.201885,9.505053,-1
94285,0.27814925,10.296816,-1
70708,7.017684,6.4966097,-1
50087,12.356859,-11.2619915,88
146587,11.096184,14.032871,-1
181080,-0.9201148,5.9418817,-1
128852,-1.8521742,6.656806,-1
180913,8.067266,10.98376,-1
162279,-2.5506525,18.041061,101
5991,1.7950475,2.5505364,-1
63631,9.723314,10.67094,17
29594,2.3680835,2.9008887,-1
174336,2.8564966,0.9379647,-1
82853,-0.3219618,9.20353,-1
89629,2.6891108,3.7598329,-1
159149,-0.3883036,11.370433,-1
111234,0.0633079,7.2994733,-1
130874,20.037457,1.4205066,92
199808,10.325104,10.706135,17
106772,15.52837,24.691582,88
174358,8.438561,3.3813012,-1
39978,8.170157,10.873918,-1
174317,15.200961,13.782805,96
170000,-2.5351195,-1.4568244,62
167468,-2.6191757,4.162179,-1
47620,-8.712374,-1.057919,97
73996,-0.975979,6.0201745,-1
106748,-11.735153,-4.7814684,91
120905,3.4358852,7.186661,-1
26189,4.5096107,10.118194,-1
82682,0.41887122,12.946068,-1
81466,5.314747,0.038621277,-1
99194,2.0157049,7.162723,-1
189547,3.9041893,1.7718382,-1
149855,-11.979761,4.111152,94
121968,-16.73483,7.180408,89
159576,12.551002,18.332756,105
98453,9.8806,4.053413,57
74940,2.150172,9.445558,-1
159070,6.241853,16.063065,-1
120026,7.900637,8.422999,-1
105192,-3.1796567,1.7571162,-1
176073,-16.79981,17.565094,89
62044,-5.7807045,-5.792698,81
82794,4.1032734,9.295485,-1
12030,4.683235,6.4943366,-1
105093,23.593363,1.7649511,102
36752,-2.6439886,7.8265386,-1
189669,10.389824,10.586001,-1
149971,9.882912,4.0544057,57
206073,-1.8691314,26.871378,89
50020,0.39466327,8.952659,-1
149970,7.317761,9.36397,74
9620,-2.1675363,6.4618955,-1
189527,10.953788,26.265963,102
149882,6.4169106,13.89322,-1
32981,1.6670407,9.213606,-1
104915,6.3989477,10.59348,-1
189712,8.1554165,4.990816,-1
106809,-0.26057044,6.1856656,-1
131121,-7.867762,11.739024,75
150896,17.861435,8.223268,77
150892,7.226224,7.3192244,-1
25412,4.732451,10.866368,49
87244,0.5702097,12.282497,-1
14487,-0.16282469,10.830928,-1
146251,-4.9040313,3.6299925,-1
104646,-18.519691,9.486956,89
128317,-1.6142067,9.278917,-1
116459,7.8939357,10.547368,-1
89530,-1.921977,9.751688,-1
14500,-1.9035501,5.3432646,10
189808,10.29848,10.696652,17
83140,4.956769,9.180765,-1
63997,0.7394695,20.75749,-1
63955,-1.8807291,0.63409734,-1
14545,2.9686546,14.202388,-1
150910,-10.547638,6.0951586,64
83188,-4.360765,3.7912455,-1
204556,-15.953194,2.5415626,87
131137,5.1665006,6.319852,-1
203696,8.346507,14.436059,-1
104530,-0.10656459,19.602465,-1
104538,2.084581,-0.5541517,-1
116504,0.77170646,27.323263,74
64156,-4.1983256,-5.3586683,91
22320,-0.26198158,12.413749,-1
131142,17.614162,-2.1987047,63
2715,10.484297,8.899011,-1
104612,-2.2947333,6.8274097,19
27332,4.531937,2.0991366,-1
9072,-18.518772,9.488104,89
200913,8.0674925,10.98439,-1
70109,3.1720424,13.736973,-1
9773,1.8468049,12.779127,-1
122356,-4.074516,5.5100193,-1
46739,-2.718268,7.7988605,-1
22250,-7.870407,11.739603,-1
70106,6.2812138,7.470524,-1
22189,3.5268958,7.776466,-1
116291,17.000265,2.4815867,26
189716,10.480069,8.894821,-1
206885,6.00678,20.764791,80
169975,-1.5404178,10.053742,-1
157981,1.9812522,7.650908,-1
204595,9.882767,4.054419,57
193696,8.34567,14.4343605,-1
25958,-3.9944434,5.875625,-1
69934,0.9689822,3.8885338,-1
81346,15.227847,-6.1749897,102
70728,-0.23247463,-4.5647435,112
73822,7.1187434,13.707025,-1
150651,18.321749,12.455541,100
157984,-4.4458494,3.737557,-1
12067,-0.77574456,12.445519,78
150472,6.697188,-3.776671,-1
172018,-4.732492,4.4389,-1
176730,0.49444637,6.411943,-1
46975,-1.8604045,5.33911,-1
150834,-9.564492,14.011086,-1
206235,2.9951923,-1.8116325,-1
146418,20.037468,1.4204617,92
99390,-11.718099,-4.799071,91
176774,1.8464171,12.7787695,-1
9729,0.49673977,6.416892,-1
6022,4.132186,1.7559683,27
89548,2.1999073,9.371215,-1
88059,5.319612,6.548444,-1
128460,-1.1076452,7.5039167,-1
203230,-5.787545,-5.7887654,81
25969,20.775078,9.755771,92
170371,1.4138837,8.870223,36
50146,5.3540883,9.503543,-1
96615,-6.889027,10.413756,-1
83041,3.2750134,14.205792,48
116301,9.698753,10.795947,-1
166681,-5.2416987,3.4202838,-1
25911,2.7436545,10.044162,-1
188816,18.022644,-7.350153,74
5927,1.4191079,7.0607433,-1
92816,-1.5966794,11.513298,-1
48626,-8.89656,-5.886745,-1
11855,4.9542375,3.4617336,-1
148618,6.556236,7.358296,93
129875,5.250916,8.409066,-1
147678,4.4357896,8.952833,-1
200371,1.4112185,8.871992,36
158659,1.4646674,5.6448236,-1
188902,1.6743149,11.738599,-1
171941,-1.1342156,11.393168,-1
82096,4.499034,10.421353,-1
74447,6.4561715,7.8292084,-1
87732,18.15826,6.7854505,80
49341,10.446365,3.2026494,44
98733,23.5934,1.7651801,102
193023,4.131235,1.7699839,27
130001,21.504183,3.7864206,61
158666,3.6658254,-0.6150013,18
158848,3.6295192,4.7136045,23
74772,-2.0354078,6.6754484,-1
48616,-2.4826458,-1.3810419,-1
105710,0.7488254,10.787345,-1
29490,-15.953251,2.541506,87
40452,-7.091314,5.4416194,-1
115711,13.653504,3.0930421,112
74345,2.52348,3.73869,-1
48440,-7.091656,3.893835,-1
62894,-1.0429536,11.82175,-1
96152,-0.8327462,5.8746457,-1
74789,-7.6108527,5.4139395,-1
98838,8.029772,-3.2924576,84
48474,1.5519878,10.473135,-1
192992,1.8098354,2.5526824,-1
30864,6.1349864,27.367292,88
74369,-10.163147,-8.136526,89
2807,10.34889,10.702221,17
148669,-1.6920516,3.8216789,48
49425,4.542428,6.105604,-1
195875,4.4581385,5.1292634,25
62651,5.7905765,7.388458,-1
203430,-1.4670901,10.059097,-1
94150,6.1981087,10.996036,-1
49011,2.279296,29.05612,89
148143,-5.263891,3.4119327,55
9320,6.6902423,14.954915,-1
106181,0.7600469,3.054503,-1
147867,0.771707,27.32324,74
158774,3.9877405,7.8511252,-1
2974,-1.5430617,10.049274,-1
9285,6.9710784,6.8829055,-1
182018,-4.733704,4.453312,-1
166918,0.3283636,9.4735,-1
62483,-2.6941378,14.482934,-1
49069,-4.293136,15.33359,75
147868,10.446202,3.202958,44
11435,3.552782,7.166708,-1
106288,-1.9158456,5.542406,-1
147869,7.3639083,14.53311,-1
121382,-4.374182,3.30328,-1
121366,6.6985693,15.616257,-1
69667,-8.051428,17.706682,107
21252,2.8109157,7.728338,-1
147852,2.3750973,6.3717446,-1
121408,-18.518984,9.487896,89
21335,-4.0941815,12.964228,-1
74501,1.6677816,9.423886,-1
195897,13.727348,13.911157,111
48847,8.244805,22.406109,63
121448,1.7165143,15.911074,-1
115519,4.2360063,2.2072086,27
92986,-4.1796074,2.9969223,-1
181941,-1.1325388,11.395799,-1
106104,0.4035353,-13.765713,88
148291,-2.2986948,8.243169,47
48922,4.755958,5.881345,8
176321,6.691253,14.955148,-1
2999,-2.5349793,-1.4563812,62
115484,3.1632366,5.2398934,-1
115327,2.0119264,-0.46214035,-1
158754,14.251945,9.408252,32
174096,-1.8692659,26.871159,89
9234,2.9951458,-1.8125343,-1
48398,3.9922853,5.056226,-1
91825,7.74368,6.8969154,-1
98947,0.2816303,11.2107115,-1
176212,2.2088916,9.499647,-1
130616,6.1315713,13.907145,-1
96374,3.9257948,2.2375872,27
121828,4.8388214,3.603978,-1
87521,1.0600597,8.360783,-1
121789,2.9186919,7.359441,-1
158382,2.463693,3.8185596,-1
63216,6.2629695,7.1095204,-1
149596,2.0218997,10.303307,-1
196073,-14.930118,6.2666655,89
69341,21.504236,3.7863808,61
181369,2.0715647,2.3392758,-1
149585,-0.1564977,5.555706,-1
87926,-4.8647704,3.2652984,-1
74191,5.5628405,-0.02294815,-1
74870,-4.2639556,-2.5347826,-1
149581,-9.357425,-11.617062,89
9211,2.2087977,9.494621,-1
199975,-1.5461892,10.070953,-1
81565,-3.4817712,2.1323273,-1
166852,-3.8561928,5.655352,-1
105371,4.1315813,1.7681009,27
94243,-8.178561,18.09698,107
166838,-10.361454,10.060386,-1
181210,5.456128,10.0421,49
149783,8.1836195,7.867056,-1
49873,5.0436993,10.621844,-1
158211,5.3342624,0.13374664,-1
130312,6.2603006,7.7932277,-1
115988,2.7564864,8.641121,-1
105329,-4.4321713,3.6786296,-1
176621,-2.165366,6.4625297,-1
175875,4.457353,5.1279235,25
146886,2.132606,9.478312,-1
193430,-1.4676597,10.063253,-1
146928,4.069066,5.191355,-1
105360,0.20340319,-1.6370068,-1
162486,-5.521579,7.1868277,-1
166848,3.2194498,2.57024,-1
96354,0.33557665,6.6824675,-1
149550,7.251028,7.6067977,-1
89812,10.315102,-1.8055838,47
176286,6.964961,6.87989,-1
200506,-0.7053513,12.382799,-1
70329,2.0731528,-0.57101214,11
167291,3.6934695,4.597046,23
195741,-1.9782108,9.676791,39
40989,0.12571363,10.91542,-1
96293,8.44545,3.4933784,-1
62252,1.3739725,10.839924,-1
149180,-16.227076,14.50253,89
98262,1.92356,9.693432,70
115875,0.73803115,3.9280922,-1
1901,1.6867961,11.75291,-1
63049,-2.9232366,-0.26439735,-1
1815,0.7717042,27.323215,74
189302,14.355836,4.6419625,86
192928,1.4187882,7.0606627,-1
129610,-0.98865545,5.990564,-1
121694,-5.453831,16.17745,-1
11898,-0.9860109,10.721275,-1
63090,-0.01811509,10.040759,82
170506,-0.7019415,12.377467,-1
30894,4.6910377,9.625849,37
14975,-1.6069635,5.520745,-1
175897,14.336398,-0.6999106,111
166889,6.787816,4.1245217,-1
69923,2.7922254,-0.5008095,-1
181416,10.230361,10.646991,17
88180,0.5590924,15.244198,93
92781,13.433819,16.725561,65
47997,-17.534388,11.477394,89
193230,-5.7875867,-5.7888365,81
115840,17.001045,2.4810922,26
176235,2.9956224,-1.8125858,-1
200000,-2.5352135,-1.456904,62
29524,1.3686006,9.1593275,-1
37085,6.165517,8.06881,-1
162931,10.578544,3.062029,44
39877,6.2437563,4.4743075,-1
105610,7.892312,8.383059,-1
40194,2.4944205,10.048433,-1
105635,4.8150077,7.0597105,43
67200,7.284358,15.290343,-1
151084,-5.5485377,7.1387415,-1
66171,6.1784806,13.914122,-1
67759,6.3157053,11.09545,-1
44274,-1.2808379,1.3220216,-1
24612,-2.7188032,7.8023195,-1
194595,9.882717,4.054409,57
44293,1.3825145,9.632384,-1
201941,-1.134654,11.393182,-1
192018,-4.7379766,4.451257,-1
66216,3.0975626,4.902996,-1
168641,-0.28990933,5.3892517,-1
72366,2.1045916,3.7441556,-1
194096,-2.0415046,-12.329968,89
191080,-0.9223178,5.9370294,-1
153870,0.29995325,10.763867,-1
23574,-5.050736,10.757193,-1
118040,-15.953205,2.5415595,87
93272,4.360738,12.037243,-1
119151,0.05367414,0.8433306,-1
156167,10.951416,26.268583,102
32025,9.049148,16.359554,95
44257,-0.5490974,11.477413,-1
153983,-15.210098,11.7428255,89
177869,5.8481855,2.216401,15
119074,0.40236586,7.0356255,-1
86201,1.5830188,2.9527087,-1
13326,2.475782,2.3300726,-1
178902,1.6875753,11.751664,-1
191210,5.459022,10.042908,49
202018,-4.734533,4.442177,-1
125450,6.2001467,10.98739,1
44131,1.306187,1.551843,-1
97421,-4.2285657,11.2364435,-1
30071,-3.565047,1.2907627,-1
171080,-0.9210594,5.9417315,-1
72235,2.4542365,4.998827,-1
154067,-9.912302,16.112715,-1
2546,3.909957,1.7742007,-1
194556,-15.953044,2.5415502,87
102331,15.587049,11.2888775,97
92526,4.6784806,-13.773908,61
26814,2.2002137,5.6517453,-1
125561,9.604058,0.25839972,70
38425,4.9694967,8.997522,-1
118004,5.7945485,2.136024,-1
72417,3.2089717,4.7100477,-1
71497,-5.5238285,7.112615,-1
161047,5.9327183,6.859631,-1
97836,4.875245,10.110093,-1
44668,-1.3520943,11.393742,-1
10309,-4.0986004,4.038181,-1
102895,0.073695384,4.83627,-1
190913,8.066465,10.984841,-1
153375,-7.153131,8.260428,-1
102968,5.271722,6.4172196,-1
102969,10.309935,-1.8005496,47
24760,-3.7967722,2.955498,-1
103010,9.57144,10.579369,-1
2301,14.334804,4.6202736,86
126149,4.135789,9.579064,-1
103028,6.528369,6.8020563,-1
32200,5.443982,0.030710207,-1
103032,-0.43914565,10.26085,-1
32201,-0.52482116,11.590553,-1
30327,2.9276776,3.9595535,-1
126201,-0.27020812,12.41981,-1
86428,-6.7978125,3.8034434,-1
125899,-16.799732,17.565233,89
117832,-4.0758147,3.7096798,-1
206730,0.4953763,6.411942,-1
160290,10.16216,10.690009,-1
13463,-15.399335,8.500573,89
10363,2.9557989,11.61523,-1
4368,2.068948,2.3765583,-1
71403,0.8014865,4.0919623,-1
97809,-3.663011,2.884207,-1
67900,-11.743391,-4.773423,91
153645,14.3372965,9.573236,32
153615,5.13921,22.881468,-1
67919,-5.552094,7.116166,-1
160288,3.2505407,14.138205,-1
72473,2.2731411,2.1580906,-1
72496,10.262694,10.29677,17
102760,3.422534,2.371178,-1
179302,14.353633,4.6386585,86
39031,12.722098,6.639903,66
4415,10.244175,10.652074,17
84654,4.6893644,9.624612,37
153529,-4.0199776,-11.398636,89
86365,0.90363145,6.814246,-1
160908,2.9720306,-9.59888,84
119056,-5.5603423,7.1324296,-1
122382,1.6231114,10.75561,-1
290,3.705034,4.6192546,23
160523,18.658741,20.229553,88
85591,6.4801264,7.133422,-1
43458,0.7396849,20.756548,-1
38793,-4.038408,5.7431273,29
194336,2.8565233,0.9391571,-1
97605,-1.6162422,16.601103,59
160512,2.6907482,5.003717,33
101285,4.7643056,6.202966,-1
154813,-15.353398,11.479592,89
67372,-3.8261228,3.5656352,-1
43582,-0.89991593,6.032995,-1
43583,2.9065797,1.0427758,-1
31673,3.7611015,19.329657,-1
66928,15.20115,13.782881,96
154788,-2.1722858,9.419334,-1
124738,0.07222349,4.838085,-1
194358,8.437175,3.3777456,-1
124750,15.328052,-8.818072,74
168902,1.6884545,11.750867,-1
155496,-4.315441,-2.6296604,-1
31760,-2.914052,14.765212,-1
124296,2.0137892,-0.59818643,-1
71856,2.1390998,3.011374,-1
155303,-4.501591,3.818592,-1
178343,-0.45704827,12.580965,-1
31697,2.9927313,9.867048,-1
155223,1.1712683,11.7471,-1
178362,22.362177,7.550036,74
85766,2.920282,11.693048,-1
3912,8.066997,10.98514,-1
204096,-4.019996,-11.398647,89
170913,8.067817,10.98607,-1
71774,0.06652262,4.8041725,-1
67109,-0.76299775,11.674127,-1
67298,4.6642027,9.0792885,-1
85644,6.3722157,4.5435467,-1
24143,6.7140536,-10.401517,74
124549,6.2518797,16.138039,-1
12983,2.1739655,8.982176,-1
43359,8.229641,15.014186,-1
160656,-0.7239644,11.348679,-1
194317,15.772299,13.737086,96
88749,6.811741,5.6797805,-1
178641,-0.2866067,5.385482,-1
43676,16.487463,4.698995,80
4209,5.46106,10.042677,49
124816,6.1346264,27.367811,88
13207,0.45515996,7.469615,-1
13209,-6.746387,1.9923394,-1
23889,-5.6393547,8.840233,-1
191369,2.100098,2.3387542,-1
102070,1.3592676,6.7449965,-1
88866,-1.8633565,0.6220764,-1
118292,14.35745,4.64211,86
154328,1.3524995,7.8716507,-1
191941,-1.1369033,11.391008,-1
86049,-5.787564,-5.7888794,81
168816,22.36225,7.5500255,74
38521,8.057519,7.9099054,-1
71547,6.4650793,7.257748,-1
178816,18.022636,-7.3502,74
154301,2.9964569,2.8290608,-1
97475,4.533432,3.02933,-1
2526,13.8081255,21.67725,102
38512,-4.22517,3.1275082,-1
72176,-4.285708,12.494091,-1
86081,5.7439423,7.4227366,-1
154242,1.43789,1.6194364,20
160808,2.441055,10.152117,70
160427,-16.259554,14.468987,89
125132,2.601971,9.413662,-1
155776,1.0675457,10.608798,-1
42992,5.38314,0.013066596,-1
101831,22.145382,0.67783576,89
101832,-5.050084,10.75716,-1
42949,2.9461215,0.96107507,-1
67426,-2.7177706,8.515427,-1
4079,-0.9323961,5.9407096,-1
71630,2.0015697,0.64998,-1
67477,1.6526642,7.791191,-1
154553,2.9158728,6.279809,-1
169302,14.334324,4.619865,86
10590,6.3448753,4.6456456,34
101078,2.361639,6.3541846,-1
66717,1.7319382,2.4928052,-1
206621,-2.1653395,6.458937,-1
43768,6.194954,10.959102,-1
160431,1.836132,2.5262272,-1
191416,10.232486,10.647777,17
97727,2.1043317,7.4999385,-1
24452,4.7368984,3.5713558,-1
72703,4.0157285,9.511205,-1
196212,2.212967,9.499233,-1
126238,-5.091862,10.709179,-1
68495,2.860348,6.3229723,-1
71004,2.8064847,14.258333,48
151834,-7.1621037,3.768783,-1
171416,10.232865,10.647383,17
73246,-3.4482586,-6.1611733,-1
2668,10.393408,10.586476,-1
151812,4.149571,14.290247,-1
203023,4.1353517,1.7693785,27
119663,20.037493,1.4203812,92
127434,4.350977,2.1451075,-1
151775,13.808265,21.677288,102
32533,-3.1525242,1.6893125,-1
68466,-2.2834082,9.723293,-1
169808,10.343858,10.712561,17
64633,-1.2926105,9.602885,-1
174595,9.882689,4.0543823,57
96834,3.2065465,6.4141498,-1
12308,-2.0571096,9.62768,-1
161848,10.201488,10.660716,17
159896,5.1702385,6.3871446,-1
4940,-1.1383771,11.395638,-1
174556,-15.953284,2.5414608,87
127306,-16.24123,14.458478,-1
202992,1.815493,2.5309744,-1
157243,-16.25958,14.469066,89
190371,1.3944716,8.881748,36
179975,-1.5518514,10.073536,-1
83965,-12.528736,12.836469,111
14009,4.8296676,10.494491,-1
127046,2.1958625,10.102972,-1
180000,-2.5352602,-1.4570194,62
22817,1.594534,8.811891,-1
93775,2.9141858,7.432091,-1
161588,-8.319564,10.612368,-1
161645,-16.260101,14.469098,89
201210,5.462228,10.04266,49
100017,0.9621171,7.3679395,-1
169716,10.493329,8.905976,-1
100007,6.209123,4.5272813,-1
96954,1.6796981,7.2658396,-1
64909,7.8005643,13.713706,-1
96952,1.2155967,3.1692367,-1
12334,12.250729,-8.276514,92
119610,-4.1221995,3.0683885,-1
64869,1.6576089,9.302524,-1
73350,3.054767,11.603995,-1
93641,0.4817729,7.1535516,-1
151624,2.974719,14.16733,48
30478,6.1376247,27.365868,88
189975,-1.555203,10.070067,-1
206286,6.970267,6.8822966,-1
180506,-0.7068116,12.383044,-1
70832,2.9279099,14.299673,-1
99624,5.6764107,14.235478,-1
41108,0.10791786,5.6378098,-1
104362,-0.26222998,12.01176,-1
175741,-1.9776361,9.678352,39
151271,8.183823,7.8677096,-1
29739,-2.4633062,12.438991,46
122431,4.711755,1.8314489,27
128089,16.897362,15.214542,89
46574,0.32867894,9.48246,-1
176885,6.0068636,20.764734,80
167869,5.86732,2.2355618,15
22383,-7.279269,8.1971,6
22371,5.8504333,6.434962,-1
2711,8.155549,4.990898,-1
83307,1.708313,6.5176826,-1
116595,2.6386523,4.6675797,-1
5017,-4.7359805,4.443954,-1
46428,2.9835484,9.903835,-1
127984,4.4706764,5.1233315,25
32588,2.3868337,8.274917,-1
201080,-0.878989,5.901572,-1
27233,9.042935,1.8116868,85
22575,4.2697415,3.17246,-1
3370,1.4116633,8.867486,36
85758,0.26302737,11.383766,-1
159888,-6.4463253,5.6072717,-1
41246,-1.315153,9.487183,-1
99719,-0.038530756,5.668792,-1
11165,2.8221223,9.723681,-1
206321,6.6912107,14.955257,-1
88290,4.5190687,9.889414,-1
9884,6.0068765,20.764849,80
122614,-4.587849,12.764416,-1
41225,2.1479778,3.6398752,-1
46348,20.754234,-3.8040102,88
22520,6.400007,10.998805,-1
151464,3.6871288,8.112399,-1
190000,-2.5353513,-1.4572214,62
87054,-10.272238,-1.685648,77
151437,-4.3209667,3.6070392,-1
65061,16.487432,4.699013,80
201369,2.0870652,2.3558054,-1
171369,2.0877824,2.3632238,-1
152908,0.5745052,6.962364,-1
177468,-2.6193342,4.1622367,-1
169547,3.9117558,1.7503031,-1
65533,15.227635,-6.174795,102
117460,4.9664207,9.187348,-1
65528,-15.35346,11.479583,89
160138,0.34781992,10.936954,-1
97157,0.17794423,8.817301,-1
179669,10.394441,10.583718,-1
92206,0.45959362,7.396368,-1
103269,-6.1585555,12.635444,-1
152810,9.562491,0.37589285,-1
84293,-1.1082993,18.982548,83
204317,15.772167,13.737078,96
152795,-0.6804721,11.954164,78
179712,8.155773,4.9906516,-1
100395,-11.239425,8.43159,-1
119448,5.0913467,18.335062,51
179716,10.492477,8.906598,-1
89167,10.176063,10.652838,-1
45300,-3.5855744,1.9780912,-1
169527,9.865219,-7.619748,102
156694,-8.912324,-5.901688,110
160189,9.695504,-4.5950003,38
119345,7.672638,15.547368,-1
171210,5.461638,10.043136,49
72721,-0.9909956,14.922933,73
97214,6.473114,4.692138,34
161221,8.837086,-12.208428,89
161235,2.4312997,6.4402204,-1
156538,2.7989264,5.3669295,-1
156549,-9.357399,-11.616986,89
153077,2.964266,11.436586,-1
179527,13.802849,21.677225,102
97198,-0.4648715,2.5436459,-1
38130,1.6685778,16.353947,35
13706,3.5010562,14.402934,-1
84391,2.1530411,9.781643,-1
68041,-4.4803596,12.827467,-1
179547,3.9037912,1.7593852,-1
126408,2.1972814,1.9757215,-1
68045,-3.5884528,1.9927249,-1
126425,-4.7607026,3.2882016,-1
24904,10.233067,11.006089,-1
100356,6.385179,13.828069,-1
152710,-16.734814,7.1803837,89
201416,10.252426,10.655085,17
73033,0.19501601,0.724072,14
68330,1.7587041,9.113618,-1
177291,3.72121,4.6088495,23
10086,4.678499,-13.773905,61
157111,-13.63193,15.598021,90
190506,-0.716897,12.3833,-1
202928,1.4196697,7.0551815,-1
152357,-4.170001,5.8153987,-1
126930,5.4393997,10.0341425,-1
84132,7.6907063,14.399258,-1
37972,3.7096827,-0.6013336,-1
39273,6.250741,16.139565,-1
169669,10.393951,10.580753,-1
152259,1.3736974,10.956273,71
169712,8.156055,4.9905806,-1
160026,4.5569987,9.852441,-1
204358,8.438756,3.3807373,-1
100032,-6.103994,12.592046,67
71111,3.985637,7.8459544,-1
92148,3.4436514,7.300555,-1
206774,1.8457469,12.778495,-1
168343,-0.45596504,12.582938,-1
24930,0.77170086,27.323189,74
72921,-5.517283,6.8806605,-1
168362,6.7140675,-10.40152,74
161425,0.6739134,3.1458027,-1
39192,-5.9530015,-1.7909033,-1
156848,-0.7109964,10.376403,-1
93705,1.4130918,12.169592,-1
86623,-5.687497,7.8170323,-1
123138,2.9087229,6.304177,-1
204336,2.854391,0.9372891,-1
45594,2.5859218,9.887913,70
65271,6.1373878,27.365881,88
126765,-16.259605,14.469279,89
32321,17.614458,-2.1986125,63
179808,10.323719,10.715189,17
3505,-0.71267205,12.381724,-1
86686,6.23013,6.65331,-1
467,-2.6203918,4.161806,-1
65217,0.2906649,3.6048677,-1
180371,1.412211,8.871092,36
1361,22.362371,7.5500503,74
144329,-6.861035,10.447681,95
91483,2.7279227,9.691458,-1
144146,5.674943,2.0766835,-1
137860,-3.9952948,10.321691,-1
137886,6.2341037,16.090223,-1
95861,10.066427,10.82472,-1
134873,2.3693385,6.345993,-1
53873,-4.2931137,12.50465,31
58885,3.0961964,1.805959,-1
107906,0.89156604,7.351045,-1
109471,-6.205738,12.678187,67
34716,6.3275776,4.5254703,-1
79294,3.1545968,5.156382,-1
141649,2.0564005,1.993233,-1
28829,7.29783,7.067109,-1
173696,8.347943,14.434257,-1
145007,0.9911738,11.765791,-1
79926,-2.0045776,6.5333457,19
165406,-3.0425718,10.817818,58
79277,6.2761645,11.047066,-1
53911,0.07874572,5.331882,-1
60990,3.5525985,14.131893,-1
20111,0.9766905,4.972528,-1
138886,9.760333,-4.653351,38
198641,-0.29246676,5.386825,-1
90195,0.4041894,7.023041,-1
163620,0.08877504,4.7951016,-1
144424,9.666781,10.681432,-1
136829,15.610962,6.3253117,52
134969,15.528178,24.691793,88
134970,-0.36632046,7.5716405,2
58916,-2.5412202,18.03065,101
144134,2.7242928,3.325105,-1
141714,-1.5630826,10.309254,-1
53839,3.1683497,9.842551,-1
8740,-1.9776685,9.678718,39
50401,-4.5308704,3.8247635,-1
199302,14.334391,4.6198487,86
187291,3.7124674,4.6109943,23
60670,-7.22416,4.2770786,-1
139035,14.251568,9.40996,32
173430,-1.4363345,10.042275,-1
95166,12.395867,8.97288,32
80400,6.191911,4.50813,-1
184358,8.431591,3.3612738,-1
79424,-2.3063228,8.252736,47
59022,1.3764161,2.6859562,-1
79419,-3.2844117,1.275792,30
53655,-4.839158,10.477538,-1
114010,3.4480104,4.542161,-1
6429,-1.4625795,10.057394,-1
144078,10.446204,3.2029333,44
80474,-15.95332,2.5414171,87
59001,0.66575515,4.9792814,-1
35487,1.0226706,3.3561552,-1
94449,10.663531,16.175709,-1
51858,4.0344777,5.7102566,-1
34637,3.5082555,14.412505,48
141786,1.9463418,12.617289,103
134771,-5.18023,22.654299,102
53815,20.03911,1.4206263,92
1640,-0.2943723,5.3865,-1
19094,0.40987873,7.0352106,-1
183430,-1.4675714,10.057758,-1
58798,-6.0683565,-2.7786217,86
76703,5.0378113,-0.14440398,24
184556,-15.953337,2.5413783,87
7095,-9.797215,22.510746,89
107633,7.7229753,24.306023,102
15880,5.3330836,0.032683346,-1
36357,0.18982688,8.537235,-1
90859,0.9591042,7.3052197,-1
109717,-8.1715355,13.620014,-1
172992,1.8067342,2.5559638,-1
18020,3.437991,1.1907378,-1
57619,9.742028,6.2040753,-1
107624,12.552168,18.331236,105
56614,3.9701807,2.1088629,-1
78578,-1.1078593,11.949487,78
8896,13.727267,13.911214,111
91513,3.0879352,-0.3135291,-1
197468,-2.6225705,4.1592307,-1
112597,20.03843,1.4208103,92
112594,-17.53456,11.477243,89
15852,1.6244189,10.596691,71
90173,2.9521043,-0.7735023,-1
56148,-8.178587,18.097185,107
135500,0.6606609,10.503618,-1
91515,13.411005,-0.08251832,-1
54106,9.882734,4.0542936,57
77289,14.497627,-1.0539616,111
35834,6.198576,10.988539,-1
112044,17.861605,8.22332,77
80806,-4.00852,5.523712,-1
138753,2.4166727,9.292023,-1
199527,-5.180214,22.654322,102
141497,1.7476844,9.673889,-1
55008,-7.2113657,3.788704,-1
1342,-0.44831723,12.585978,-1
91149,12.551169,18.332603,105
19019,-6.951831,5.1778517,-1
112717,0.07385639,9.483352,-1
135089,2.6374946,2.6662848,-1
135091,11.025197,24.03485,102
78070,4.7740755,9.666224,-1
136754,4.1511626,1.776514,27
78063,-5.875663,0.37673286,-1
141556,-3.6336575,2.1828935,-1
55050,-0.97655016,2.8779812,12
184595,9.882625,4.054336,57
76753,4.2486105,6.997941,-1
76758,1.6716285,10.619305,-1
76760,5.9948673,2.192737,-1
107645,16.897282,15.214497,89
35006,-1.5201094,2.4250135,-1
90177,3.2574139,4.2916117,-1
135259,2.0376747,9.290022,70
54016,6.678736,7.4823513,-1
56718,0.07054716,5.4506454,-1
186073,-17.571955,11.439851,89
185741,-1.980305,9.69342,39
36350,2.2826104,4.3651032,-1
8874,4.4791126,5.1339855,25
188343,-0.45405686,12.583085,-1
75479,5.182588,7.265553,-1
138830,-5.1801777,22.654343,102
188362,15.342332,-8.823835,74
183230,-5.7875366,-5.788942,81
18414,-0.25041744,-4.553433,112
75773,17.60465,-2.1908114,63
55264,8.159784,7.9645524,-1
52621,-13.63177,15.597826,90
60051,8.495627,-1.5065532,-1
34323,1.705879,2.6733584,-1
163832,0.36593312,8.521808,-1
142745,1.9163238,3.3722856,22
142734,1.4480383,1.6165844,20
139599,1.9357005,7.044353,-1
113671,1.417612,12.196454,-1
143243,2.9720016,-9.598909,84
134025,0.34870636,10.091433,-1
34464,2.7046125,3.6224492,-1
80093,3.0848384,-0.29413328,-1
196730,0.49215153,6.412482,-1
165924,4.581959,7.4728556,-1
165936,20.038824,1.4206381,92
90797,-3.5820928,5.979467,-1
60137,5.109687,9.529064,-1
184096,2.2793338,29.056181,89
198902,1.689209,11.748614,-1
94580,5.8031406,9.5912,-1
16576,2.2954087,4.093609,-1
187468,-2.6195986,4.1612477,-1
186235,2.9956374,-1.8133693,-1
59430,18.53657,-4.9152923,88
164666,1.6209699,2.1894627,-1
79719,-4.28094,3.0917606,-1
196774,1.8471594,12.778644,-1
143153,3.5814018,-0.50925994,-1
55775,-7.116261,8.27704,-1
111718,-1.9952738,9.643579,39
55585,-7.3200803,3.9323218,-1
76097,-1.7274861,9.259044,-1
142974,12.722203,6.639863,66
111702,5.174141,8.467973,-1
165834,6.7025714,7.3499618,104
90974,-4.9490395,3.2888405,-1
17534,2.837317,1.79613,-1
6695,8.349399,14.428945,-1
139432,4.5968657,8.975063,-1
142957,7.415414,7.573137,103
142991,16.89768,15.214608,89
186286,6.9720426,6.881132,-1
76074,-13.058612,0.13943875,41
186321,6.692174,14.956118,-1
57941,2.9719934,-9.598946,84
59889,-4.0494175,-2.1828923,-1
133575,9.048956,16.359613,95
165753,7.0913534,13.7327585,-1
7555,-15.953402,2.5411549,87
36036,8.471004,3.506895,-1
36029,0.24785033,0.64625317,14
196885,6.0068264,20.764973,80
16520,-4.054149,5.4274645,-1
143069,-6.068737,-2.778814,86
165040,17.91798,5.2618318,64
139540,-5.6375117,25.450972,89
19514,-4.5867724,3.9074879,-1
95130,1.5911691,-3.1401937,-1
78195,0.759682,3.0393872,-1
113715,0.19665733,5.682358,-1
196621,-2.1582043,6.439274,-1
94754,0.5372745,11.848625,99
77469,0.255956,11.425915,-1
76385,-0.44331148,9.275559,-1
75880,0.8783679,6.827832,-1
132934,4.968318,5.7183876,-1
143646,-2.0392752,5.3505373,-1
108250,-7.2517633,4.2894087,-1
16215,5.696932,10.386836,-1
142372,3.5040066,8.161435,-1
132895,-13.066543,0.13449688,41
173023,4.1534357,1.7435731,27
76413,-4.274741,-2.5761821,-1
163763,20.038801,1.4205745,92
166043,-0.08195877,8.964488,-1
19261,1.2815756,5.7630997,-1
163761,-0.47168174,11.558321,-1
19879,4.7036934,9.298677,-1
52144,18.658678,20.229706,88
95115,3.3274975,7.188298,-1
108151,0.17047091,8.394179,-1
184317,15.772041,13.737039,96
113918,-2.364491,9.624466,-1
95812,-1.0566413,3.1791904,-1
60551,18.158264,6.7855067,80
60586,0.1640275,6.1992006,-1
137816,-4.3062572,3.0000293,-1
184336,2.8578908,0.9385257,-1
164581,15.974561,-9.074962,74
59117,-0.37785566,9.141375,-1
187869,5.847561,2.217437,15
205897,13.727226,13.911231,111
34514,3.585705,8.157956,-1
198816,15.974593,-9.074909,74
29083,2.6044874,9.9107,-1
79686,-2.2080657,9.895051,-1
34525,-0.30875176,6.1932974,-1
53204,4.375666,-7.193247,77
19371,3.999888,9.592126,-1
134306,1.2389183,11.938439,-1
183696,8.348534,14.43338,-1
205875,4.463174,5.124619,25
139214,4.8704777,10.47904,-1
16643,4.6586895,9.286352,-1
186212,2.185349,9.472431,-1
53216,4.708662,1.8506141,27
36136,11.046903,12.8931675,-1
7594,9.8824835,4.0542965,57
133048,1.9456002,3.1402848,-1
59300,-0.25961098,5.0468254,45
55435,16.297302,8.65648,85
113232,0.5502665,6.373364,-1
110666,0.22284682,8.860911,-1
35939,-0.41817638,10.137676,-1
139879,14.366426,4.6527405,86
53287,2.0174577,7.1593475,-1
109026,2.6200473,4.7908735,-1
139185,1.2717246,14.188326,-1
142414,-0.48471355,9.643787,-1
205741,-1.9940971,9.681992,39
163775,5.259193,7.387709,-1
53306,2.5418024,3.844731,-1
16253,6.2929373,11.061242,1
145002,6.5314894,4.748689,34
166235,-4.534608,12.905222,31
33799,-7.242121,4.3010235,-1
78914,-3.9962091,10.322154,-1
145952,4.538251,9.11241,49
90097,2.8125613,-0.7302648,-1
61420,-4.188587,5.9149904,29
78994,-4.3644767,3.1031344,-1
114538,10.446254,3.2029202,44
61537,-7.7012863,4.1380577,-1
95087,5.292275,6.86809,-1
75272,9.670661,23.366808,102
199547,3.9050114,1.7573577,-1
58201,6.104907,12.137718,-1
35614,2.3549979,9.668673,-1
54736,1.9563906,4.0735307,-1
186621,-2.1644552,6.460583,-1
145397,10.2353525,10.646844,17
77101,4.528783,9.914464,-1
145933,10.4461975,3.2029793,44
17244,2.633797,4.4545083,-1
868,5.8516555,2.2320027,15
56542,6.1251397,7.0092635,-1
109913,20.752443,-3.806105,88
15665,-5.5042095,7.3358727,-1
138678,-13.355418,17.608278,89
56433,4.0909867,4.5709367,-1
54832,6.337369,4.617851,34
197291,3.7042487,4.5911427,23
77034,-9.797127,22.510658,89
196286,6.9693375,6.883848,-1
199716,10.493294,8.906137,-1
138270,6.714084,-10.401537,74
172928,1.4171708,7.058873,-1
135963,-4.46563,3.2412238,-1
90101,2.0998764,9.292936,-1
33935,3.0431585,1.9078041,-1
54542,0.39186016,6.5980325,-1
15652,-4.1101923,11.161891,-1
196235,2.9953246,-1.81354,-1
39933,0.33167437,9.504579,-1
163515,0.39667183,3.5457535,-1
15646,2.9823554,9.802588,-1
35749,23.59352,1.7654363,102
186774,1.8481175,12.778343,-1
140579,15.527999,24.691998,88
78612,15.97462,-9.074858,74
112450,-3.44324,2.1987185,-1
91052,-7.383192,4.227677,-1
36543,23.593538,1.7656848,102
185897,-12.528768,12.836448,111
15699,-5.5634656,7.1428466,-1
186730,0.49540943,6.4098296,-1
199712,8.156263,4.990516,-1
110036,5.7444673,7.5654535,-1
90103,3.2333105,-0.49949366,18
188641,-0.25687394,5.358401,-1
36541,0.52095914,11.317061,-1
196321,6.6913576,14.955616,-1
51029,1.2239013,10.992689,71
57791,9.664643,10.643297,-1
186885,6.0068316,20.765148,80
197869,5.850395,2.2203064,15
90143,3.1593883,13.604852,-1
131536,5.597616,15.31377,-1
7357,8.438435,3.3756168,-1
29209,5.8397737,2.1428974,-1
6229,-5.7927923,-5.7857666,81
58198,12.250769,-8.276501,92
198362,22.362383,7.5500283,74
131724,4.1019144,6.825659,-1
141280,3.9136963,1.7414236,-1
112295,4.0382743,4.8764496,-1
138234,-0.854084,4.8361464,-1
173230,-5.780113,-5.793235,81
15686,-1.4700359,21.368261,-1
28557,7.3058877,15.307412,-1
79017,3.3249655,-0.16650109,18
199669,10.406145,10.579241,-1
90639,-4.5219245,3.8871477,-1
198343,-0.45600694,12.588856,-1
17211,-3.9694755,5.373391,-1
7335,2.8626735,0.9345834,-1
164349,0.69812995,4.958436,-1
54495,-1.9888237,6.557034,-1
182928,1.4051387,7.0572424,-1
111140,2.318993,1.9135774,-1
183023,4.134041,1.7776823,27
164324,1.0452157,12.459312,-1
78798,0.68691903,14.06216,-1
54842,-9.56457,14.011133,-1
182992,1.804668,2.5391386,-1
7316,15.771951,13.737016,96
145677,0.3431075,12.217086,-1
110386,14.497693,-1.0538231,111
131566,1.6537852,2.7282233,-1
56341,1.7641317,9.624794,-1
135630,1.039452,12.462041,-1
185875,4.486236,5.1429524,25
51124,5.3978148,0.015161064,-1
135633,0.4581713,11.800374,-1
77109,-1.2316014,3.0828316,-1
138147,0.3144416,5.2783937,-1
140762,5.4080005,8.792306,-1
166571,7.0579476,8.22556,101
35623,15.974636,-9.074811,74
142522,4.3757367,-7.1936088,77
17502,4.172399,9.612585,-1
41428,-1.1233782,7.612829,-1
126561,-1.7445197,5.4656987,-1
99890,1.7654183,1.4210567,20
169411,1.8976475,10.648157,-1
113211,7.9967875,13.9174595,-1
194933,11.865193,2.5625489,-1
157332,-13.058534,0.13939866,41
126403,5.2074094,8.466844,-1
139793,0.6371684,9.425482,-1
86038,12.356872,-11.262019,88
101048,6.567578,4.632742,-1
169414,7.85616,17.748413,110
122803,8.009969,10.910244,-1
41384,-8.171729,13.620157,-1
86943,-10.54599,6.095021,-1
84349,5.3738194,0.01732574,-1
197015,0.7266393,3.8196087,-1
7522,-0.87478846,-3.380935,109
72835,1.8794736,10.539491,-1
194086,2.4942334,13.088646,-1
67854,-3.8904295,3.9342973,-1
164345,6.414472,7.8814754,-1
110149,0.4208944,12.948107,-1
161353,-0.5370204,11.6126585,-1
84369,2.5519063,-7.6999946,102
79667,0.24756058,11.2423935,-1
100629,-1.893974,9.484938,-1
88650,-8.164855,19.33993,107
31091,-3.8533156,3.211498,-1
168955,3.3887968,16.640202,8
124105,11.953089,-2.561737,-1
42842,1.8697046,1.6335762,-1
10267,1.7643944,9.468868,70
109133,2.3940244,1.691239,-1
86862,1.1743999,9.36235,-1
191860,4.1434164,7.7452416,-1
175669,4.7510424,9.334266,-1
202461,1.5622665,9.8005295,-1
168463,-1.618381,10.040791,-1
84480,-8.331499,2.1983404,-1
206502,6.0066085,20.765406,80
177188,3.1941664,16.37306,-1
93637,1.6822853,10.378579,-1
157292,9.882236,4.0542283,57
134544,-4.1125646,5.8246675,-1
160482,-6.575269,6.6110005,-1
28234,2.5566,3.803378,-1
17141,-0.940969,6.0859137,-1
7494,0.7196465,2.2832942,-1
113103,7.5845003,5.558037,-1
44796,-0.87471277,-3.380869,109
192461,1.5769116,9.805094,-1
54616,-7.1251597,5.3538527,-1
179411,1.8701726,10.676942,-1
76450,-1.6385252,16.340748,59
179414,7.856905,17.74579,110
90507,7.8000503,7.017484,-1
72661,0.76245916,3.0290294,-1
92240,1.5528537,6.921863,66
109148,14.3569565,4.6419706,86
17138,0.5675121,8.627415,77
124227,-1.0977452,9.586674,-1
113119,-3.3120177,1.6803657,-1
91039,4.175448,3.2899947,3
6919,6.160852,12.217745,-1
39015,1.3191603,13.985733,-1
99891,1.3731705,2.6976135,-1
65714,17.861633,8.223308,77
117587,6.2376533,11.449444,-1
67428,4.803686,6.1654196,-1
110644,-2.6337328,8.482524,-1
101179,1.7588354,9.724719,-1
155650,3.6571605,4.765759,-1
38179,-3.6873994,5.467811,-1
186672,-4.4582767,8.395488,-1
12814,3.066665,11.613494,-1
45004,6.5137973,4.778149,-1
93314,6.872955,17.262472,63
42891,-1.3307863,7.700625,-1
88652,5.3687553,11.585983,-1
77089,0.772058,3.847246,-1
76390,22.36135,7.5501513,74
39316,1.8690991,3.6903927,-1
110634,-0.78883445,12.108433,-1
110621,-0.22176977,9.052704,-1
137042,5.755425,7.639255,-1
153202,6.5697613,3.027209,-1
70999,-3.6145005,2.1698344,-1
119220,6.3414893,7.069893,-1
12635,-5.63748,25.450956,89
139927,-4.5342565,12.8953495,31
32213,-4.538172,3.8541915,-1
23280,4.335544,9.872556,-1
91002,-5.041536,3.4273052,-1
126250,4.2738743,10.526012,51
137052,-1.6207097,10.247946,-1
175689,13.590455,9.364338,32
174933,11.865275,2.5625038,-1
95504,-5.776859,10.793727,80
93696,10.951899,26.268251,102
27009,-0.44515014,9.689827,-1
110746,-3.6156504,2.2052681,-1
108749,6.6036844,7.4241533,93
86218,2.0684245,3.0525742,-1
103584,-6.6515718,0.8721744,42
123866,-0.9704651,2.8765576,-1
59666,5.6288033,8.022877,-1
179930,1.837233,8.786153,-1
173505,1.3597715,2.6852326,-1
4741,2.8364253,0.8072863,-1
117163,4.891681,9.884348,-1
174732,5.118537,6.128456,-1
136000,10.761966,9.143856,-1
156007,6.145664,7.0129743,-1
142911,1.6206305,10.724872,-1
67689,-0.55541,11.99953,-1
88289,-0.4931571,11.354838,-1
32425,14.497787,-1.0538534,111
52910,3.5163028,7.9307756,-1
7932,11.865418,2.5625339,-1
25322,-4.0918107,5.7918634,-1
156000,-14.970367,12.233408,89
24545,-8.164914,19.340107,107
65173,0.70612603,3.9197447,-1
18605,-5.7801127,-5.793226,81
26496,4.8004866,5.989054,-1
41168,0.19895536,14.325537,-1
79871,0.4622821,8.8014555,-1
152340,15.611141,6.3256035,52
103513,4.5224695,1.9784199,-1
19531,2.863294,-0.50409067,-1
45683,15.97464,-9.074757,74
68743,4.4667287,6.0929055,-1
3302,-0.24930097,10.743505,-1
18646,6.347332,4.5747566,34
93290,7.3286486,7.412236,-1
12684,3.0898278,1.0300583,-1
184019,9.16922,8.284982,-1
57155,5.388818,9.997594,-1
177832,2.3129904,13.146363,-1
38986,7.908777,10.929528,-1
152123,6.0065784,20.765844,80
10024,3.1297996,6.181949,-1
206858,-7.070305,4.2707944,-1
169348,-8.332683,2.1975558,-1
133647,2.5894892,6.6740203,-1
113479,13.727214,13.911255,111
39442,-4.1764774,5.8953166,29
45855,-4.401818,2.42636,-1
180063,-0.5932587,10.779756,-1
201258,5.4385138,8.341981,-1
176858,-7.073358,4.2710967,-1
70795,13.227553,9.116112,-1
83947,-0.97720253,2.8788068,12
57163,-3.9947145,4.0168734,-1
123754,3.9314184,8.372252,-1
88573,1.911584,-0.7781883,-1
52842,1.9485564,3.645273,22
52830,7.44485,14.664102,-1
19571,4.7651763,5.95161,-1
22851,2.9459295,14.281629,-1
133823,-4.388229,2.8532698,54
152203,-3.2008743,1.8183432,-1
196858,-7.0711627,4.2691827,-1
140597,3.836471,8.018846,-1
157714,1.0809193,9.794373,-1
204019,9.1697855,8.285227,-1
3282,0.16531737,0.7507163,-1
173065,-4.2906876,8.073781,-1
198998,22.145405,0.6778612,89
140652,6.150269,-2.882931,-1
127083,-1.9494675,6.7784805,-1
142782,-1.4358155,4.151897,7
119165,-1.5527868,7.679459,-1
172461,1.5755732,9.814068,-1
68588,-4.0017695,5.6126156,-1
161169,-1.2538061,4.3646135,-1
89177,-0.46930605,9.667957,-1
159886,9.716712,10.670868,-1
108891,2.6106594,4.8343687,-1
10147,3.4883091,14.458681,-1
142606,2.8564055,14.08889,-1
169833,-1.1811997,13.342134,-1
65300,3.0681572,11.617463,-1
79741,-3.1701763,2.0778687,-1
123712,1.9975982,3.775298,22
152652,-17.535334,11.476484,89
88608,-0.41736302,10.139893,-1
187470,-4.1306877,3.6785338,-1
117324,4.3768435,11.701119,101
65329,-7.110208,4.242325,-1
45315,14.502581,-1.0645317,111
13816,0.5053346,0.8815897,-1
79712,6.322466,4.4001384,-1
152749,-0.35619503,9.422248,-1
98132,-7.0975876,3.8957858,-1
28203,1.7526686,8.764676,-1
94734,-0.518589,9.812936,-1
203065,-4.2908664,8.074139,-1
67607,8.624514,2.4842074,-1
173219,-6.2094054,12.680185,67
99828,1.537954,6.836537,-1
152791,4.174729,3.1671944,3
79690,7.2735853,13.784894,-1
41336,-0.52646214,11.59335,-1
25220,5.4334826,0.056782916,-1
157452,4.021081,1.8762915,27
13809,-0.8079393,0.21584623,-1
28182,2.7585258,5.3981624,-1
177015,0.7266988,3.8216045,-1
88593,-1.5403806,10.363018,-1
97749,6.275748,11.04048,-1
186346,-0.2625453,8.988361,-1
168289,5.127453,18.077513,-1
119157,6.2020154,11.015535,-1
53039,-1.0080764,6.0493174,-1
22940,3.091402,11.55226,-1
119072,5.9308877,7.7258224,-1
177913,-1.4702232,21.368267,60
171258,5.437586,8.34265,-1
169365,9.760263,-4.6533265,38
198955,3.3887718,16.640419,8
186335,3.0726569,6.1244197,-1
41218,-5.1776195,10.639163,-1
27046,3.6696506,-0.6191048,18
169341,2.1577444,4.3352523,-1
469,-4.1474953,3.674753,-1
184086,2.4947455,13.088777,-1
26538,-3.74892,3.072594,-1
173481,5.0217414,6.108242,44
45466,-1.0266281,6.0043983,-1
25274,6.2652526,4.5425153,-1
18604,18.658651,20.229803,88
156154,7.0447726,8.218508,101
24481,2.368985,6.345738,-1
177767,8.910087,4.8022456,-1
92714,-1.2623823,9.394137,-1
152495,4.701813,2.00626,-1
31446,-3.7087767,9.854905,-1
179833,-1.1805416,13.340093,-1
152452,3.4166818,9.63401,-1
79783,5.9766226,7.780812,-1
38232,3.6994681,6.583005,-1
153436,2.8218875,4.799761,-1
154330,-7.1641507,4.252403,-1
192291,6.8633685,12.429401,-1
193948,-6.1824374,12.656563,-1
124612,-0.9627331,9.517223,-1
18992,3.609535,8.102071,-1
112080,-11.981028,4.1098,94
35563,15.77191,13.737126,96
194468,3.5299935,13.554877,-1
94956,2.204733,-0.4064577,-1
2410,1.8607473,10.678047,-1
16950,-1.5864245,10.33307,-1
97483,3.0604498,1.6851091,-1
43927,5.353329,11.5936,-1
119483,-0.7296506,3.4013467,-1
68030,2.023105,9.282582,70
118285,6.8039374,14.984253,-1
67074,8.424323,7.4795585,-1
125258,0.45067418,7.5125866,-1
68188,8.289762,13.556534,110
184610,5.88536,8.874252,-1
10542,-3.0077684,14.862342,-1
66592,6.34787,2.1838393,-1
154993,5.70598,10.394038,-1
165094,6.699112,15.617021,-1
4133,1.8761128,7.214574,-1
23884,3.2466283,7.597055,-1
194019,9.170551,8.285547,-1
92369,6.753711,14.787413,-1
141219,8.347026,14.955788,-1
90729,2.6289735,6.912516,-1
136537,-1.6166958,3.1168647,-1
168998,-15.353535,11.479619,89
38559,0.92102206,-4.269356,-1
77306,15.771823,13.7371645,96
173382,-11.264613,8.4352665,76
34865,7.8538184,17.739267,-1
2413,7.856854,17.746635,110
155052,-3.04241,10.81804,58
58612,3.370052,8.229921,-1
7085,2.495607,13.089922,-1
156557,-3.2192297,1.8968831,-1
85121,15.527841,24.692232,88
141570,0.22895046,11.385812,-1
160896,-0.832716,11.566418,-1
125380,15.34067,-8.823057,74
10482,14.3576355,4.642344,86
155108,2.8119366,4.7188573,33
30076,4.828921,10.451993,-1
160851,-4.0928693,3.2075787,-1
44098,2.6139534,3.0608585,9
186858,-7.0741196,4.2679605,-1
66375,1.8216441,9.247189,-1
178955,3.3886247,16.64031,8
54404,-4.7169023,9.237241,-1
135009,3.44046,9.599479,-1
41827,4.665017,9.701254,-1
173299,-3.4730744,2.435881,-1
119490,1.4831815,1.4826458,-1
194523,-0.87460005,-3.3808653,109
78913,-4.4552226,3.663168,56
66470,2.9229171,14.157745,-1
85195,6.1501994,4.5035686,-1
191258,5.4372396,8.340811,-1
194495,0.7162178,2.2763338,-1
135680,0.7874036,3.5740223,-1
203920,6.161938,12.216348,-1
118689,3.7920508,-1.0636066,-1
23799,9.108302,6.244053,-1
123125,5.1241674,6.6985326,-1
160887,4.381461,8.811756,-1
154201,4.380697,11.699834,101
198463,-1.6214775,10.038632,-1
34870,-1.6176714,16.597176,59
154188,-6.7683806,10.348924,-1
85144,-7.352829,3.9216652,-1
125148,-4.0612955,12.376034,-1
41972,3.2634068,4.635712,-1
94961,1.5315343,5.7000813,-1
93200,3.9809117,4.7532864,-1
112537,4.1885433,14.304146,-1
12521,2.8348548,-0.32261333,-1
156685,3.4782915,1.1612326,-1
154811,6.2139196,15.01169,-1
202208,3.6975746,1.243956,13
34996,2.4330308,8.420498,-1
13041,1.5665215,7.9152875,-1
88816,3.182512,14.024411,-1
156696,5.557407,10.104854,49
156706,2.0384307,9.19995,-1
124840,-0.16223127,8.991974,-1
135628,-1.0150725,11.19715,-1
135495,6.5268335,4.761184,-1
57654,-6.69256,-7.251097,89
124801,-11.604166,9.686915,-1
24854,1.6038918,9.845347,-1
125131,-3.2822797,2.2009459,-1
12541,6.006762,7.7536464,-1
109897,6.36819,12.205825,-1
54204,4.060679,3.22273,-1
86483,-4.7172847,9.237253,-1
92605,-4.552905,12.930283,-1
205669,4.747539,9.341826,-1
101766,2.5306244,9.994132,-1
79075,6.1370444,27.36609,88
24020,-6.933932,3.756031,-1
124794,2.7928057,3.7362669,-1
192208,3.7000558,1.2451981,13
85488,10.245129,10.632561,17
43594,8.300651,10.872041,28
54157,-14.930095,6.266627,89
203948,-6.159962,12.637168,-1
165327,2.9217198,2.3571904,-1
178573,9.670432,23.366714,102
38636,0.44064465,10.300414,-1
177470,-4.132,3.6693661,-1
202291,6.8593626,12.427066,-1
57595,-0.99460053,6.061267,-1
184732,5.111242,6.129474,-1
85377,3.0446799,11.606478,-1
154947,5.0013204,3.4909825,-1
154514,-5.5282803,7.162485,-1
197470,-4.1475906,3.667514,-1
28272,-4.5363884,3.8701355,-1
72054,-3.5438936,10.195652,-1
43802,4.551717,1.9439849,-1
160201,-0.5084358,11.70014,-1
164166,-9.912359,16.112734,-1
178463,-1.6053015,10.002703,-1
119449,5.105249,18.350952,-1
198573,23.594196,1.7667646,102
43810,-1.5750794,9.248288,-1
110405,13.367642,16.670378,-1
31860,-9.912332,16.112673,-1
39155,0.6466157,10.544763,-1
95187,9.7251215,10.68052,17
100410,4.2441106,6.9908123,-1
38607,3.6736062,4.672956,-1
92614,0.13313146,11.01494,-1
135479,1.9827956,3.835278,-1
34759,3.5400224,14.601402,48
72023,-1.1626471,11.2967205,-1
100405,1.7117845,9.828367,36
66757,14.288373,4.6568155,-1
205689,13.590286,9.36464,32
71241,4.734149,9.473891,-1
154525,3.172947,1.8702582,-1
187015,0.7262028,3.8216872,-1
119433,8.563933,2.6548243,-1
118382,-4.942178,3.1417978,-1
101646,-2.2389843,6.831704,-1
54407,3.99911,3.2511308,3
117726,-4.015468,2.3760314,-1
55194,4.128505,8.789107,-1
178289,5.1274304,18.078209,-1
79406,1.8445106,16.07134,-1
141944,1.1374155,8.222999,-1
117931,-0.5620484,12.033586,-1
93560,4.6785245,-13.773901,61
157177,6.063673,7.829865,-1
68393,7.5199523,0.84952456,106
125805,1.76889,10.059065,-1
77031,0.73009586,3.0257063,-1
79415,13.7707205,-3.5866938,98
44624,1.8227229,7.57305,-1
117901,7.4216795,7.5755754,103
89048,2.3506312,9.565503,-1
206672,-4.458695,8.395712,-1
7467,3.529142,13.555382,-1
125716,0.93074745,-4.3750267,68
201832,1.0029542,2.4822578,-1
2340,2.154681,4.3297024,-1
71710,-4.029775,5.5840926,-1
102596,5.7046266,14.252511,-1
184933,11.8655815,2.5624905,-1
201860,4.14107,7.746919,-1
102615,-2.5078418,-1.4083929,-1
58987,-0.89848703,0.15026538,-1
168573,13.780955,21.682827,102
1462,-1.6233016,10.0332,-1
55177,4.3288803,9.964568,-1
66145,4.476148,5.126721,25
153718,6.032876,-2.5515811,-1
123014,-3.718214,3.135342,54
78458,-0.7414065,12.320047,-1
85802,1.7642761,9.4644785,70
112326,-4.3875275,2.8458998,54
38322,-1.2216063,11.372349,-1
38319,12.677636,6.718554,-1
88687,-1.7586993,9.941231,-1
179348,-8.332626,2.1976323,-1
28744,-2.9214113,14.7719555,-1
122907,18.158268,6.785537,80
72581,1.6262591,24.98776,53
135781,6.478158,4.738949,-1
31139,3.0966725,4.7083554,-1
34604,2.6441839,5.062935,-1
164574,3.992913,8.175328,-1
201742,2.8381631,0.7988415,-1
202964,2.861458,10.199043,-1
194732,5.111218,6.127163,-1
124262,-17.535393,11.476466,89
110086,5.8291593,13.996198,-1
17447,2.3386905,3.7208595,-1
164580,5.7414727,7.615606,-1
179365,9.695373,-4.594783,38
72563,2.0344532,-0.5216215,11
84617,2.3309329,9.613444,70
43136,6.552611,3.0472353,-1
160024,-1.6395855,5.4728193,10
92662,12.383116,8.985825,32
77431,5.0159106,7.4923,-1
191832,1.0030475,2.4812238,-1
44648,18.318829,12.460723,100
35918,6.233447,7.0495505,-1
204086,2.5068784,13.093256,-1
43140,7.817816,1.1349051,106
157207,0.43606764,10.534207,-1
13521,6.250147,6.530997,-1
205627,0.98477095,-10.175735,63
26885,4.836295,8.967874,-1
71050,-0.7802775,9.487476,-1
179341,2.1599364,4.3330603,-1
6947,-6.1594605,12.636844,-1
41550,3.7964606,-0.586294,-1
153761,-3.7235756,10.211187,-1
140146,1.8679272,3.1713583,-1
193920,6.1663384,12.212667,-1
19056,2.514995,9.597747,-1
23656,-7.1313896,8.24988,-1
10439,-3.720626,1.8630598,-1
100513,3.9155524,2.0698128,27
186502,6.006562,20.765821,80
10434,3.3372993,4.353897,-1
202897,5.631262,7.2103214,-1
184523,-0.87455446,-3.3808892,109
102388,15.587146,11.288925,97
125590,-1.1007423,18.979406,83
136507,-1.5129409,7.166274,-1
191134,1.8731835,7.218037,-1
153967,3.5253313,14.671862,-1
88970,-7.2370195,8.206211,-1
58869,2.0604894,7.0996375,-1
38410,-1.1605364,7.575838,-1
35726,2.3774526,3.6849377,-1
28330,17.185976,-1.8275397,63
71084,7.7443476,6.8963776,-1
123056,0.34734485,11.355507,-1
197188,3.1952958,16.373186,-1
57498,10.234648,10.66815,17
13362,-11.976999,4.1129956,94
178998,-18.518932,9.487951,89
44192,0.1622814,10.723714,-1
124489,3.1785626,13.910329,48
4257,5.437664,8.338668,-1
141113,2.5115912,3.7965589,-1
2364,9.758559,-4.652267,38
156532,5.805559,1.9675286,15
112379,3.393383,-0.2508376,-1
102337,18.658638,20.229897,88
110047,6.3891597,4.5587354,-1
101478,-5.5303416,7.3177843,-1
34899,-10.27224,-1.6856704,77
141111,-13.058372,0.13936475,41
175627,16.830751,-2.427409,63
184495,0.7161195,2.27194,-1
58884,4.3775,14.337709,-1
135774,3.293589,7.322214,-1
119546,7.922714,10.4668,-1
2347,-8.332631,2.1976154,-1
136486,5.335423,0.052692454,-1
194610,5.8870792,8.876554,-1
160540,1.1200187,11.880467,-1
42244,2.330513,13.145604,-1
66192,-2.899167,11.533927,-1
198289,5.127006,18.079927,-1
78470,-1.0580418,3.1954496,12
84855,4.727228,1.8187191,27
157065,7.833654,14.388601,-1
7018,9.170247,8.285326,-1
171134,1.8731699,7.2206483,-1
184468,3.5308583,13.556216,-1
165084,-18.51892,9.488001,89
191742,2.8374565,0.80752724,-1
19084,-4.1844373,3.5335407,-1
187,3.1952639,16.373238,-1
53856,-2.5048902,8.71525,72
90556,1.9676905,12.619154,103
187188,3.1960244,16.373907,-1
125651,-4.3073683,6.0479126,-1
153924,3.5675247,8.446392,-1
18541,5.7222805,7.2530127,-1
72319,0.930658,-4.3750033,68
84933,4.4997845,2.303693,-1
124448,3.099922,5.190768,-1
136491,3.3518536,6.849146,-1
156495,0.7396064,20.75757,-1
41693,-2.6784122,5.1958823,-1
88410,-9.9123335,16.112589,-1
19079,15.227376,-6.1745567,102
161014,1.670361,3.126629,-1
141700,2.1484091,9.943764,-1
180101,1.0813974,12.41982,-1
65977,4.737425,6.500165,-1
165013,11.540792,0.791336,-1
48594,6.1566095,6.338437,-1
195818,4.1005187,3.2536833,3
193065,-4.2913074,8.074413,-1
181742,2.8602865,0.8065862,-1
11798,18.536911,-4.915032,88
148713,-5.7443013,8.781161,-1
69586,0.9214895,11.504916,-1
144723,1.5711497,7.969645,-1
176346,-0.2603109,8.995675,-1
129802,-4.9669943,3.1175947,-1
129838,-2.6617832,14.525389,-1
74394,3.5155368,9.545084,-1
115645,-11.734788,-4.781884,91
78046,-5.7890935,-5.7881913,81
129853,8.017928,-3.2883255,84
6298,-3.4742696,2.4354126,-1
36359,4.917867,5.756227,-1
148611,1.8086927,2.6764793,-1
131926,5.1476107,12.2185755,-1
48507,14.405148,-0.8695076,-1
62879,-2.7337427,7.799327,-1
11808,4.4766498,9.704062,37
15068,8.426666,3.298129,-1
115761,2.5397449,4.5853176,-1
148980,-6.108425,12.592208,67
171832,1.0008513,2.479336,-1
37048,0.18920633,10.779934,-1
61113,6.1623073,8.06401,-1
138874,-8.178891,18.097702,107
96276,-2.948733,23.991724,74
17747,2.5664425,3.0724947,-1
92825,3.2736862,9.779512,-1
62954,-1.2213905,-2.16794,-1
105712,3.4011683,16.245274,-1
91497,2.546271,4.842737,-1
131974,-1.950847,9.782716,39
159419,3.2131991,4.2946267,-1
21488,-1.7866509,9.481222,-1
183219,-6.2127705,12.683007,67
35192,2.1450217,6.7343082,-1
69655,-0.7678113,11.435985,-1
74534,4.166072,4.8028326,25
148372,1.5557936,7.950262,-1
185818,4.1008883,3.2563488,3
115549,-2.913089,14.765126,-1
48849,3.8717666,8.005605,-1
200303,-0.2597826,10.724167,-1
62629,17.600473,-1.4313318,63
20268,6.962275,19.402042,73
159361,-4.2653947,3.6037753,-1
170211,3.3288562,4.9518695,-1
171860,4.1411867,7.748759,-1
39799,-4.691123,3.3706417,-1
62588,3.2115564,3.3260007,-1
193505,1.3385811,2.6569545,-1
203561,-4.4621277,3.986901,-1
74550,14.335612,4.6210537,86
9345,-0.25863406,8.988252,-1
95882,0.4825176,12.567365,-1
200283,0.16482784,0.7497874,-1
61263,3.8051553,10.254113,-1
167188,3.1954293,16.373625,-1
51293,-1.1318698,7.5920286,16
106000,-5.770943,-5.7219276,-1
48806,1.6348398,2.7845862,-1
74442,6.185109,1.8831658,12
62744,-4.3804245,2.8466508,54
51357,3.3535888,4.496058,-1
181832,1.0008348,2.4812796,-1
176335,3.0719762,6.122111,-1
181860,4.1767945,7.7206345,-1
105955,-2.8725426,11.476465,-1
20220,-7.375105,3.747848,-1
62704,-1.299991,9.274159,-1
131879,4.454715,10.026029,-1
30585,-0.7242491,10.383275,-1
144830,3.0305889,11.627412,4
96251,1.8114614,9.662408,-1
197913,-1.4702685,21.368105,60
82049,1.1561071,18.350782,-1
78025,1.9813915,8.0468025,-1
148429,7.9454722,1.2603407,106
78059,6.487095,7.1334157,-1
144631,-3.5017905,2.1735103,-1
89748,-0.23372327,-4.5323095,-1
88147,-6.6925316,-7.2510457,89
183382,-11.263254,8.433813,76
95865,-5.517263,12.497065,-1
189414,7.856993,17.746092,110
189411,1.8721192,10.671399,-1
181258,5.437821,8.338313,-1
195669,4.74091,9.319792,-1
16003,4.717391,9.031845,-1
56001,-4.870147,3.19844,-1
149661,10.489458,3.1315994,-1
63015,-0.18271188,8.857373,-1
132280,-1.0423019,6.0772476,-1
196502,6.0065994,20.765627,80
195689,13.588659,9.365685,32
8817,4.0969644,3.251962,3
39706,5.6016774,7.7066107,-1
98861,-4.8949966,3.47898,-1
149602,5.3527107,5.978674,-1
11883,-5.1550913,14.618107,59
204732,5.112977,6.1221824,-1
6381,-11.265833,8.43673,76
171742,2.8406239,0.8014043,-1
25672,3.0908906,2.7676694,-1
186100,1.6270825,12.302188,-1
172208,3.722181,1.2632064,13
94026,5.173404,22.92714,40
110982,-4.083403,3.0992458,-1
195627,0.98495054,-10.175622,63
40494,6.1550207,4.9659605,-1
21856,3.9689646,8.260662,-1
1954,3.3884869,16.640678,8
199365,9.693983,-4.5934505,38
3062,-0.5930682,10.776916,-1
14849,3.9029648,10.167822,-1
88156,1.3064759,7.9209986,-1
149785,23.594213,1.767158,102
75657,-4.31238,3.0340872,-1
110987,0.93060744,-4.3748846,68
149774,5.3531694,5.9639583,-1
107893,4.0203586,8.394272,-1
75638,-3.1211574,2.2765174,-1
25697,-2.2674303,6.8240566,-1
170101,1.0910678,12.424466,-1
115878,-0.494932,9.671725,-1
51499,-3.2613177,1.3168827,-1
203505,1.3640754,2.665649,-1
120223,-0.3023645,5.413894,-1
132108,6.234831,11.036885,-1
121515,10.188852,10.662287,17
193561,-4.460297,3.989771,-1
61065,-6.9983044,9.347916,90
149218,4.0789723,8.036766,-1
144587,2.3843071,16.377579,-1
144588,4.6182437,7.5960193,-1
90936,-7.1917806,3.739436,-1
17746,1.5101537,16.04472,-1
132059,2.0426953,9.581523,-1
92990,-1.1513717,6.231587,-1
36325,3.374936,4.4998984,-1
11847,-1.2214949,-2.168015,-1
132056,-5.5485625,7.7540255,-1
188289,5.126876,18.080812,-1
48104,1.4865849,5.7092466,-1
189365,9.69433,-4.5937333,38
69502,-2.0907977,7.006023,-1
63171,-4.01104,12.994612,-1
132205,3.0879536,4.9440937,-1
51587,3.5914712,1.2640646,-1
189348,-8.332513,2.1977303,-1
199411,1.8701062,10.675004,-1
5460,1.5679746,9.8238735,-1
203481,5.0397973,6.1056633,44
63137,15.611046,6.325346,52
80658,13.398741,9.44395,-1
189341,2.1552446,4.330414,-1
183299,-3.4777894,2.4338815,-1
192964,2.8510156,10.191415,-1
149362,6.7502384,7.328029,104
149358,3.7440968,1.6442646,-1
9501,6.0065637,20.765598,80
21674,10.952375,26.267925,102
199414,7.8570604,17.746122,110
89878,4.202233,7.8103952,-1
158794,3.8986597,-2.6602094,72
56808,-0.03643058,6.428386,-1
159076,4.253292,1.9507413,27
81464,-16.259718,14.469526,89
114706,7.2378607,7.2225924,-1
5963,2.8501427,10.190532,-1
30727,0.58875966,10.570619,-1
170303,-0.25663468,10.738711,-1
50016,1.9316682,3.3640482,-1
145797,10.297509,10.711721,17
199833,-1.1852269,13.344216,-1
20805,4.639062,5.4669957,-1
182461,1.5695053,9.826202,-1
27737,-1.8178362,9.433661,-1
115000,-4.34298,3.073999,-1
193299,-3.473131,2.4336772,-1
145817,1.0559423,8.289902,-1
89999,1.8725984,8.726258,-1
197767,8.9102125,4.8014693,-1
197832,2.3130693,13.145893,-1
114741,10.190633,10.613347,-1
29271,6.2640285,12.02645,-1
50590,20.356447,14.450973,88
163033,1.7628402,16.001469,-1
14,0.72396195,3.8209128,-1
130694,-14.970346,12.233415,89
172964,2.8533914,10.189341,-1
166481,-1.1016619,18.979868,83
62154,4.129985,4.7994776,25
15448,-6.5763173,6.608751,-1
5896,5.648156,7.196616,-1
182897,5.6490364,7.193147,-1
196100,1.6376474,12.301915,-1
130667,4.089164,2.297505,27
50727,-0.024051083,5.6244636,-1
166840,5.871084,6.4430118,-1
138275,14.336613,-0.6996277,111
145713,6.150342,-2.8830345,-1
188573,13.8005905,21.6778,102
50684,8.837401,-12.20815,89
146757,-2.5192125,-1.4319606,-1
11513,1.4858764,1.7044264,-1
145745,-15.353601,11.479664,89
146580,-3.9386177,5.755361,-1
70052,15.611051,6.3253245,52
172897,5.617895,7.2207155,-1
831,2.3196313,13.151529,-1
20686,0.8202098,5.0113773,-1
114800,2.9407663,1.008544,-1
106933,6.7496996,13.874325,-1
77932,0.7915594,4.9979744,-1
35259,-0.44714302,9.705513,-1
30657,3.3911054,2.344172,-1
39924,17.918125,5.2617683,64
166567,3.4449914,4.4130964,-1
39935,10.310019,-1.800619,47
173920,6.1663074,12.213856,-1
106808,2.2698493,3.160548,-1
114854,1.8342748,16.14877,35
107016,3.294887,14.243356,48
61807,14.496789,-1.0517806,111
107015,15.527689,24.692417,88
6064,-4.2907667,8.073796,-1
35251,6.5176826,4.755435,-1
131180,-9.905726,0.79799825,-1
15615,-3.674625,10.226115,-1
88036,4.9150777,9.247222,49
81283,-11.730936,-4.786061,91
176100,1.6253031,12.29699,-1
204933,11.865755,2.5624638,-1
7731,5.102103,6.1084003,-1
130932,-5.7895284,-5.7882557,81
81353,15.190445,13.77871,96
20762,5.9102545,2.1379473,15
15655,3.3800025,16.638847,-1
61938,15.611073,6.325292,52
26006,-8.319753,10.612366,-1
2832,-1.1818563,13.34161,-1
61925,4.5144496,9.727897,-1
9099,1.625843,12.298289,-1
39966,1.8074939,12.939659,-1
193382,-11.263676,8.434192,76
138392,-1.6793171,12.343435,-1
166636,-9.359055,-11.614553,89
35247,15.612575,6.3263206,52
173948,-6.160546,12.637886,-1
27791,2.4412904,10.152414,70
15578,1.7890924,1.4105084,-1
199930,1.8347473,8.782132,-1
74900,2.2442837,3.2477155,-1
69927,0.979801,3.8943708,-1
61425,1.7942919,1.4175346,20
174086,2.5024567,13.088077,-1
188998,-18.51795,9.488662,89
130301,-0.36134607,7.5627174,2
15790,13.581884,9.310031,-1
193481,5.0433426,6.1295395,44
6218,-6.1079416,12.591304,67
49212,-0.5037529,9.665731,-1
188955,3.3861692,16.640257,8
39820,3.720592,14.178924,-1
196346,-0.2641908,8.980933,-1
98477,3.2396321,4.2740216,-1
167015,0.72779363,3.8212485,-1
115350,15.733669,19.812838,89
39824,-6.865241,5.135467,108
166930,-6.7682858,10.348711,-1
183065,-4.2910633,8.074516,-1
162865,-4.708136,10.822843,-1
176303,-4.453146,8.395104,-1
56565,3.3724992,-0.27567887,-1
147849,8.604271,6.784386,-1
188463,-1.6080991,10.034691,-1
115393,4.714474,10.821607,49
61368,-0.98470867,6.040223,-1
21185,-0.81315905,0.18606438,-1
9334,3.0723643,6.122526,-1
130189,-11.581801,9.674498,-1
138745,3.6962795,-0.64676726,18
40254,3.8213346,6.3716636,-1
49012,9.8652,-7.619754,102
29458,-4.718929,9.235669,-1
36925,8.683088,3.8938556,-1
115455,1.8292475,12.926714,105
145039,3.960895,7.8316765,-1
94154,2.3398263,5.3825116,-1
114521,6.2505026,16.139444,-1
148049,1.8088822,1.4700974,-1
61366,2.780089,-0.46925917,-1
29433,-2.1426563,6.745829,19
130287,3.9639409,8.251234,-1
145045,8.837404,-12.20818,89
9302,-4.4511495,8.3941345,-1
200211,3.3414927,4.9585104,-1
147834,6.398672,10.606106,-1
49241,-3.9618735,5.6074767,-1
145215,-0.432393,10.21927,-1
147461,10.211035,10.637421,17
81618,13.727215,13.911274,111
182964,2.858089,10.184125,-1
74843,-0.9632326,2.9950502,-1
170283,0.16388935,0.74866277,-1
193219,-6.215072,12.684625,67
130602,8.1904125,7.835599,-1
163446,14.32988,-0.68282795,111
206100,1.6478479,12.306987,-1
81572,-4.233304,3.4722855,-1
25854,3.869002,2.195401,27
182291,6.860227,12.427604,-1
174019,9.170075,8.285133,-1
69915,0.5463262,14.511174,-1
196303,-4.4524903,8.394171,-1
40119,-5.838974,0.37565383,-1
145613,8.82013,2.1180322,-1
49720,-2.0453672,6.982876,-1
138232,2.6189165,6.0397024,-1
11644,0.2661883,10.313537,-1
2929,1.8364751,8.784734,-1
158936,2.755233,2.1168783,-1
36872,1.0787331,11.649598,-1
121083,8.515905,-1.536628,-1
196335,3.078521,6.1137953,-1
11708,13.770726,-3.5866377,98
87856,0.94438815,3.7727075,-1
20383,8.567002,2.6697814,57
90881,0.8959715,5.160114,-1
115237,8.534969,-1.5562015,21
115233,-4.8136606,10.484529,-1
49356,8.532019,-1.5539266,21
147682,2.431264,9.643662,-1
138197,-2.127646,6.7439985,19
200101,1.0901384,12.42154,-1
163450,-11.304932,19.718512,89
158894,16.910257,2.5076373,26
130499,13.940357,7.341975,-1
766,8.909663,4.8013306,-1
182208,3.7001371,1.2429986,13
39857,1.6575067,10.616959,-1
200063,-0.59310377,10.773697,-1
105490,14.335734,-0.6982885,111
170063,-0.5973607,10.768276,-1
174495,0.70083314,2.26752,-1
158021,1.6429299,9.229655,-1
113713,7.634241,13.730665,-1
104300,-3.5661635,1.9976292,-1
83417,4.94881,6.450968,-1
167913,-1.4703068,21.367962,60
104359,6.2611985,11.045059,-1
187767,8.910067,4.801198,-1
189930,1.8402541,8.761095,-1
99263,4.827626,9.696013,-1
29088,6.209359,4.9585314,-1
122093,-0.3153284,5.392688,-1
87378,0.32251444,8.543794,77
52388,1.509559,16.04345,-1
46540,9.865173,-7.6197515,102
90967,-1.221517,-2.1679854,-1
176672,-4.45835,8.39543,-1
32691,2.0050366,1.9585544,20
158118,3.2443776,13.958388,48
162030,8.534776,-1.5560234,21
204495,0.7144893,2.276112,-1
77598,-0.48943523,11.540563,-1
113788,4.986056,9.194848,-1
88236,2.583069,2.9959774,-1
78209,-3.9879649,3.9274793,-1
8626,17.59324,-1.440787,63
37658,0.087485954,11.610933,-1
151453,8.195082,21.311146,-1
55717,5.208897,8.464296,-1
175818,4.1000495,3.249135,3
206303,-4.4520407,8.394546,-1
157983,4.0726604,11.68272,-1
174523,-0.8744064,-3.380912,109
9857,-7.070944,4.29107,-1
127999,2.0998394,-0.52363414,-1
37636,2.27445,9.71245,-1
87335,10.9528475,26.267704,102
14345,-7.0024714,9.357202,90
151431,3.2750766,2.4653978,-1
75970,13.727251,13.911368,111
173561,-4.460488,3.9924057,-1
151197,3.7478688,1.0729258,13
69070,-0.43175074,9.24765,-1
52191,5.948036,12.339136,-1
73640,-1.3573767,5.9764786,-1
189833,-1.1817877,13.341686,-1
196672,-4.4575686,8.3944435,-1
185627,16.785824,-1.7043933,63
104621,-7.1697745,4.239438,-1
158172,5.19538,8.450556,-1
19824,-2.7570796,7.7122917,-1
150921,2.9662461,4.8986654,-1
132984,-4.256134,11.227772,-1
52287,3.8853772,-2.621285,-1
8688,13.595881,9.367788,32
128335,10.166885,21.448534,98
116451,-4.364252,3.426879,-1
14493,-3.4092786,-3.6555674,108
7609,5.88692,8.873249,-1
167767,8.909184,4.7999306,-1
150849,3.7482758,1.078511,13
187913,-1.4696617,21.369122,60
150847,3.0939426,7.076637,-1
64023,2.168691,9.827621,-1
27314,-1.8363029,9.86206,39
80242,2.76874,5.08221,33
172291,6.860577,12.428189,-1
83220,-3.901304,3.8817806,-1
6560,-4.454737,4.0035954,-1
174468,3.5287194,13.559423,-1
151067,1.614244,-3.1397865,-1
128148,13.433613,16.72524,65
25521,1.6007868,10.684187,-1
187832,2.3153632,13.1497135,-1
104494,4.3924494,10.113397,-1
108290,2.326275,9.239813,-1
167832,2.3139558,13.148241,-1
204523,-0.8644733,-3.3901513,109
18158,1.1857904,3.2162087,-1
75900,1.6447213,16.396902,35
55806,-1.6011369,16.154427,-1
94549,2.6957355,3.140743,-1
158129,3.5484295,3.2378943,-1
203299,-3.473055,2.4324315,-1
8668,4.725796,9.330321,-1
158143,1.8822191,7.229739,-1
143595,2.0217113,9.7252865,-1
104217,-8.332519,2.1977644,-1
92751,0.35732058,11.430644,-1
116794,2.8138447,14.251888,48
183920,6.2011566,12.211372,-1
190303,-0.25815552,10.728825,-1
64806,16.78459,-1.7177354,63
93815,4.2449765,1.98645,-1
119951,-0.9681309,6.0911307,-1
14135,3.244213,9.900346,-1
190283,0.16439351,0.74925363,-1
4859,4.1425757,7.7456055,-1
46095,2.0206306,1.5564815,-1
206346,-0.25434855,8.984084,-1
37829,2.0069618,-0.5036747,-1
133570,0.67899513,3.1421983,-1
83761,6.872928,17.262466,63
103926,4.9145656,5.784218,-1
180211,3.3217597,4.959355,-1
137479,-3.051675,10.807823,58
203219,-6.217728,12.687234,67
159702,5.977754,7.7152233,-1
174610,5.88641,8.875149,-1
161734,8.029829,-3.2924604,84
164626,-8.712348,-1.0579017,97
151478,1.5712174,-3.1191108,-1
89326,-7.6199636,17.870504,107
122378,6.7086606,6.219874,-1
35079,-8.319669,10.612074,-1
186303,-4.449263,8.39392,-1
183948,-6.160526,12.638024,-1
110762,2.0475686,10.332005,-1
165832,6.2899065,7.1359167,-1
108694,2.0041783,0.62960166,-1
139459,6.928606,7.4850216,-1
103825,-7.4673095,7.2686014,-1
64894,-16.799725,17.565294,89
169930,1.8512082,8.763452,-1
79938,-0.9875277,11.202472,-1
205818,4.106216,3.2474396,3
4831,0.99043626,2.4737165,-1
64863,3.5306084,14.676831,48
83821,-17.536028,11.476407,89
151929,8.691288,6.7529583,-1
127269,1.0582646,8.290658,-1
151781,4.640599,9.423409,-1
133544,-4.300775,-2.6090224,-1
64713,-1.627726,10.295219,-1
127444,6.2128544,4.4355307,-1
164665,-0.2051185,11.374178,-1
52559,-9.912355,16.112495,-1
1572,10.9532,26.267473,102
139312,15.227091,-6.174392,102
3210,3.3670187,4.93702,-1
139307,1.828542,12.927208,105
190101,1.0860175,12.447156,-1
161935,2.100272,1.5792375,20
99317,3.3986473,16.247526,-1
46319,4.241677,10.155594,-1
93048,-2.0092638,9.696245,-1
204468,3.5430834,13.545355,-1
46338,-3.0113254,2.3200707,30
34267,8.537504,-1.5587052,21
119991,4.3541555,11.675053,101
190063,-0.59354955,10.769608,-1
37662,-7.469961,7.267876,-1
157955,2.644478,4.739858,33
75996,3.1678817,13.784393,-1
151691,-1.4859,21.352415,60
180283,0.16722202,0.7502967,-1
201134,1.8651086,7.2217774,-1
68914,6.251152,16.141441,-1
18239,1.2850256,3.9274395,-1
37791,-2.550658,18.041025,101
52677,0.03192186,6.098768,-1
64668,6.4533367,7.1677146,-1
190211,3.324511,4.958148,-1
180303,-0.2694545,10.72126,-1
93835,-3.4707925,5.375383,-1
59954,11.540745,0.7913442,-1
143146,0.9850325,-10.175557,63
206335,3.0751688,6.122004,-1
133457,1.7213058,9.3104515,-1
111681,-9.797019,22.510551,89
161835,14.333231,9.569968,32
36093,3.1131406,4.296964,-1
89539,4.775027,6.1502643,43
122027,-1.0060997,9.512856,-1
133583,9.652643,-4.5361724,-1
80426,6.039895,-2.56769,-1
52012,2.991543,1.1113684,5
183481,5.0304275,6.1116567,44
19949,9.474851,0.45689994,-1
82932,-16.272642,14.467311,89
34124,0.7123614,5.4395523,-1
128917,8.944935,1.9104698,85
108108,5.974015,4.8000207,-1
107993,-0.8709444,-3.3706763,109
204610,5.8861265,8.875631,-1
150488,0.9306395,-7.6987066,77
91439,13.727274,13.911379,111
111559,1.2522719,7.911631,-1
5207,3.7035074,1.2404708,13
9671,-4.4581327,8.395387,-1
128541,3.4082127,4.4660516,-1
185669,4.7809515,9.366309,-1
149955,4.9051723,5.7303176,-1
199341,2.1635966,4.328295,-1
183561,-4.45871,4.0039687,-1
199348,-8.332908,2.1976159,-1
163733,-9.79691,22.510487,89
120071,-4.185827,3.2274191,-1
128944,12.449281,-4.8394003,79
83023,3.7520912,-5.3655467,-1
6480,5.048342,6.1258845,44
47257,4.748691,8.372768,-1
47520,4.1927996,5.259806,25
40512,3.0281959,11.544797,-1
55950,6.1377087,7.0228953,-1
36245,4.214307,5.1677394,-1
183505,1.3681875,2.6821246,-1
139020,4.684209,6.483429,-1
14707,14.329769,9.569082,-1
128827,4.8483596,9.89218,-1
1997,-2.0415292,-12.329961,89
91462,-6.65184,0.8720573,42
912,-1.4715501,21.367126,60
37367,2.5967717,-5.422827,-1
73924,-7.158977,4.2618794,-1
132553,3.2041748,4.629876,-1
39657,5.307802,5.958673,-1
158390,4.073181,6.2286644,-1
150359,3.2620199,13.7545185,-1
192897,5.625537,7.21249,-1
203382,-11.262738,8.432902,76
5290,6.8674064,12.430875,-1
30922,-2.6103418,14.535477,-1
98948,5.053011,12.115811,-1
98937,-4.7163033,10.817426,-1
91465,1.8327199,16.210653,-1
150018,5.9299016,8.793471,-1
132506,0.7673554,3.0627503,-1
1288,5.127354,18.082434,-1
98932,-7.167837,4.1884136,-1
3100,1.0909094,12.4215355,-1
111525,0.2924316,11.128619,-1
144038,-0.54254603,11.46025,-1
121893,-5.563574,7.140877,-1
83078,0.9662058,11.413937,-1
27442,4.7524443,8.385458,-1
28031,1.8594304,8.795759,-1
176502,6.0067873,20.765276,80
63867,3.448055,1.6436733,-1
137793,2.3834684,5.267923,-1
143861,3.5779107,4.0247674,-1
150818,-1.7077622,9.998081,-1
89559,3.22517,14.249039,-1
63882,12.3978,8.933774,-1
105168,0.73278815,7.018941,-1
121702,2.5978823,-5.42853,-1
150744,1.5921154,-3.1404724,-1
26135,-3.7945035,3.1206214,54
185689,13.584345,9.365719,32
56857,-6.571081,5.549278,-1
128448,-2.041431,-12.330004,89
181134,1.8704612,7.217195,-1
20030,4.5351844,2.0801392,-1
22192,3.0143964,3.6283562,-1
128484,3.0092618,14.214238,-1
28017,-5.9205804,8.643913,-1
6504,1.374884,2.6848254,-1
29659,-3.341631,1.4052321,30
110931,-0.009695312,5.2002378,-1
150815,4.5490108,10.456624,-1
52189,1.6105722,10.598208,71
128506,2.1447492,9.919307,-1
25567,-1.4715867,21.367004,60
132386,2.5674806,4.8860683,-1
60467,2.3462381,9.72114,-1
132353,4.3745174,11.708026,101
35328,-16.734762,7.1803102,89
167470,-4.13793,3.6643171,-1
149876,3.2922068,14.192183,48
31400,7.864783,14.333002,-1
176768,-0.89733815,1.8025755,-1
68839,-5.769458,10.793857,80
159453,-1.2214596,-2.168077,-1
56752,2.0323725,-0.5288382,11
136354,-6.600642,3.811073,-1
137835,2.760564,9.668405,-1
158399,-0.4663851,2.543246,-1
35134,5.8457103,2.365066,-1
136880,-3.5787904,1.9844576,30
177252,-1.8763244,0.62220144,-1
24699,-1.7014096,5.263383,-1
157948,-3.7529671,2.8590338,-1
68722,0.75817347,2.8136175,-1
136984,-2.4728754,0.18906204,-1
35434,14.3356495,-0.69723135,111
176207,-1.6059756,9.984996,-1
25624,3.098778,11.518175,-1
41584,3.0642738,11.598806,-1
156407,4.299797,14.411299,-1
157830,-1.4180479,5.3438883,10
24996,-4.222933,3.1271024,-1
17286,-3.9919147,5.4718013,-1
35250,6.3165054,4.418107,-1
123503,1.985342,7.473607,-1
25706,3.2655072,9.975402,-1
192108,17.614395,-2.1981928,63
68938,10.171309,10.535498,-1
157949,-3.3228421,1.2871982,-1
55979,-4.0200257,-11.398672,89
68923,6.2437215,11.41575,-1
176993,-8.319667,10.612153,-1
176184,-2.4215026,-1.2955668,62
56512,2.0221202,3.7645943,22
42357,-0.9863641,11.819891,-1
170791,-9.7560835,1.242808,-1
160034,-0.8144841,0.2490107,-1
42483,8.8099575,-2.6692264,-1
57889,3.0562973,11.614241,-1
40524,2.8100235,9.684833,-1
57059,2.027209,9.248878,-1
136314,4.1793733,10.042061,-1
31016,-1.6581713,10.259385,-1
185263,0.22693796,11.6707945,-1
30919,2.9405062,4.895592,-1
39237,7.631091,-2.2816951,-1
170329,-2.8930423,14.746326,-1
25980,-16.261353,14.469234,89
136879,8.809578,2.1715097,-1
159158,8.425835,7.4799366,-1
157700,15.5276,24.69257,88
121693,4.5959997,7.549367,43
18275,3.496852,1.2320364,-1
121618,10.162956,10.648854,-1
159709,7.5784936,7.2806063,-1
120747,0.23863083,12.550757,-1
177249,0.9305001,-4.374734,68
25930,1.8280475,1.4359412,-1
157932,14.357831,4.6437764,86
39682,4.221745,9.818699,-1
122357,5.4985924,5.812116,-1
193278,15.527572,24.692299,88
42495,2.6229184,3.2461627,-1
120885,-4.5617723,12.938239,31
11932,-7.118882,8.2330675,-1
42358,9.752334,10.70918,-1
11919,0.12561224,4.7273645,-1
157887,15.192356,-6.1393967,102
192374,0.2670775,6.0125504,-1
123053,6.828176,5.667625,-1
140095,-3.278796,1.3580843,-1
11927,-1.6735512,10.174635,-1
177240,2.8384728,-2.559585,-1
41045,2.3399768,4.025889,-1
137910,-11.70473,-4.811879,91
42360,0.9481643,8.665996,-1
12366,2.2087111,6.277148,-1
157021,1.3849837,10.918554,71
12122,-2.0471559,6.725586,-1
18443,5.3206024,0.036428794,-1
164766,0.18592793,10.35419,-1
41074,8.679641,3.8922243,-1
164616,1.1741098,9.405687,-1
17914,-2.8699787,14.726363,-1
123211,0.77169836,27.323164,74
56232,-0.74282676,10.229893,-1
123498,6.0829806,6.976007,-1
122817,-7.268523,8.21418,6
41928,12.325213,9.064433,-1
24848,17.181875,-1.8138117,63
12289,14.498273,-1.0534585,111
17496,11.689409,8.725165,-1
170452,7.957728,10.895127,-1
186549,-7.019411,3.6423545,-1
193031,12.223195,9.101114,32
186207,-1.5967965,9.976502,-1
40239,6.057314,2.3391209,-1
138134,-5.984797,-1.7555754,-1
17973,-3.2914479,1.3120183,30
157389,10.95434,26.266462,102
57656,-13.35542,17.608265,89
39631,7.7235894,24.302504,102
122786,-2.0414393,-12.3300085,89
156617,4.4908385,2.201336,-1
39745,8.537387,-1.558576,21
169501,1.0242953,15.604203,-1
137817,-3.5831413,1.2803574,-1
69712,17.600845,-1.4316176,63
28709,-0.26648155,12.425758,-1
192201,-5.9605074,11.704635,-1
158291,-5.8818,0.36250088,45
55023,9.044125,16.358519,95
173176,0.97777563,10.206828,-1
69063,3.0812433,11.604315,4
170713,4.055419,-4.2579284,-1
177194,17.175652,-1.8247445,63
123252,15.974726,-9.076204,74
39627,13.727284,13.91138,111
185175,14.475208,-1.0269808,111
30357,2.6396153,9.2413025,-1
173031,12.223228,9.101983,32
186412,18.391754,17.585136,53
156784,3.4966295,7.934636,-1
139926,0.38430497,0.84687144,-1
40726,1.7926068,8.70015,-1
176622,-13.631926,15.598013,90
185327,-11.978497,4.111899,-1
68151,2.2384436,2.9576569,-1
25540,0.26844776,0.6650881,-1
160167,6.6933675,-3.7689073,-1
138850,2.8980293,8.929181,-1
136682,-1.9277413,6.8187957,-1
69581,8.649323,3.8603184,-1
41494,4.0675664,4.6810074,-1
69182,3.3220937,9.738783,-1
192783,-2.7306583,5.1864214,-1
123304,-1.1517544,5.9342537,-1
122011,2.0206962,3.7644012,22
177417,14.357751,4.642448,86
139084,5.1280913,9.514723,-1
12471,8.439208,3.4126644,-1
30348,-6.983012,-9.055972,89
158791,1.2760419,6.601903,66
55815,-2.0548422,9.073158,-1
40634,3.3301256,13.775107,-1
158063,1.354777,1.639696,20
140473,-10.163104,-8.136571,89
158903,-0.2942252,5.389486,-1
137255,7.2684793,4.389388,-1
55085,0.1193023,5.2892156,-1
11691,1.2007914,6.7378902,-1
68645,-4.36392,3.651751,-1
30760,7.3938265,14.581768,-1
186184,-2.4216359,-1.2956451,62
122217,5.283909,0.0853916,-1
160239,-3.9290047,3.4599555,56
186622,-13.631794,15.59802,90
139618,1.0328889,12.09356,-1
39550,-3.8696268,5.729493,-1
121076,1.2444141,6.973333,-1
140264,3.3717594,4.367553,-1
39742,-0.28084207,12.450006,-1
41833,-18.517467,9.489191,89
164568,11.096589,14.033513,-1
140508,1.9359205,16.251759,-1
35492,3.7760155,9.9344015,-1
39720,5.2519317,7.2646513,-1
193225,5.9141583,7.0947013,-1
31052,20.356426,14.451007,88
172783,-2.7299988,5.185976,-1
40140,2.9259868,9.845436,-1
176412,18.391657,17.585196,53
24995,7.0591655,13.602077,-1
185134,3.523269,9.547258,-1
56751,7.373121,13.549474,-1
193176,0.9870717,10.19364,-1
121491,-3.836962,5.8450956,-1
138694,4.1517434,11.659,-1
159321,3.849088,9.938051,-1
140318,-2.7245183,7.795418,-1
121230,-2.038154,6.6816616,-1
25594,3.1158597,4.7382627,-1
176549,-7.015716,3.6398911,-1
169482,3.0337973,11.633129,-1
56997,-0.2089756,10.021268,-1
164928,8.1171255,10.795477,-1
157457,-1.7968224,5.4601545,-1
159626,4.5734367,9.816644,-1
165066,-4.7905087,3.1886237,-1
164443,4.0023646,5.1067624,-1
41248,3.9581244,8.343977,-1
164734,0.111359924,0.73460096,-1
169997,7.5201764,0.8492339,106
41886,0.0042219087,11.699657,-1
164718,-4.810659,3.4754324,55
139276,13.831603,21.646158,102
17504,4.947728,3.6318605,-1
11862,2.8695655,5.1810503,-1
30767,4.491541,5.184615,-1
30463,7.4571075,14.533733,-1
55081,15.225928,-6.173081,102
185157,-7.470251,7.267431,-1
140250,7.584509,5.5579762,-1
50393,2.0565042,-0.5883327,-1
191991,4.443522,-2.3694448,-1
150305,4.3675632,5.1433563,25
37399,-2.6601686,14.501368,-1
14674,-7.0944786,3.9721363,-1
166146,-17.548695,11.463253,89
14683,3.5649786,7.900207,-1
47274,3.374048,2.2423992,27
150333,3.455016,14.228361,-1
34108,-11.729228,-4.787746,91
150264,2.0100436,10.008721,-1
150261,5.716736,10.390752,-1
181000,1.0097113,11.274968,-1
29596,3.5314832,14.613763,-1
162272,-4.717826,9.237143,-1
51925,7.7244644,24.302694,102
183494,0.10115353,10.05482,-1
166178,2.1686203,4.3495426,-1
21977,-13.06175,0.1405657,41
128641,8.404411,7.3628745,-1
37433,-1.3721119,4.108732,-1
47063,2.3250427,3.9783678,-1
63793,4.204114,4.825092,-1
63962,2.7350986,14.0991125,-1
132868,2.2805262,10.030529,-1
166104,2.7915132,14.135641,48
132750,9.865164,-7.6197577,102
163748,-1.0297943,6.000367,-1
150723,0.40363285,-13.765699,88
143884,4.967738,5.7185655,-1
163735,-6.9818287,8.180737,-1
37450,10.446127,3.2030437,44
188011,17.61447,-2.198066,63
52073,0.8310959,11.816505,-1
180791,-9.756075,1.2427899,-1
173652,3.8051636,14.191686,-1
143958,-14.969992,12.233956,89
47048,14.330354,4.615746,86
60722,1.3870425,10.9693775,-1
181205,9.172697,8.28871,-1
129146,18.022636,-7.3502355,74
188197,-2.4745681,0.18580373,-1
129165,2.82207,7.7208476,-1
174265,-1.4716095,21.366877,60
47772,6.3033834,11.062001,1
129199,-5.6374598,25.450947,89
129204,3.6555195,1.4681447,-1
60950,4.9935327,6.036836,44
149665,3.2995067,14.299646,-1
27971,3.8592033,6.3631005,-1
144309,-4.2362943,11.241453,-1
167417,14.330649,4.6159215,86
181371,3.3942864,2.2421052,-1
132230,3.383163,9.469825,-1
174216,-0.7431365,0.20108593,-1
37142,1.0358176,14.428411,64
144386,-1.5307709,-4.6887503,58
60892,5.4703307,7.203005,-1
172201,-5.9605913,11.704713,-1
63396,-0.05228519,12.147626,-1
51873,7.768364,13.728605,-1
128937,6.5342503,7.2289963,-1
171686,-0.17857045,8.866579,-1
20027,6.8728633,17.262486,63
60820,-7.2949166,8.199138,6
60821,5.8817205,7.740719,-1
132383,-7.0891676,5.498383,-1
63487,7.979654,10.616614,28
63483,3.6575773,13.512271,-1
36286,10.940936,24.038105,-1
144119,-13.061281,0.13967857,41
189501,1.0239698,15.603951,-1
129042,2.1023688,10.43205,69
47648,-4.0128174,5.247104,-1
181183,4.13243,10.29697,-1
189482,3.021888,11.646936,-1
149829,6.2982907,8.024462,-1
180713,4.0554495,-4.258053,-1
143729,6.136666,27.366058,88
143676,2.2524416,4.0003486,-1
180329,-2.892725,14.7458,-1
165866,-3.615978,2.0291193,30
183830,-2.272575,-0.28869736,-1
127744,0.22302751,6.918727,-1
60062,0.0526113,10.334832,-1
151620,5.425498,7.504786,-1
151570,2.8263435,7.718082,-1
32566,6.176472,5.029736,-1
180378,-1.7140788,11.045817,-1
46299,-17.537102,11.474846,89
64414,6.4304423,7.8831725,-1
143275,2.2065804,1.5870179,20
46382,0.14643124,5.654525,-1
180452,7.9561896,10.88904,-1
168011,17.593363,-1.4411662,63
151451,-2.5507638,18.040997,101
46408,2.1078742,6.690538,-1
133409,-2.9591463,8.521267,-1
171445,5.1739445,2.3124003,-1
34245,9.670544,23.366728,102
163834,-0.77360094,12.448752,78
190329,-2.8930385,14.746285,-1
151933,3.372578,-0.33663037,18
165840,5.374203,7.316499,-1
127299,12.551131,18.332905,105
52776,-0.3397633,7.9030943,-1
172374,0.26661575,6.019998,-1
143000,-4.816207,3.2109795,-1
37828,6.6970706,-3.776357,-1
127409,2.2498324,9.968479,-1
14160,1.4549687,10.396776,-1
183888,-4.7677903,3.4875805,55
36078,9.856333,7.076711,-1
143108,8.837358,-12.2082205,89
151715,7.07923,14.781525,-1
29765,3.8646278,6.3549495,-1
189997,7.5201406,0.8490449,106
183652,3.8085158,14.201426,-1
143522,8.450335,3.155216,-1
133087,-1.4440154,10.044731,-1
171524,-13.631898,15.597961,90
171530,15.226052,-6.173265,102
64187,1.0950289,8.274568,-1
174463,2.7411897,2.8499126,9
14439,1.4930886,7.627522,-1
151013,0.93073195,-7.6987386,77
14447,0.48703,5.5781116,-1
60347,-3.841933,5.708342,-1
52318,3.5094001,4.027682,-1
64139,11.04693,12.893169,-1
52293,-7.096371,3.9719439,-1
133024,3.3679254,-0.16226432,-1
163774,0.930819,12.13031,-1
22297,-2.4534078,-1.3349897,62
46813,0.51430434,9.305122,-1
14402,6.6089764,10.370371,-1
143291,3.496394,14.336127,48
27289,-3.9357667,5.68008,-1
60169,-6.8565626,10.451912,-1
46422,8.686623,3.899755,-1
161986,3.755779,19.320381,-1
162000,-6.5722675,6.6049485,-1
46461,2.107029,-0.4971727,-1
46480,8.720142,15.938685,95
19746,-0.88704205,11.677085,-1
183731,3.3662455,9.562143,-1
166021,-3.2048712,1.6789423,-1
60227,5.0450454,12.143382,-1
133190,2.0404427,9.323865,70
133178,6.2915087,11.06195,1
128086,-15.399332,8.500561,89
128096,3.930141,3.2388074,-1
64239,-0.34194076,11.282845,-1
63161,-9.756087,1.2427735,-1
51580,5.088697,18.332682,51
54741,-3.6050515,1.9681989,-1
188837,-2.5882561,14.439212,-1
49672,5.4472737,7.5258017,-1
36475,-7.299288,8.202118,-1
33535,0.3833018,5.4263678,-1
20956,5.725628,10.410045,-1
49735,-3.7555299,3.8254685,-1
147010,4.7317595,7.687122,-1
62177,0.8875046,6.866554,-1
162980,2.2793427,29.056286,89
146994,-11.730546,-4.786487,91
162631,13.80368,21.674906,102
49769,16.839102,2.5220501,26
50782,4.593226,9.100243,-1
62162,3.5423803,7.9587784,-1
20904,2.025814,3.8077483,22
131469,1.783735,16.017044,-1
182374,0.26753718,6.0121326,-1
146842,17.8617,8.223272,77
61579,3.1753283,9.901812,-1
36470,-3.7274866,2.7283819,-1
33527,-7.216338,4.3102784,-1
62201,-16.799677,17.565393,89
147190,3.353467,2.3893466,-1
50938,6.024072,16.93406,-1
50937,4.1409726,4.625399,-1
130491,-0.4351882,7.649786,-1
173830,-2.272878,-0.28875002,-1
182201,-5.9597273,11.706117,-1
147557,4.041243,7.7665057,-1
131528,-7.18608,5.2883606,-1
172108,17.60094,-1.4320301,63
29228,-0.9941514,11.222435,-1
49521,-2.0413747,-12.330033,89
61524,6.5802913,3.0161011,-1
61527,2.0197408,7.1624255,-1
145422,3.4610777,7.1456475,-1
162943,5.9494295,6.7171907,-1
15398,7.606878,13.749502,-1
145443,0.7514653,3.029085,-1
146814,9.897541,7.1128807,-1
49930,-1.3381342,9.236804,-1
163010,0.20325938,-1.6373271,-1
166654,12.391893,8.948043,32
146455,6.0520616,1.9485946,-1
146454,1.8880951,9.456072,-1
50446,1.8808028,2.1168134,-1
61892,-13.061605,0.1425097,41
131055,-1.212277,9.550411,-1
61752,-1.6918961,5.3300624,-1
146416,4.569735,9.827602,-1
50250,4.6870866,5.4762173,-1
146309,8.439217,3.3779159,-1
36625,-1.8025934,5.6665816,-1
146244,-7.344088,3.642014,-1
36651,14.444232,-0.9428935,-1
188650,-0.7765131,12.453237,-1
146198,-3.299143,10.601719,-1
50386,6.0475135,14.160113,-1
61783,2.8427236,3.7685044,-1
146142,3.258034,4.330817,-1
50481,4.3770156,6.6607285,-1
146723,15.611614,6.3257103,52
20586,-15.353668,11.4796915,89
15709,-4.55322,12.928522,31
166491,-0.7505366,6.0450344,-1
131429,9.037897,3.4443662,-1
20838,-9.927569,0.7768488,-1
50671,3.4776773,-0.3684462,-1
62082,13.579044,9.361218,-1
171991,4.443636,-2.3694685,-1
166741,0.52441263,6.475595,-1
61635,-3.078765,2.1844196,-1
61637,0.365238,6.6698227,-1
182783,-2.7297878,5.186839,-1
131385,5.8524814,2.135364,-1
173888,-4.765696,3.5050912,55
146601,3.401961,20.493872,-1
130911,3.1856372,4.8566456,-1
145908,2.3966172,6.5038476,-1
146577,-1.8691047,6.612147,-1
183031,12.221921,9.103054,32
49298,-0.5625692,8.058219,-1
147774,-0.6844825,11.395172,-1
51431,1.0114349,10.506838,-1
129662,0.32437468,6.7416945,-1
129677,9.838553,10.659573,-1
188329,4.6785417,-13.77389,61
15036,5.8902545,6.543775,-1
189270,20.356417,14.451033,88
48416,1.7676975,9.319945,70
131984,18.409977,5.1150947,64
148915,-18.290146,9.636405,89
48438,8.017749,-3.2882636,84
15061,0.64830375,4.931872,-1
181686,-0.17621464,8.864584,-1
173731,3.3627563,9.567758,-1
167240,2.8383238,-2.5596855,-1
37015,-0.2013955,1.0022764,-1
129785,0.41521668,7.035428,-1
62862,3.713804,-0.5881437,18
132025,-0.8853998,6.1148944,-1
132058,-0.9505396,9.41819,-1
183225,5.9025745,7.093871,-1
51442,3.4126406,-0.58396566,-1
181445,5.1771913,2.3098888,-1
149405,-6.0630593,4.013567,-1
63115,-3.78409,5.8818913,-1
183278,6.1363335,27.366148,88
132110,3.6459086,8.098628,-1
149333,8.693081,6.750016,-1
14981,4.6045523,9.375226,-1
149302,6.2599797,11.19099,-1
189310,1.9009032,16.121754,-1
181524,-13.631923,15.598001,90
181530,23.594444,1.7672408,102
167252,-1.8758572,0.6217338,-1
37070,0.38371992,0.7567806,14
167249,0.9305307,-4.374596,68
21587,-4.4161615,11.044114,-1
21575,-6.2167,12.686459,67
62859,10.83944,-0.25771692,-1
167194,0.9857588,-10.175149,63
182108,17.613745,-2.203338,63
163563,3.208597,13.805235,-1
21257,-0.11527473,3.780991,85
51179,4.886219,10.4436865,-1
181991,4.443711,-2.3695688,-1
188442,1.8718714,16.353058,-1
49020,0.4487482,6.957355,-1
27621,8.329593,7.6200237,-1
49059,5.26587,9.463834,-1
15269,9.694486,-4.593824,38
130303,3.2900858,4.3758936,-1
36911,11.707023,8.72302,-1
33425,4.732301,9.618802,-1
188960,3.683377,1.6809165,-1
15782,2.8270779,9.359412,-1
170378,-1.7236747,11.041552,-1
51030,-1.6451778,9.181076,-1
130413,10.43334,10.548971,-1
15337,3.8798254,2.1953044,27
36374,3.7729876,1.5905489,-1
48952,0.7470438,12.132761,-1
148588,0.4055437,3.4881437,-1
130183,2.6272638,1.8086417,-1
162729,8.684096,3.8952112,-1
129923,1.323976,1.692862,20
48685,1.8626528,7.137193,-1
148524,0.30451408,11.144884,-1
51353,3.159933,4.1738086,-1
130042,2.8969734,7.625515,-1
148430,0.5592597,10.495795,-1
51280,6.583694,14.001501,-1
183176,0.9778754,10.205606,-1
51263,2.0024796,1.7503866,-1
62596,-14.969853,12.234109,89
62593,6.9622526,19.402033,73
162780,13.804212,21.675362,102
148294,-15.353706,11.479833,89
36366,-4.38739,12.74861,31
61270,2.1216466,2.0243323,-1
130172,-0.13784625,5.391864,-1
37856,2.5518496,-7.6999846,102
64886,14.358717,4.6448183,86
133642,4.9421515,10.494264,-1
191445,5.1788898,2.309586,-1
160748,-2.541307,18.030746,101
66782,-0.3160251,5.7974157,-1
124910,6.2133937,11.765555,-1
35842,4.1389933,3.1492875,-1
43751,-0.43716156,7.290328,-1
154539,-7.121788,5.3352404,-1
13156,-3.8235774,3.0388367,-1
135449,7.5849934,7.351787,-1
66702,-1.1793658,13.3300705,-1
36047,0.20852296,8.863643,-1
154517,-1.0709344,11.234607,-1
154505,4.4068165,11.679974,-1
125042,-3.4482665,-6.161153,-1
154490,3.0110648,1.3558034,-1
43801,3.9643168,4.9541755,-1
13183,5.816917,2.1478534,-1
38588,0.09262223,0.85488045,-1
38585,-4.8201995,2.9249966,55
54080,0.8310007,12.262572,-1
135483,0.5495852,6.3970923,-1
154601,2.8264685,-0.72673243,-1
154625,8.535873,-5.926583,-1
66944,1.646896,2.6034286,-1
154805,2.902222,3.4639869,-1
184698,15.611652,6.3254604,52
54177,-4.5367866,12.890387,31
191530,2.5518277,-7.699921,102
191524,-13.631764,15.597837,90
43609,10.954639,26.266342,102
160744,-2.5509245,18.040993,101
141389,0.25479028,11.557512,-1
35835,11.956283,-2.5692017,58
186993,-8.319675,10.612199,-1
23977,6.2326455,6.5507584,-1
178650,-0.7773057,12.451237,-1
18955,-5.8819704,7.5721855,-1
154640,7.058765,8.225059,101
28815,4.438905,5.491062,-1
26718,0.24654366,5.5090675,-1
28271,-18.516882,9.48933,89
23788,-4.467134,3.6666996,56
13305,6.8729377,17.262423,63
175134,3.5232718,9.551352,-1
135065,-1.9193653,6.8229713,-1
135046,-2.6889381,5.1930227,-1
125407,13.940355,7.342008,-1
35858,6.697364,4.15175,-1
125424,-1.8694038,26.870945,89
154118,-0.4551185,10.119363,-1
191205,9.173381,8.288248,-1
141607,4.388291,11.719268,101
178960,3.666083,1.6695149,-1
19036,1.1561581,18.351137,-1
154079,2.771791,2.6390233,-1
191183,4.1630597,10.294147,-1
141621,3.2022784,9.76217,-1
53921,6.131685,4.49482,-1
44031,4.153255,11.565848,-1
154277,4.4725614,1.8874391,27
168837,-2.5825589,14.434596,-1
178837,-2.5615058,14.4128895,-1
125143,1.1878242,14.60432,-1
58537,3.0286214,11.4880705,-1
154403,1.7909285,1.9406669,-1
191371,3.3702662,2.228816,-1
43871,3.1451578,4.524755,-1
175175,14.314574,-0.6616595,111
66520,3.8617768,9.3219385,-1
164051,0.7396146,20.757658,-1
38526,1.7706167,15.974375,35
43903,4.44721,2.2757213,-1
175157,-7.4704556,7.2675505,-1
171000,1.0110415,11.274899,-1
23829,10.444101,3.2048464,44
16941,-2.9023151,7.688017,-1
154290,3.5359185,-0.52361006,18
141519,-0.2826648,10.734067,-1
13051,-0.4039004,10.396868,-1
35795,-3.9223537,5.6581883,-1
24054,3.5786633,13.5820465,-1
12791,2.5200472,3.8821511,-1
124073,-4.337827,3.5942187,-1
186768,-0.89777166,1.8022429,-1
18694,5.8777623,8.874979,-1
169270,12.356866,-11.262048,88
31591,-3.450857,1.978591,-1
140853,3.166459,5.313626,-1
34961,2.0481539,10.501076,69
124158,-1.154719,4.509115,-1
155565,-0.872682,-3.3790717,109
67416,9.865163,-7.6197453,102
124174,1.4600655,6.755619,-1
140856,2.1809592,4.426578,-1
178197,-2.4747825,0.1856601,-1
140857,8.693365,6.749677,-1
155788,-1.6719855,9.540417,-1
67552,2.68594,3.3526988,-1
175327,-11.978747,4.111658,-1
124002,-13.631913,15.598003,90
123835,2.0818667,-0.5815503,11
156009,-6.210796,12.682895,67
67690,0.7396374,20.7577,-1
67670,20.356424,14.451067,88
67667,3.580835,-0.54441476,18
42640,3.7893372,4.410185,-1
155966,-4.2263713,2.7062144,-1
185060,-1.5323718,9.243401,-1
160389,-6.6507487,0.8725823,42
38893,3.1992447,11.743325,-1
178011,13.631917,-5.5866156,63
24478,0.90618527,6.4524913,-1
160416,0.28779665,0.66627383,14
169310,1.908883,16.114607,-1
155850,-4.867723,3.1825218,-1
24468,3.9361165,4.8369546,-1
173225,5.898835,7.108192,-1
124230,-1.00376,10.960766,99
38816,2.539053,4.2350287,-1
154886,-0.6311066,9.489387,-1
67169,23.594254,1.7677088,102
155127,-3.0032458,2.3172407,30
191686,-0.18119183,8.86346,-1
12964,9.727315,10.733793,17
124536,16.872917,2.5213296,26
26657,4.8309503,8.966671,-1
31749,-2.6678236,7.792324,-1
35754,0.905206,6.8143706,-1
178442,1.8633616,16.359894,-1
43399,22.145409,0.67786366,89
35770,-4.9264154,3.8925378,-1
13008,3.4096744,20.54713,38
175263,0.24059916,11.680826,-1
31763,-1.5155851,4.1427593,-1
35792,2.8379557,-2.5604172,-1
154928,-7.115895,5.4833198,-1
66989,-15.953655,2.540783,87
168960,3.6812632,1.6811837,-1
67172,6.170056,7.091739,-1
160487,1.8998038,3.2487683,-1
173278,12.356858,-11.26209,88
140914,-2.4504719,15.781925,-1
31683,1.5598887,2.764486,-1
164270,-0.21556558,8.439525,-1
140925,0.93046963,-4.3745914,68
155275,5.467492,-7.0613003,77
155263,6.5000134,7.7921724,-1
124381,6.49,4.73901,-1
155224,2.55263,-7.6377897,-1
18749,3.2169046,1.5798547,-1
67228,10.180098,10.559215,17
124406,4.0766,4.6613574,-1
135765,10.16664,10.61082,-1
184910,-2.9487135,23.991743,74
178329,21.514986,3.7756543,61
155203,2.3092954,9.553231,-1
155198,3.420876,-0.28066358,-1
125520,8.535832,-5.926738,-1
58829,17.861624,8.223228,77
44259,-7.1811967,8.221944,-1
134213,-2.3473783,15.696365,-1
45354,-5.7173243,8.781044,-1
45376,-1.4908432,10.116806,-1
13858,3.0094967,9.852097,-1
168329,4.678561,-13.773878,61
126736,0.5864349,5.0506496,-1
59473,10.203596,10.655244,-1
45496,2.0517735,-0.5617058,-1
165704,-5.75178,8.744501,-1
19440,-1.2215211,-2.1681738,-1
152484,5.023726,6.133475,-1
59546,-6.8667874,5.1401796,108
173494,0.10031848,10.038836,-1
16554,3.156157,9.729287,-1
142709,-15.953824,2.5405667,87
65382,13.632,-5.5866537,63
134219,5.0880575,18.331194,51
28156,9.865173,-7.619746,102
38068,-1.4677734,21.367737,60
184216,-0.7437103,0.20078266,-1
161302,6.4195113,4.7530518,-1
29944,-13.7034855,-2.9897065,111
53260,2.3333328,7.445711,-1
126456,4.548163,9.641899,-1
126469,3.5093668,14.384123,48
134348,8.837303,-12.208273,89
53225,17.175741,-1.8249328,63
45162,13.80354,21.675518,102
32258,0.90876174,3.946861,-1
65433,0.36492246,8.836735,82
134273,4.61102,14.416548,-1
187417,14.331949,4.617268,86
163935,4.3563027,10.313829,51
16615,3.0215964,14.014824,-1
163930,4.2176447,10.238736,-1
142750,-9.796836,22.510395,89
13925,-4.024962,5.352218,-1
152994,5.9433284,7.721332,-1
32451,-9.399475,-11.573315,89
45795,1.7340806,2.528635,-1
179997,7.5203466,0.84896344,106
133702,10.248356,10.684668,17
64995,10.102135,10.422854,-1
190378,-1.715694,11.04444,-1
37923,2.3216321,10.650759,69
152075,-4.0488014,3.114903,-1
152073,14.336649,9.573109,32
64962,6.2589884,4.4885693,-1
127174,2.0047467,9.617801,-1
161628,8.535788,-5.9267745,-1
45918,10.577786,3.0627258,44
127182,13.579786,9.359939,-1
165819,13.960429,9.410877,32
168197,-2.474837,0.18551256,-1
152180,20.775068,9.755644,92
152385,10.215388,10.613422,-1
142763,7.5476604,0.90028983,-1
13937,0.10628717,7.222426,-1
45656,-7.1494017,4.3455076,-1
13941,3.0034378,2.766848,-1
37998,6.2584977,15.97182,-1
133886,6.304475,6.571984,-1
37974,17.175821,-1.8247151,63
152286,2.9026132,1.6482354,-1
126956,14.494213,-1.048438,111
126971,1.0559833,10.513539,-1
152250,-2.2991295,8.244219,47
52854,1.2468597,9.294523,36
152220,-15.354161,11.479879,89
171371,3.3932934,2.2375948,-1
190452,7.9592724,10.89476,-1
174698,15.611269,6.3254232,52
190713,4.055472,-4.2581296,-1
163958,9.66989,10.656754,-1
66283,4.447197,5.1093597,-1
141827,6.8729496,17.262491,63
125734,3.1306283,2.5745738,-1
66139,3.42428,2.357415,27
187240,2.8382506,-2.5599918,-1
141897,6.71409,-10.401531,74
53689,3.4199846,2.2419846,-1
187249,0.93045795,-4.3745255,68
32121,2.3532777,7.3860006,-1
187252,-1.8760214,0.6224106,-1
125795,0.7081825,11.818613,-1
191000,1.0115664,11.274946,-1
179270,20.356499,14.451117,88
179310,1.9031658,16.119886,-1
35906,1.0520667,12.468942,-1
142001,2.8723133,14.098938,-1
163978,4.852152,10.463002,-1
13514,-10.36163,10.0606985,-1
125854,3.7860525,8.028276,-1
153681,-1.6807624,10.942689,-1
19134,-0.32770416,5.3925705,-1
34607,3.2875838,4.654612,-1
141823,-1.615329,10.288651,-1
58841,-2.4300432,-1.3028302,-1
44280,20.037163,1.4203346,92
66253,12.551079,18.333075,105
168650,-0.78481185,12.458425,-1
125647,-5.549642,7.1184087,-1
38406,0.9954434,7.2458386,-1
153906,0.059013367,5.3897142,-1
32074,2.8085139,7.8819413,-1
66197,6.2425923,12.092047,-1
187194,16.786165,-1.7167691,63
58954,3.9699283,5.6203094,-1
175060,-1.5348983,9.241748,-1
184463,2.7312136,2.83922,9
44432,2.0162277,-0.625455,11
32109,5.292054,6.5239496,-1
153757,0.93081576,-7.698796,77
13519,1.9856601,9.9966135,-1
125930,3.4070823,2.3968759,27
65632,3.0437527,3.1910949,-1
171205,9.171876,8.287896,-1
190791,-9.756162,1.2427458,-1
165599,5.5312233,-1.4985014,42
53379,-3.9638798,10.310651,-1
126245,-5.21438,2.9453852,55
179482,3.0296752,11.638951,-1
44931,-6.218625,12.688479,67
142373,-16.734709,7.1802273,89
153177,2.0306065,3.7897031,22
179501,1.022438,15.603401,-1
168442,1.8688682,16.356113,-1
184265,-1.4708061,21.367104,60
65674,4.1325374,6.5436754,-1
13691,-3.2041206,1.6851304,-1
53297,15.587176,11.289061,97
16677,-2.452581,15.772336,-1
45029,6.1840825,7.066984,-1
174910,15.341007,-8.823118,74
38199,2.8717983,14.057212,-1
44897,-2.4193091,-1.2969797,-1
26898,-0.15974037,9.276968,-1
44892,-4.2124553,3.5727935,-1
44687,-4.2930303,15.333484,75
171183,4.1563745,10.29008,-1
125962,-3.581406,2.0013094,30
32184,5.9107127,7.4783225,-1
65941,1.4301909,11.9605255,-1
134647,0.51894337,8.248798,-1
23394,-4.0382547,5.7988505,29
153449,3.029533,1.1581317,5
44715,-0.6654319,10.965635,-1
142160,1.8028579,1.4180646,20
65879,-2.6194222,14.468351,-1
23343,-1.2614168,9.520789,-1
126128,8.53726,-1.5584627,21
153295,0.30207646,9.472507,-1
19256,2.36955,9.370327,-1
153262,-4.405047,3.2613823,-1
138435,-4.626649,3.8248928,-1
46453,-1.7861861,10.08056,-1
8059,-1.501364,9.243668,-1
93386,5.377401,0.009342686,-1
3999,1.0092233,11.276802,-1
1836,-2.5837548,14.435312,-1
7215,-0.74361557,0.2001014,-1
198442,1.884898,16.35158,-1
206622,-13.631914,15.598001,90
101513,2.5955508,5.0355344,33
7264,-1.4699138,21.336308,60
78838,-5.167029,14.613565,59
78826,-3.2358935,1.3681118,-1
89850,4.787165,9.76472,-1
202374,0.26610333,6.0146637,-1
74327,-0.6066923,6.178732,-1
70782,6.2372775,11.004978,-1
89763,2.0475771,9.279086,-1
193731,3.3620138,9.566769,-1
115690,-3.5210707,2.1025364,-1
78730,2.859087,-0.7547642,-1
198329,4.6785817,-13.77387,61
115676,0.2376015,10.574944,-1
78929,10.31005,-1.8006618,47
78935,-3.5947855,1.9723076,30
194265,-1.4706445,21.365631,60
9548,-7.0192404,3.6418395,-1
96102,1.5733014,-3.1212728,-1
85393,18.31856,12.004708,100
204910,0.7717017,27.323147,74
202201,-5.9607353,11.70529,-1
96125,-5.637447,25.450945,89
79162,5.830276,2.1442418,15
85474,2.102461,6.5772066,-1
79131,2.9494956,3.3480847,-1
109930,5.3338556,0.05248495,-1
92396,18.391554,17.585243,53
85501,3.556136,3.6491444,-1
79082,4.3986306,9.7360325,-1
115932,13.867928,9.382334,-1
89925,-3.233009,1.2938795,-1
109848,3.640684,14.120108,-1
109887,0.5062818,8.539301,-1
101746,3.4825022,1.5224916,-1
85797,6.1989684,4.5036316,-1
101363,6.024159,16.934084,-1
96370,1.3338951,3.1194265,-1
115238,-0.35790128,12.081461,-1
86141,3.5386548,4.8001676,23
96693,0.29906955,8.489551,77
78338,-0.270875,9.070147,-1
100798,0.44440043,6.28146,-1
3712,4.055518,-4.2581472,-1
86232,1.7135712,2.081529,-1
10763,3.5969248,7.3616548,-1
110759,3.677228,1.2916378,-1
100736,-7.1132097,8.177751,6
204463,2.7412753,2.8556864,9
74867,1.5546336,2.9284263,-1
9206,-1.5974017,9.973135,-1
93490,2.5932832,3.8403134,-1
86324,6.235148,4.467718,-1
194216,-0.74014294,0.19695736,-1
70865,1.2470442,11.897922,-1
204698,15.611699,6.3253417,52
96425,-10.54642,6.095805,64
70793,5.5794816,0.031363238,-1
94134,15.733669,19.812857,89
9411,18.391443,17.585295,53
74427,4.93691,3.3496752,-1
1959,3.6859298,1.6791164,-1
78611,0.3861585,9.094809,82
101232,-0.45992246,12.124481,-1
115603,-7.09477,3.9015615,-1
101170,0.340238,11.489905,-1
110577,7.8966217,8.413205,-1
85932,0.5460379,11.872226,99
101108,9.031424,1.8177193,-1
110504,2.573738,1.9332023,-1
110529,-2.67596,7.7812862,-1
198197,-2.4749172,0.18560915,-1
7462,2.749781,2.8585615,9
3790,-9.7561,1.2426976,-1
85338,20.038313,1.4203323,92
79262,5.584331,1.9884983,-1
74905,8.185296,7.8679285,-1
89986,-2.5013976,8.716558,72
102854,1.6329055,16.413647,35
79906,-3.9858181,5.82501,-1
95785,8.244789,22.406105,63
84655,9.794059,10.784939,-1
9767,-0.8977903,1.801867,-1
6730,3.3705277,9.559758,-1
73666,10.9549055,26.266298,102
116466,0.56302196,0.8946524,14
198960,3.6872215,1.6749936,-1
95819,0.31408206,0.42685524,-1
73709,-1.6358557,16.344603,59
92501,-0.9981584,7.6542435,-1
4370,3.3939154,2.2419784,-1
193652,3.80242,14.189786,-1
79780,5.8813114,9.56989,40
205060,-1.5104096,9.220879,-1
79739,11.686854,8.717791,-1
1649,-0.7798085,12.456824,-1
118665,-10.557386,6.091108,64
118609,-6.332305,5.672944,-1
4444,5.1839213,2.3120008,-1
93265,3.863482,6.34957,-1
195327,-12.002232,4.0883846,-1
4529,10.955153,26.266193,102
4523,-13.631917,15.597938,90
92582,4.19852,9.287891,-1
205157,-7.470796,7.2673497,-1
84450,1.6238003,10.60021,71
95714,6.2969117,7.2843504,-1
73536,-1.4743128,7.6728024,-1
205134,3.506877,9.54649,-1
93263,5.926323,2.3700495,-1
6651,3.8157334,14.191972,-1
201686,-0.17877182,8.863729,-1
73561,-8.712346,-1.0579134,97
103001,-2.1190708,6.9131165,-1
84525,2.1358864,4.3528543,-1
102981,-7.162933,4.188153,-1
193,13.632191,-5.586734,63
108558,20.77506,9.755526,92
6829,-2.272935,-0.28929737,-1
79699,-7.8635387,11.739495,75
73807,4.180383,10.088556,-1
109327,-11.60401,9.68695,-1
4204,9.173418,8.2885685,-1
96062,-2.5527892,18.04261,101
248,0.9304267,-4.3744645,68
9621,-13.631853,15.597883,90
79439,3.843621,4.5594373,-1
251,-1.8762375,0.6215665,-1
94201,3.4784381,8.420156,-1
109314,20.038206,1.4203342,92
10704,1.8523045,16.09982,-1
93364,17.179733,-1.8313216,63
85206,-3.6402638,2.0948577,-1
4182,4.1208334,10.258146,-1
102055,-10.328958,10.061154,-1
202108,0.985224,-10.175431,63
118756,0.39091355,3.483242,-1
198650,-0.7864367,12.469321,-1
85286,3.9981391,9.740192,-1
118760,-7.4485745,3.528327,-1
92463,1.0037221,7.360627,-1
116163,-4.228142,3.1631207,-1
90167,-14.969694,12.234267,89
79569,16.830057,-2.4276192,63
198837,-2.5831928,14.435927,-1
92477,-4.0958076,4.042266,-1
239,2.838233,-2.56005,-1
84959,-1.6813227,10.9421,-1
6887,-4.7844048,3.5055592,55
70651,8.537158,-1.5583651,21
118696,0.8049149,4.133158,-1
95958,7.293379,7.0694547,-1
109202,-4.851517,3.307542,-1
85030,8.107128,10.98236,-1
201991,4.4439397,-2.3695574,-1
85053,3.5876422,2.2446985,-1
85091,3.4740071,4.6876926,-1
79512,20.775066,9.755448,92
79498,-1.6734478,9.255641,-1
120024,4.089745,3.2781816,-1
109163,-6.920209,5.784951,-1
100610,4.2040224,6.636752,-1
95653,2.911538,1.5666765,-1
112132,7.4148707,7.574577,103
196622,-13.631858,15.597851,90
203494,0.10256462,10.054027,-1
71161,1.7606133,2.5744536,-1
113924,12.55124,18.332508,105
112458,3.6762197,-0.62352276,-1
112463,-3.6063392,3.5473435,-1
119455,4.209861,4.9149365,25
98731,10.991461,24.04788,102
88561,4.101868,9.707599,-1
2996,7.520901,0.8492823,106
113887,3.16541,1.8365223,-1
75868,3.8791327,5.034717,-1
93756,5.1940727,6.3529906,-1
71193,1.8351057,15.784971,-1
87764,-4.2386727,11.219981,-1
112591,-0.9804814,2.8535461,-1
197252,-1.8759307,0.62160134,-1
197249,0.9317948,-4.377183,68
2500,1.0230044,15.603204,-1
8174,-13.703621,-2.9897506,111
206412,18.391325,17.585337,53
98960,-3.59378,1.2667165,-1
77207,-0.4440282,7.6293902,2
119507,-6.2188053,12.688611,67
99165,4.725525,1.8178015,27
77199,-1.8695619,26.870718,89
99059,12.728023,6.6384645,66
87518,2.1639688,4.2414184,-1
99035,-1.4609013,3.1207204,12
91902,-6.962426,3.8254147,-1
2481,3.0312014,11.638762,-1
8156,-7.4709377,7.2675757,-1
77128,1.9273449,3.2191095,-1
112283,-5.903864,8.582961,-1
88699,0.28542525,11.399427,-1
8133,3.521556,9.551353,-1
77081,-1.2471557,11.3774605,-1
92143,-1.2855698,2.868316,-1
71423,0.9639672,10.605874,-1
88692,10.9555025,26.266212,102
76805,-7.4112134,3.6442983,-1
98640,-6.068814,-2.7788026,86
112633,-0.38260013,7.5800467,2
88100,-1.100601,18.979479,83
76483,2.2022266,9.044749,-1
113056,3.4259148,2.3516662,27
88294,-0.4514743,9.692391,-1
113177,5.4762177,7.4931264,-1
203731,3.3925288,9.542892,-1
196993,-8.320715,10.612044,-1
88302,-3.3648307,11.012548,-1
98311,6.251385,16.141676,-1
113321,6.2958117,11.06495,1
98146,2.9102435,9.7613,-1
76276,-5.091529,10.716115,-1
203830,-2.2732468,-0.2895196,-1
88239,6.3681097,4.56208,-1
91995,2.220147,7.4326262,-1
98237,6.0832148,-2.6841114,-1
88051,10.991184,24.048132,102
98370,-1.526562,4.1346855,-1
197240,2.8382869,-2.5603857,-1
8326,-11.981984,4.108883,-1
8262,0.23866123,11.69042,-1
113716,5.3724613,11.585788,-1
97924,-1.0592531,6.315255,-1
88427,13.583623,9.362114,32
197194,17.60035,-1.4346159,63
203652,3.800582,14.19201,-1
203888,-4.7779846,3.5115106,55
112870,14.254915,9.413126,32
196768,-0.89734197,1.8024545,-1
88336,7.701221,14.4041395,-1
88374,-3.8108087,3.6863053,-1
88021,-1.3276304,9.419106,-1
98043,3.6406121,1.3019941,-1
76588,5.0993056,10.666257,-1
98047,-14.969581,12.234424,89
88340,3.1653907,2.5810769,-1
113020,3.7564774,-0.53467333,-1
114034,-1.6946744,5.4398603,-1
75702,-3.4578083,1.8515329,-1
119745,-1.7840614,10.147575,-1
197417,14.347345,4.6343584,86
91827,1.8375086,1.4968114,20
196207,-1.5978441,9.976502,-1
97073,-0.11311542,6.039263,-1
10811,5.8898826,8.882089,-1
91833,1.9779058,3.774768,22
2269,6.136029,27.366297,88
92298,-1.1101992,7.5025816,-1
100129,5.1042676,18.330173,-1
75220,-1.5068557,10.017024,-1
100097,1.931346,15.91971,-1
119628,0.31233042,9.503827,-1
77766,8.537024,-1.5582007,21
71037,3.8008204,10.814508,-1
75251,-2.6229172,14.521026,-1
204265,-1.4705362,21.365847,60
3451,7.957261,10.893925,-1
75125,5.207336,-0.052646693,24
97058,-0.37357,9.131745,-1
206549,-6.996773,3.649662,-1
96959,-5.637442,25.450956,89
9183,-2.4227376,-1.2965127,62
198011,0.98508734,-10.175435,63
10793,-0.46302733,7.9440093,-1
78116,2.8097868,5.997953,-1
193830,-2.27313,-0.29104736,-1
78105,0.21074623,6.296197,-1
93512,3.3358488,8.10487,-1
78071,4.630125,15.1233635,-1
111048,-2.109967,6.914043,19
7697,15.611352,6.3253155,52
114931,15.6120405,6.325353,52
97047,-11.734934,-4.78178,91
118934,3.3791423,2.3464577,27
206184,-2.422011,-1.2923756,62
202783,-2.7302566,5.186669,-1
196184,-2.4232821,-1.2964029,62
100412,4.337088,9.537492,-1
86529,-3.7323077,3.191054,-1
2309,1.903218,16.11984,-1
118984,1.9064803,7.0717053,-1
86808,12.668211,6.663275,66
119127,7.2895303,7.3894243,-1
92227,-4.420646,3.6747694,-1
111795,3.360032,1.4535815,-1
416,14.331866,4.6169786,86
77430,1.4873098,8.077675,-1
203176,0.978582,10.203374,-1
114196,15.215414,-6.162307,102
88829,5.877309,12.212078,-1
99425,3.6098711,3.8654444,-1
203225,5.9209404,7.0948086,-1
87101,-1.1319908,7.5927176,16
87288,-7.088784,5.480303,-1
114149,3.5831122,0.87287134,-1
71109,0.73970455,20.75778,-1
88764,3.0586123,11.658371,-1
114092,2.7194679,4.9236765,33
203278,6.1357026,27.366388,88
196549,-7.016784,3.6424718,-1
87387,-0.09706409,9.201626,-1
87145,-1.0967218,18.974545,83
99972,2.3876615,8.275651,-1
204216,-0.74451727,0.19951004,-1
206207,-1.5989233,9.973892,-1
114589,-4.3867865,3.4634426,-1
77641,5.3676357,7.532963,-1
94003,4.0403566,1.8025199,27
89024,-4.3003426,4.043812,-1
203031,12.224607,9.099736,32
99870,3.5274773,14.298219,-1
3377,-1.7187287,11.047703,-1
196412,18.391308,17.585386,53
111740,0.80815446,5.0529613,-1
193888,-4.7742615,3.4932616,55
99785,6.7348843,4.3925104,-1
75467,17.861506,8.22314,77
7909,18.022718,-7.350236,74
10858,6.6968575,-3.7759259,-1
3328,-2.892757,14.745728,-1
88891,5.36894,-0.0005400951,-1
87047,-3.9638877,5.6805367,-1
108429,3.7026267,1.1204973,-1
119306,8.135392,7.9175487,-1
5107,17.600183,-1.4344583,63
90672,2.1926343,3.8209827,-1
82601,4.769632,8.898739,-1
4990,4.4442997,-2.369893,-1
81944,11.710559,8.724228,-1
84027,2.0981255,-0.5548229,-1
5373,0.2446767,6.0307164,-1
200791,-9.7562275,1.2427316,-1
5200,-5.9609766,11.705987,-1
201371,3.3738413,2.2290041,-1
83983,3.7254696,9.484472,-1
10241,-4.4708095,3.620901,-1
71956,5.73594,7.5453463,-1
83964,2.2926052,3.0823023,-1
83015,0.044915766,9.501187,-1
94670,4.862977,10.128929,-1
103696,-7.449359,4.090342,-1
195134,3.5074632,9.561809,-1
81558,-4.4926763,12.858908,-1
9992,-8.319883,10.612269,-1
83951,-15.953276,2.5413,87
199482,3.0085173,11.682152,-1
83940,-8.289145,10.612478,-1
103729,5.412581,0.025933057,-1
83535,-4.2826447,3.6779659,-1
72293,5.8890076,2.165497,-1
81958,3.2222812,5.352474,-1
83499,4.336212,3.1170838,3
84104,2.0244741,3.02873,-1
200329,-2.893072,14.747133,-1
201445,5.1856112,2.3105755,-1
118376,14.335104,-0.69776833,111
4685,-0.17859726,8.857145,-1
10158,1.0797863,8.25959,-1
205327,-11.981935,4.1089134,-1
117569,-15.356024,10.273426,89
195157,-7.471312,7.267659,-1
117573,0.9850719,-10.175434,63
93070,0.96322656,7.390921,-1
94314,-1.0609473,6.207224,-1
194463,2.741332,2.861377,9
84091,9.759483,-4.6527047,38
117330,-4.7191954,9.235646,-1
81520,-2.5068383,8.714436,72
106020,-9.912352,16.11243,-1
84066,8.129234,10.907673,-1
117329,1.8507423,12.73718,-1
70463,10.044147,10.774725,-1
80665,3.7088482,7.991909,-1
118122,2.4229577,16.357508,-1
103578,5.0945134,10.54842,-1
94870,1.1725513,14.822612,-1
93120,3.033613,5.1775885,-1
1010,16.844723,-2.4058933,63
120492,1.9474037,3.3526247,-1
91498,-7.6049666,17.873798,107
91147,-0.8045264,11.107511,-1
104091,3.1952403,16.373665,-1
201183,4.1296244,10.312413,-1
94783,9.048855,16.359657,95
193494,0.10736312,10.053873,-1
73074,3.2590888,2.5629795,-1
10541,-15.210066,11.742878,89
94362,-4.118467,12.46765,31
92702,4.2428317,5.0422387,25
107259,-0.26935723,5.4204283,-1
106565,-3.1632645,9.885241,-1
6224,5.8987904,7.099838,-1
70411,-4.073301,3.9267724,-1
104004,4.831794,3.602439,-1
104966,0.77497035,5.606622,-1
195060,-1.5240731,9.2360115,-1
94833,12.874677,8.922255,-1
120341,0.70216423,6.2614694,-1
117241,2.4986076,10.182211,-1
200713,4.0555186,-4.2581677,-1
6175,0.98518443,10.197952,-1
94806,-1.8696705,26.870525,89
104055,10.990912,24.048399,102
90818,0.11665914,0.833554,-1
72592,14.331607,4.6166544,86
6277,20.752638,-3.8059454,88
194698,15.612729,6.3254886,52
81899,17.859377,8.222489,77
91284,0.49227092,10.588787,-1
103748,2.6683817,3.1267219,-1
72824,1.7755219,9.81974,-1
117278,3.5239,14.701723,-1
199501,1.0190388,15.602061,-1
117632,1.5774593,6.6262336,66
82680,14.256944,9.407529,32
10008,7.9500346,10.898546,-1
91238,10.445519,3.2037628,44
11424,10.16657,21.448349,98
11425,-6.982313,-9.056717,89
73029,3.4930182,-0.47639248,18
1328,4.678613,-13.773881,61
117809,-1.5038843,10.363712,-1
82815,-8.051965,17.705774,107
91484,1.6371129,16.408049,35
10040,-1.2215548,-2.1682975,-1
5782,-2.7294912,5.186584,-1
81756,4.4328537,-2.3685708,-1
92695,5.1734214,22.927143,40
81751,-5.5377183,7.1013722,-1
201205,9.174267,8.288925,-1
92951,16.745615,2.5194798,26
199997,7.521073,0.84942275,106
73361,4.5002327,9.870192,-1
81331,10.525476,3.123855,-1
120188,-4.900659,-0.7545752,104
201530,7.7254233,24.30275,102
82385,3.4398158,9.702745,-1
82159,-0.29245108,5.867175,-1
83146,3.2714195,9.664966,-1
205263,0.24558802,11.711992,-1
82154,4.6783013,-13.773866,61
72175,3.1982603,4.2171144,-1
105882,0.076705776,5.6231146,-1
80378,4.678222,-13.773787,61
1441,1.8711816,16.374123,-1
201524,-13.631908,15.59794,90
71916,3.8724675,7.799588,-1
195263,0.2401441,11.699241,-1
117393,4.716525,10.82106,-1
200378,-1.7176543,11.046165,-1
106791,10.444919,3.2043638,44
199310,1.9033222,16.120028,-1
104685,14.241704,9.400022,-1
104526,-1.2376236,4.374722,-1
82182,3.7289643,14.151623,-1
105808,2.5906892,6.6745696,-1
84329,-1.6701821,5.3744597,-1
106788,7.776115,1.1009163,-1
200452,7.958304,10.89376,-1
120664,3.0825691,14.345409,-1
206993,-8.320335,10.612323,-1
83314,4.3284154,14.211777,-1
80349,8.72006,15.944301,95
117481,2.0424557,-0.5634662,-1
105640,7.672581,15.546447,-1
81266,5.09383,18.337864,51
82342,-4.1852813,5.930111,-1
116856,-1.0711039,11.236962,-1
72814,3.5729215,-0.52928114,18
1196,-2.4746535,0.18544357,-1
90441,3.2000046,16.3718,-1
90971,-3.816727,3.0580437,-1
105795,7.8589,14.294577,-1
6493,0.100806765,10.06768,-1
199270,18.53691,-4.915049,88
116808,-15.399354,8.500544,89
84316,-11.7449,-4.7717414,91
95023,-0.7255371,11.352232,-1
94565,-13.058251,0.13932325,41
116930,-4.468305,3.464298,-1
201000,1.0086577,11.277363,-1
82311,-0.71071506,12.383733,-1
73447,-1.1376559,7.553241,-1
80493,-2.0525546,6.6032043,-1
81478,3.85694,5.3080826,-1
195175,14.321243,-0.66754097,111
107943,4.731876,2.2357168,27
84177,1.5392561,12.218365,-1
103182,-7.167091,8.244735,6
104606,-7.676296,4.1531544,-1
10218,-1.5638336,5.5779023,-1
84176,-3.177734,1.68317,-1
105494,-13.703539,-2.990163,111
90666,-1.7521138,5.4069376,10
80200,-18.516548,9.489673,89
108413,4.0248857,7.316113,-1
106693,6.0963197,7.95071,-1
83436,3.0810401,11.614032,-1
6030,12.219691,9.0995035,32
205175,14.499786,-1.0617671,111
206768,-0.8973661,1.8018713,-1
81211,9.7123375,10.673384,17
94534,-3.9067695,3.4378674,-1
10522,13.500129,9.396223,32
194910,18.02275,-7.350232,74
106994,4.1293244,6.5517917,-1
82304,4.238363,8.762252,-1
120607,-3.865985,3.4166098,-1
95361,2.0665958,-0.5871301,-1
84241,2.0381854,-0.50533426,-1
72123,1.9537017,7.35126,-1
105907,-4.1793613,3.1601243,-1
38581,6.2523265,4.5040493,-1
65579,3.3807275,2.2351744,27
38621,5.2952375,12.297893,-1
97532,0.22729038,10.344746,82
26965,4.7321672,7.7184587,-1
94853,-7.175768,8.239864,6
15955,1.7318016,2.3495293,-1
97186,-0.33522922,3.8206983,-1
132182,0.26629648,11.115128,-1
26711,1.0937369,12.606923,-1
131346,6.181149,6.6175313,-1
38177,3.4221466,4.4680257,-1
188251,8.359184,13.545851,-1
88840,1.8330649,2.5275822,-1
88814,-7.610945,17.872982,107
174882,-1.0663282,6.254761,-1
196264,5.313839,8.967543,-1
91185,6.1851473,11.984622,-1
126470,5.374934,0.025869407,-1
160821,8.128765,3.1683729,57
175015,3.6364458,1.3079526,-1
188577,1.0700748,8.289145,-1
131616,11.046939,12.893194,-1
175101,-0.60849065,11.826628,-1
188376,10.627487,10.987952,-1
34849,10.546505,21.505255,98
91116,8.894896,4.7920117,-1
131549,4.5805707,9.878809,-1
131606,6.4872503,7.5191803,93
8958,11.412513,5.2127814,70
34938,1.7942231,8.733796,-1
38407,15.972395,-9.074967,74
126380,2.332017,9.960222,-1
88806,2.94137,7.4709244,-1
8913,-0.85387737,0.15381838,-1
38267,5.954721,2.0751414,-1
89010,1.625662,6.583217,-1
38361,6.271961,11.034319,-1
172706,17.173634,-1.8255447,63
38280,6.3787436,13.832368,-1
28746,8.166467,10.76491,-1
131922,1.486416,1.4689434,-1
194882,-1.0672978,6.2551756,-1
97450,-8.179139,18.09809,107
174925,5.6640034,15.292242,-1
132131,0.37868625,7.079719,-1
172620,-1.4916513,9.199801,-1
114202,1.9367355,12.6410265,103
114209,22.361368,7.5500956,74
97517,0.3927519,9.053993,82
34781,4.271686,6.942656,-1
160829,-14.969255,12.234735,89
114240,0.14900967,12.377854,-1
132065,2.9341378,9.9392395,-1
165334,-3.5287788,1.3818941,-1
126213,3.3533282,-0.15440115,-1
175035,1.6147286,15.529673,-1
205632,3.1950562,11.914819,-1
34823,3.6905951,7.900251,-1
34963,1.7695987,1.6441685,-1
75521,5.4142494,0.013569784,-1
61131,-6.459412,5.6017876,-1
72719,0.78011876,9.402487,-1
131827,2.1100197,-0.5046403,-1
132281,-1.5183154,6.4617033,-1
175632,3.1950483,11.914547,-1
34254,6.3400555,4.571216,-1
39320,4.427036,6.439809,-1
133389,0.63055044,11.086327,-1
16388,6.2178707,11.0164,-1
165959,2.9860992,9.829107,-1
113664,-1.3727024,9.508195,-1
26350,-1.1006889,18.979511,83
172354,5.976154,12.324048,-1
16372,3.3599195,2.244721,27
39258,-0.12996405,9.190441,-1
8619,5.750122,1.9188194,15
165929,2.6125145,1.9750484,-1
133319,-0.83299553,11.1675415,-1
133473,-7.162166,4.188221,-1
60139,0.2559232,9.528395,-1
175620,5.7613196,1.884867,15
8631,3.1949043,11.913471,-1
187762,13.632287,-5.586773,63
113732,0.33024308,8.766396,-1
2627,18.022776,-7.3502226,74
75910,2.0428424,-0.5277975,-1
60296,3.6720073,-0.62168837,18
187817,1.3525046,6.091527,-1
203934,3.208774,9.931788,-1
91360,5.0902333,18.334517,51
97896,-6.0660214,4.0122294,-1
75904,-0.13489927,11.008176,-1
29065,2.675243,4.399241,-1
72198,8.186367,7.832857,-1
117645,16.685793,2.5172002,26
133812,12.232344,9.099109,-1
39581,0.4923186,11.107195,-1
59577,3.0130446,1.777478,-1
133949,7.617421,13.66702,-1
133947,1.7725672,2.6684184,-1
39547,-0.3973583,10.08327,-1
98167,-3.917829,3.08222,-1
98153,2.3984368,8.267256,-1
8521,0.3497517,11.0083065,-1
66454,5.3332233,8.247843,-1
175772,9.642948,6.0344563,-1
159768,18.409676,5.1150727,64
39436,-0.87438196,-3.3802009,109
159939,13.803769,21.675377,102
159782,1.0017092,7.214856,-1
133696,5.365218,8.440992,-1
125324,3.3815062,14.397038,-1
133670,5.058761,10.632022,-1
187612,8.229653,15.014212,-1
16467,-5.563744,7.141118,-1
175725,-0.22392198,9.980507,-1
175719,7.6219945,14.769435,-1
76078,0.06396443,11.463115,-1
125325,-0.44896254,9.679383,-1
13299,2.9223926,1.025721,-1
16424,-1.8792604,9.651242,-1
160177,9.690679,10.6666,-1
175522,0.3482661,11.006936,-1
165863,4.031173,2.3043802,-1
132422,4.482218,14.393909,-1
172472,2.2611873,9.134717,-1
165600,13.43346,16.724958,65
94766,-9.230224,8.245503,99
88700,4.588955,7.2320933,43
88706,4.407643,5.1407256,25
132457,-8.712315,-1.0579249,97
205725,-0.21967061,9.974026,-1
1060,-2.2741272,10.120272,-1
132446,0.032708302,8.67516,-1
60771,-3.831505,5.856601,-1
114018,-3.3446834,-0.36635682,-1
16077,6.1973543,4.401885,-1
132429,7.7959948,13.856169,-1
8771,9.640627,6.0352983,-1
66278,5.1624827,18.417973,51
117734,10.200791,10.635492,-1
205719,7.6217046,14.770419,-1
1072,-6.9980745,9.346993,90
94789,20.038006,1.420364,92
175270,7.950692,1.2592807,106
175268,-6.5744963,6.605309,-1
165426,3.3650439,4.67337,-1
38706,6.18901,7.006154,-1
10278,-6.053346,12.555506,-1
196525,0.79850405,5.6117826,-1
60926,4.395756,9.79513,-1
114138,-11.735194,-4.781559,91
72463,1.8192111,16.11779,-1
38803,18.367922,5.08852,64
188073,-6.9971104,9.345317,90
188061,-2.275058,10.120497,-1
66274,-9.912338,16.112375,-1
88506,0.0033900498,10.810495,-1
29007,0.040516242,14.13578,-1
60378,10.576242,10.942943,-1
94627,14.494552,-1.049917,111
60428,4.6779895,-13.773757,61
160263,0.40372765,-13.765695,88
2575,5.376655,11.589969,-1
165813,-10.162992,-8.136637,89
187922,-2.0997932,5.070674,-1
28991,-3.40938,-3.655457,108
160301,3.5219877,14.716006,-1
196634,15.733721,19.812866,89
165755,8.567183,2.6701882,57
113902,6.033717,-2.5538783,-1
8718,7.616102,14.769862,-1
125653,8.32942,13.574164,-1
205772,9.640946,6.0355167,-1
160365,0.36266017,3.4826179,-1
8724,-0.21810973,9.96815,-1
38901,0.6151902,5.5900517,-1
72383,10.770579,9.18785,-1
204046,2.1575565,5.7069426,-1
88653,0.30652532,0.4899503,-1
72425,3.0351658,4.6512523,-1
194644,2.0195975,10.306677,-1
132529,5.1249967,-0.11550904,-1
126629,-4.266508,12.609515,31
205620,5.7537246,1.9165262,15
63525,-3.1026838,1.6773695,-1
116142,-0.8745668,-3.379815,109
173934,3.1872494,9.902418,-1
14144,4.7124066,2.234545,27
1375,10.687591,11.047752,-1
1751,1.7185626,10.808053,-1
64783,3.8030064,7.8080363,-1
9633,-16.261341,14.469307,89
163122,-0.3962109,5.672438,-1
14784,3.6019654,14.162315,-1
14786,0.65210265,0.9842378,-1
163108,5.3086295,0.00093002315,24
36710,1.395856,2.6778994,-1
129023,-1.1968359,4.472609,-1
163161,3.4826384,7.986919,-1
117031,15.527427,24.692778,88
90128,0.7908255,3.7507308,-1
1726,3.5906942,2.3411536,27
128726,3.7147741,8.137611,-1
127473,-1.0950863,18.976229,83
164276,4.080654,2.3289258,-1
1717,9.584161,10.591337,-1
189628,0.77159125,27.32307,74
163369,-0.9362112,5.060678,-1
173242,-16.799644,17.56548,89
90075,4.739913,14.431334,-1
195522,0.3482777,11.006106,-1
64738,6.3369384,4.526662,-1
189576,5.3745356,11.592773,-1
90053,1.6307582,12.293904,-1
195620,5.7527175,1.9169561,15
63422,-2.0809233,9.540558,-1
164362,0.82722574,6.349583,-1
173151,2.7321384,14.088094,-1
64877,0.19626065,13.019483,-1
63262,1.3772177,10.952746,71
36848,0.6989546,4.8699675,-1
174046,2.1593022,5.7039332,-1
173159,6.343605,4.2358613,-1
28434,3.1980698,6.9320846,-1
115900,-7.3328238,4.272057,-1
35642,23.594286,1.7679923,102
14915,-0.24504517,-4.557049,112
36889,1.8967416,1.5933797,-1
63202,-1.1066412,6.0603547,-1
173145,4.2718396,10.339529,-1
89915,10.836108,-0.19502161,-1
195101,-0.6142983,11.853455,-1
96128,-9.208875,8.25882,-1
63277,-3.390811,1.4579294,-1
204882,-1.0661726,6.255816,-1
36825,-2.4258068,-1.298425,62
162967,3.0344298,5.083836,-1
36802,0.33826447,3.5493672,-1
195632,3.1940942,11.913444,-1
1782,2.9050596,11.62889,-1
14840,-16.800385,17.564774,89
129101,-1.017845,7.664892,-1
35591,-4.2642546,3.408779,-1
204925,5.664124,15.292398,-1
35598,2.5519063,-7.6997676,102
187498,-6.2144365,12.677459,67
127288,6.2568054,4.5682573,-1
95233,10.160218,10.653749,-1
163459,-14.969246,12.2348175,89
36412,3.6850433,-0.62653756,18
38102,17.16884,-1.8299956,63
190096,-1.6917423,3.821405,48
173437,-2.2989457,8.242802,47
1576,1.07586,8.287684,-1
64199,-2.5359519,11.256183,46
95510,6.562458,14.992759,-1
163825,-7.5222387,2.7233412,74
14428,2.1200476,2.097535,-1
73595,-1.1928599,4.4004755,-1
95557,0.64090276,8.605694,-1
64169,-2.0330422,6.8431926,-1
73607,-3.4012415,-3.667234,108
128182,-0.117187895,6.0398483,-1
95764,0.3025232,10.760974,-1
163800,0.41017956,11.398499,-1
73652,-1.4554038,5.335708,-1
128140,10.971499,26.257072,102
36107,6.3819094,4.5971055,34
36402,6.1326127,6.644577,-1
128065,3.5841842,9.53761,-1
116781,0.40085575,5.7145834,-1
128017,5.061601,18.256153,-1
163878,-3.6039996,3.5396621,-1
189972,0.56162804,15.240211,93
36037,6.217261,4.873336,-1
95619,-2.5017157,8.716246,72
116672,17.60017,-1.4346926,63
173455,3.2276757,5.348546,-1
195270,7.9077215,1.2150985,106
195268,-6.574936,6.6054997,-1
95729,1.6762137,6.4888244,-1
90330,-3.995467,10.321871,-1
64232,3.0497017,11.62124,-1
35978,10.310023,-1.800576,47
90522,5.768085,2.1823254,-1
28067,1.2544736,14.044976,-1
173624,0.8076745,14.723793,-1
36363,-1.360403,5.5325017,-1
36324,3.3314767,4.3611717,-1
90178,-11.304949,19.718493,89
35806,-1.6100672,10.312216,-1
173726,7.927575,10.474762,28
27928,-3.696356,1.5341064,-1
205015,3.6377482,1.3069701,-1
164021,0.7436139,3.0588574,-1
164126,-16.73467,7.179958,89
90601,4.678073,-13.77364,61
116945,-4.2155094,3.4389095,-1
127554,5.5787244,0.029706916,-1
163559,4.0792375,5.172988,-1
164256,2.6668797,6.8795276,-1
205270,7.923195,1.2302357,106
205035,1.6208668,15.553143,-1
36292,3.084809,4.1376133,-1
205268,-6.575175,6.6054993,-1
36263,2.101349,9.481811,-1
63974,2.8894045,1.5839663,-1
128377,7.3162723,14.389028,-1
63998,14.320895,-0.66675746,111
95373,0.6760787,14.136368,-1
128370,10.994972,26.233713,102
116430,4.0045967,4.70453,-1
90265,2.7255197,5.14506,33
163756,0.34755313,3.5261118,-1
205101,-0.61110204,11.847824,-1
14247,4.1804876,9.59903,-1
128279,2.0595899,9.156513,-1
35496,9.044665,1.8100649,85
89910,6.0167317,-2.5211575,-1
10019,1.8477849,16.153631,-1
96820,15.224581,-6.171719,102
196064,5.778948,9.605318,40
96797,3.547492,14.678528,48
188864,13.53114,9.279992,-1
74860,1.3684412,1.344016,-1
161888,0.5265793,6.481226,-1
13841,-3.976469,5.8476353,-1
35191,6.017859,14.834362,-1
15377,0.16850123,0.7121176,-1
161827,6.151806,4.7295046,-1
35136,3.5014493,8.108503,-1
126646,3.371034,2.5681298,-1
116770,2.861539,14.174489,-1
161822,4.168558,8.079743,-1
27178,3.5511808,4.8359885,-1
161943,-8.179391,18.09847,107
65339,4.753996,1.323547,-1
127155,-11.732175,-4.7848597,91
35244,-0.44187465,9.663567,-1
126792,10.22609,10.641878,-1
1250,8.35671,13.547533,-1
164805,-0.26178876,5.06043,45
65279,5.2006884,9.521004,-1
9263,5.323484,8.954829,-1
35245,3.26148,1.2260305,-1
126741,7.422457,13.55631,-1
27273,2.9156487,1.0252621,-1
115260,-4.6484804,10.838933,-1
164814,-0.56166565,9.839029,-1
35226,5.7787476,9.019432,-1
161979,5.8028297,7.387332,-1
62294,17.17378,-1.8253164,63
62139,-0.4054263,7.497113,-1
27173,-4.2338543,3.023398,-1
161792,6.3252,7.145391,-1
37971,6.150349,-2.8830943,-1
95017,6.6972127,-3.7764602,-1
65431,-4.393692,3.596383,-1
165020,4.2323785,11.61859,-1
161524,4.356288,11.737307,-1
188783,2.8839102,11.627712,-1
9063,5.777556,9.596271,40
35005,3.0609112,11.605439,4
194925,5.664297,15.292282,-1
204341,2.8879318,1.0210584,-1
131191,18.158289,6.7855616,80
204319,-3.8712323,4.022734,-1
131078,10.259047,5.5028744,70
28661,-3.9773147,5.617464,-1
188718,9.578026,10.588792,-1
65420,-0.7273935,10.384488,-1
161599,18.410152,5.115194,64
188727,3.585318,2.3319657,27
74992,0.4337411,3.4313414,-1
174644,2.014981,10.287974,-1
89335,1.0618442,8.275691,-1
196142,1.8665383,-0.8795299,-1
188752,1.7192086,10.81093,-1
9141,1.8659964,-0.88006556,-1
10160,5.4674506,-7.0613604,77
74966,-4.1801167,12.515057,-1
205522,0.3536469,11.002021,-1
37838,6.7140875,-10.401521,74
74952,1.3665097,5.706799,-1
62406,2.2793853,29.056307,89
195015,3.6371691,1.3085417,-1
37527,4.230848,4.834557,25
35396,-7.2592363,8.212566,6
162670,4.4167933,3.0811503,3
28506,13.803853,21.675495,102
195772,9.641509,6.036178,-1
115713,10.440902,3.2081728,44
115691,10.285186,10.475779,-1
35413,-6.1849833,12.662973,67
95119,5.2154474,6.647967,-1
162503,6.2811904,11.062759,-1
117226,3.1097567,13.929817,-1
15081,-0.46089455,12.593485,-1
27508,15.984013,-9.090649,74
13955,5.4673967,-7.0614552,77
162533,5.7753067,7.301664,-1
65159,6.323297,7.1633124,-1
129650,-0.20479383,3.0227919,-1
36987,2.84897,7.4303246,-1
74280,-0.11265137,5.0134993,-1
129531,1.9796983,7.085539,-1
63085,8.113766,10.983716,28
195725,-0.22807325,9.976418,-1
13999,-1.1116352,3.8854368,-1
95133,10.444876,18.9959,82
1863,13.531382,9.279979,-1
89870,18.408985,5.1149373,64
173089,-1.0422626,5.9521346,-1
36944,-1.5239352,5.2174234,-1
36936,3.557622,4.736972,-1
195719,7.622167,14.770095,-1
162810,1.651635,12.286413,-1
90770,3.9357975,5.3904505,-1
9524,0.79426485,5.605997,-1
115662,2.3914533,9.650384,-1
115364,1.8824902,10.539468,-1
35284,-8.05127,17.70395,107
195035,1.6173717,15.534776,-1
37413,1.6205573,10.680332,-1
62572,14.357899,4.642546,86
62570,6.1353827,27.366524,88
115471,0.241964,11.319371,-1
89573,10.82898,-0.24941091,-1
62489,12.87756,8.927097,-1
115612,11.690761,8.345073,-1
130282,5.4316483,6.8901377,-1
65220,4.4882197,5.145653,25
195959,11.417513,5.2104673,70
62454,2.7104626,5.143458,-1
15289,-1.0923609,10.112048,-1
74552,4.147987,5.0077753,25
74549,-5.7801213,-5.793229,81
195914,-0.85412294,0.15351683,-1
37377,7.435616,7.368223,-1
115551,-2.1614408,9.426105,39
174341,2.8958158,1.026256,-1
27412,-3.6209042,6.0929613,-1
13926,-0.45133275,2.585965,-1
95098,-0.3088118,5.401711,-1
162329,4.514865,2.3394005,-1
174319,-3.8676505,4.0262804,-1
204644,2.0217683,10.2780485,-1
73040,-2.4247868,-1.2950312,62
90863,5.5566454,10.104796,49
15138,3.5373838,4.6358304,-1
190507,1.5493107,9.634084,36
89730,-8.910814,-5.9000854,110
96095,21.505861,3.784804,61
39578,-2.1094196,6.92177,-1
88207,8.666143,6.7842917,-1
143684,-1.6177951,16.597155,59
183726,7.9277787,10.4728,28
201610,-4.0795217,3.4277563,-1
84386,-5.2794313,3.4148142,-1
103177,18.672594,20.215914,88
179576,5.377172,11.593406,-1
52279,7.223653,13.589882,-1
108258,1.7722539,16.065296,35
19847,0.4200632,12.936395,-1
143827,1.8724649,1.5532893,20
179628,0.7716295,27.323055,74
45158,2.3606958,9.2202635,-1
23143,2.7154992,5.146926,33
103224,-3.844356,5.7977667,-1
23133,1.1829147,5.831435,-1
152846,5.457247,6.8720474,-1
183624,0.8083483,14.725742,-1
143809,3.4269536,13.872134,-1
153124,3.3487635,-0.3711871,-1
103077,2.2176435,16.272802,-1
108456,6.6971955,-3.7765665,-1
52515,7.353697,9.219055,-1
52748,3.6087897,8.462986,-1
153371,3.3621867,-0.05954769,-1
153364,-1.1827891,13.342266,-1
108561,1.2825277,6.6250706,66
108552,6.72837,14.783673,-1
108548,2.1955605,9.660707,-1
44840,1.0668551,14.491173,-1
143164,15.97268,-9.076206,74
201680,0.6661022,14.138814,-1
143214,10.2568035,10.740572,-1
44912,2.1436265,9.83101,-1
84455,-5.869928,0.37479836,-1
80067,1.7205315,6.511731,-1
143250,5.9217434,2.369556,15
143251,4.696209,9.0363455,-1
6623,0.80799264,14.725143,-1
19720,-5.778081,0.48944852,-1
19903,4.7364492,6.2195773,43
108638,3.269222,4.316448,-1
51626,3.082653,7.079543,-1
144302,5.328174,-4.7948804,-1
80598,0.25370604,10.71703,-1
51684,-0.8296059,6.102334,-1
80609,3.7426555,5.2586474,-1
152370,-0.23878536,12.328069,-1
45648,-0.13614039,6.0337224,-1
144376,10.990752,24.048544,102
84090,-2.0439646,6.716735,19
84071,1.2491089,1.4848577,-1
45243,-8.712302,-1.0579351,97
51522,-3.700258,6.008999,-1
152278,-4.0900283,5.7930326,-1
152277,2.213148,2.5198102,-1
103615,10.960811,26.262371,102
144570,-0.020338736,5.0158114,-1
80689,8.290655,10.86896,-1
183242,-9.796774,22.51032,89
179972,0.572025,15.235326,93
51747,10.20902,10.6828375,17
4679,0.6852918,14.135761,-1
45549,9.776967,10.651336,-1
84165,2.025113,3.7937646,22
4609,-4.07436,3.4241605,-1
84288,-13.062597,0.15502347,41
19939,7.857155,17.745749,110
108114,-0.4181187,11.8872175,-1
6454,3.2329721,5.351971,-1
45308,3.622543,2.333585,-1
80436,4.7327876,10.87577,49
152716,1.9669974,12.619475,103
144055,20.752846,-3.8058126,88
6436,-2.2995074,8.2442255,47
152684,-0.33094352,17.866531,107
84236,5.2734303,6.5716105,-1
183455,3.2312958,5.349336,-1
80482,6.0341873,14.828881,-1
183437,-2.3026772,8.2446,47
80538,1.1596065,9.428139,-1
153431,-11.304942,19.71849,89
153459,-12.528782,12.836456,111
103706,6.2031817,4.981052,-1
142133,-5.5946875,7.0968943,-1
44003,3.4899514,6.5595765,-1
178864,13.531433,9.280073,-1
202050,6.4037976,4.4017615,-1
198718,9.577529,10.592057,-1
53577,2.031406,-0.51640046,-1
102202,2.5444427,3.3442216,-1
198727,3.5985537,2.3395813,27
154166,2.279407,29.056393,89
184341,2.8773088,1.0377158,-1
19303,-2.4135122,-1.2881321,-1
198752,1.7185944,10.806531,-1
184319,-3.8707006,4.0279818,-1
6933,3.19306,9.903259,-1
102278,3.1135488,4.964636,-1
44159,5.2380557,9.671947,-1
202001,6.047471,1.8576193,-1
79546,-1.3214169,5.3167024,-1
198783,2.8768036,11.61037,-1
79434,-2.8882546,14.749184,-1
109296,1.8877563,9.560442,-1
102158,11.419881,5.210182,70
109341,3.2092147,16.766325,-1
202134,1.8337924,7.5699525,-1
109627,3.554803,4.90472,-1
178718,9.581907,10.591262,-1
178727,3.6075246,2.331744,27
43837,6.517272,7.34299,-1
85300,0.43651655,11.335882,-1
154415,1.7829598,1.6061378,-1
7045,2.1569297,5.70231,-1
178752,1.7238656,10.80491,-1
23852,-1.5191109,-4.6071296,-1
178783,2.9027953,11.628316,-1
202087,-1.3626403,4.124787,-1
53805,6.006619,20.765518,80
53790,0.44260824,2.8527777,-1
141783,16.870625,2.5103261,-1
43951,7.9239097,10.497797,-1
141824,-3.842677,5.6606755,-1
44223,0.9308967,-7.698813,77
4279,-4.1601357,5.7153325,-1
102894,4.71397,10.818129,-1
84676,5.9322085,13.929955,-1
84781,12.551087,18.333092,105
142754,1.4724851,2.8501542,-1
153677,-1.0573533,7.644395,-1
84756,6.70491,7.4285707,-1
102691,3.0674899,11.583938,-1
153594,4.4301357,-2.3672209,-1
84726,-1.8122966,6.6235347,-1
84660,1.1561525,18.351236,-1
19317,8.244786,22.406109,63
79905,20.775042,9.755339,92
84657,0.17024165,8.865423,-1
6725,7.928329,10.472915,28
153517,6.36394,4.6167254,-1
23413,2.3757598,3.787979,-1
108693,1.4089373,8.886887,36
84619,6.161562,6.340338,-1
183934,3.1988597,9.909279,-1
184046,2.1555495,5.704477,-1
102630,3.7650979,-0.5577032,18
53063,-6.049203,12.568324,-1
79786,-4.016167,5.7678337,29
109041,2.6624272,6.766702,-1
142478,17.00341,2.478036,26
108958,9.050678,16.359055,95
79704,8.607359,6.780852,-1
198864,13.531391,9.2800255,-1
153849,6.4626703,4.6145644,-1
153839,8.37078,7.3711047,-1
79725,3.031547,11.6399355,4
108898,11.956124,-2.5687237,58
142590,-0.86760646,-3.3701832,-1
44395,7.4238896,10.461313,-1
53140,4.2585697,1.8254788,-1
79770,-0.2774753,9.089043,-1
84840,8.425647,7.4804907,-1
4343,10.219561,11.064561,-1
108848,-4.1624994,3.4822562,-1
201344,10.220676,11.079844,-1
103733,-16.800236,17.56501,89
88203,-1.6392953,16.339764,59
200096,-1.7156699,3.8425052,48
47253,4.3757963,-7.1936603,77
22075,-0.9784639,6.0057197,-1
150355,-4.875161,3.216948,-1
150246,-0.37627992,3.0291717,-1
81693,-0.8842925,-3.3480058,109
82854,4.4713144,9.707739,37
106426,-3.8341517,5.6215334,-1
49384,-0.52190214,11.660751,-1
81820,1.9136322,9.7172,-1
47412,3.3590674,2.249484,27
182134,1.8321154,7.570653,-1
105024,3.7387884,7.868121,-1
147749,11.096225,14.032888,-1
147784,-1.6103619,16.594942,-1
105058,3.5477085,4.7263856,-1
182087,-1.3375226,4.132404,-1
21014,-1.7083913,5.343166,10
49564,3.7109127,-0.3463242,-1
49609,13.405493,9.449158,-1
20993,5.118351,18.364708,-1
146824,-4.3583565,10.943971,-1
106692,5.891561,7.0472245,-1
106666,2.6282594,9.479829,-1
106638,15.614158,6.3272343,52
146920,-1.759619,5.6574273,-1
182354,5.9781675,12.321725,-1
81547,3.589731,-0.5319357,-1
49741,-2.5422647,11.260161,46
199972,0.5736103,15.23375,93
150540,-7.0028114,9.356594,90
49695,-15.353976,11.480099,89
47104,0.7895674,3.2646668,-1
106570,3.6524515,14.613705,48
104886,5.233568,9.005878,-1
47187,-9.927886,0.77641237,-1
106326,10.107378,11.2611475,-1
149966,-9.362431,-11.599248,89
150781,1.8954037,4.2891793,-1
105612,-4.992809,10.538497,-1
106006,0.27332813,11.237565,-1
82437,3.5642154,3.9088933,33
5619,-1.4714756,9.184321,-1
5471,2.2617679,9.118317,-1
148614,18.391254,17.585415,53
82115,2.0967782,10.614455,-1
82126,1.9659387,3.354033,-1
48625,-8.099617,12.653186,87
200507,1.5474287,9.627913,36
182050,6.40752,4.4019656,-1
149267,9.043049,1.8115482,85
48188,-3.929991,5.649505,29
181680,0.6751039,14.14004,-1
105688,2.9971066,-1.8162662,-1
105657,3.2762055,9.7821455,-1
48375,0.6977013,4.99178,-1
48281,2.4009275,10.0681,-1
21538,4.657544,9.5673485,-1
106016,-1.135049,5.909592,-1
47887,4.7727876,9.717926,-1
82024,-0.7069282,10.841558,-1
181344,10.220193,11.069204,-1
148003,3.2621112,4.290494,-1
5353,5.978389,12.320543,-1
148044,4.021029,8.748746,-1
105234,-0.79004866,12.119877,-1
148096,0.7087327,5.049104,-1
182001,6.047479,1.8576947,-1
149811,6.2739882,13.880937,-1
81921,4.7997947,9.914555,-1
21850,0.6624957,3.0541036,-1
82637,-3.584835,1.2846539,-1
5705,17.615877,-2.1985264,63
149777,1.8392001,15.798178,35
82588,8.181705,7.6568556,-1
47773,3.5743415,-0.45409662,18
181280,-4.154351,5.717814,-1
106077,-2.1713219,9.659033,-1
49936,-15.357044,10.272219,89
46905,3.6869187,-0.6359741,18
201280,-4.1609282,5.7208223,-1
104052,1.416143,12.195601,-1
50979,-2.6566901,14.51924,-1
145352,-10.547734,6.09505,64
151701,-1.271804,1.3234702,-1
145393,0.0076005547,5.70475,-1
20421,16.95417,2.5088668,-1
46204,-7.2998743,8.200747,6
107350,10.977288,26.246037,102
199628,15.986465,-9.082006,74
20451,19.601976,1.3545638,92
46289,-8.179566,18.098879,107
6158,6.3425317,4.2438617,-1
6150,2.720515,14.087502,-1
83593,-7.204546,8.229687,6
104121,1.2821085,8.818175,-1
6144,4.2663856,10.343503,-1
22556,6.2894597,4.5479207,-1
20501,1.3565593,5.7357397,-1
83740,-5.7893996,-5.7882595,81
199576,5.3737493,11.59159,-1
51052,-5.6374407,25.450977,89
151856,-0.35964313,8.935134,-1
83905,-10.547039,6.094918,64
22793,-1.3611494,10.690036,-1
83872,1.0361016,-2.1320627,84
183159,6.3434143,4.2424946,-1
51255,20.775436,9.755674,-1
183151,2.7065208,14.097807,-1
51235,6.3075585,6.570236,-1
180096,-1.696229,3.8226888,48
183145,4.270334,10.341161,-1
103789,2.6158116,3.070024,-1
80838,0.19441158,0.6194971,-1
45968,6.23555,8.86225,-1
103854,-16.263588,14.46689,89
6241,15.733729,19.812862,89
183089,-1.0408951,5.9508615,-1
151874,-4.720118,3.5381527,-1
20355,0.3190092,14.362976,-1
151569,3.83637,1.6695584,-1
22552,10.839274,-0.2576244,-1
49994,-3.8198407,3.1183174,54
50139,10.258391,5.503305,70
104445,-5.1651897,3.2110577,-1
151088,9.697402,10.658615,-1
5086,-1.3609847,4.125693,-1
50167,2.2602885,3.708816,-1
81338,-10.546754,6.0956674,64
146507,-4.167137,5.9224687,29
50668,0.419045,13.282777,-1
146521,-4.5242147,3.2069497,-1
50115,0.77570146,10.370064,-1
46731,-8.164958,19.340271,107
182472,2.2613893,9.112104,-1
81375,-5.579108,7.1437664,-1
46783,-6.6925173,-7.2510023,89
5133,1.8331944,7.5689983,-1
50027,-2.5119476,11.250872,-1
106951,12.250812,-8.276493,92
83336,2.166821,5.676131,-1
182620,-1.4830399,9.186504,-1
83361,-15.354005,11.480034,89
20524,-3.1309073,9.865565,-1
83516,13.804003,21.675621,102
151498,3.239861,14.055096,-1
81073,2.3028696,1.7387978,-1
81115,-3.89776,2.007932,-1
5000,6.0598354,1.8400556,-1
145943,2.2102833,10.61243,-1
182706,8.244773,22.406113,63
145955,-2.5445936,11.261238,46
145964,4.370681,4.8787827,-1
22489,-0.23023029,-4.5235105,-1
146001,6.0480423,6.7398953,-1
6088,-1.0414673,5.949699,-1
104253,-3.9381685,3.5068953,-1
151416,1.4756472,6.9960017,-1
180507,1.5506263,9.635008,36
5049,6.444868,4.3795533,-1
23927,-6.692498,-7.2509623,89
23930,-4.0273,5.7737017,-1
109659,3.3287709,4.355564,-1
203242,-6.982293,-9.056856,89
25528,8.134839,3.1717403,57
186634,-6.982271,-9.056874,89
197423,-5.164827,14.613092,59
191280,-4.163054,5.7236214,-1
99272,6.2295775,12.039242,-1
57678,2.4962113,13.034757,-1
77257,2.026078,9.258108,-1
8034,1.6178098,15.549073,-1
157878,-4.5368204,12.890192,31
40873,-2.170009,6.518422,-1
112001,4.164979,5.2154965,-1
57560,3.556299,9.575793,-1
40914,1.5716015,-3.1195128,-1
8014,3.6377606,1.3069737,-1
57524,-3.8980713,5.931766,-1
186525,0.7929365,5.6046214,-1
197498,-6.1037245,12.59664,67
17272,-1.5843307,7.8022795,-1
77206,2.6034133,4.23577,-1
99191,10.166751,21.44841,98
57798,1.3815249,10.970928,-1
58233,-1.1307039,7.5853643,-1
203437,-2.3007352,8.243838,47
77052,3.0534463,11.589623,-1
158512,2.3589764,9.8666935,70
87630,6.052754,2.336455,-1
58177,5.8100634,7.703777,-1
197356,2.294391,3.7406268,-1
176525,0.7916674,5.6004953,-1
77113,4.395677,9.805936,37
3095,-1.7007064,3.828273,48
8100,-0.6079135,11.844567,-1
158316,1.8140007,2.5180864,-1
158275,-16.73463,7.1799154,89
176634,-6.6924787,-7.2509165,89
17254,0.39499012,2.7886858,-1
87419,1.8839674,9.475648,-1
136846,2.9954274,1.0653251,5
99451,-9.36066,-11.610872,89
197325,-12.5288,12.836443,111
137616,3.0911615,13.91388,-1
41356,3.5378106,-0.48835105,-1
25187,14.499515,-1.060058,111
41400,0.6199532,0.9523465,-1
56923,3.6024995,7.9661913,-1
77634,-0.5646651,11.922693,-1
86924,6.497193,4.7589164,34
56852,3.4730473,13.624625,-1
157864,3.743543,7.699659,-1
86913,0.45445648,9.040658,-1
186142,1.8632569,-0.8828393,-1
177174,15.225255,-6.1723766,102
137783,14.358079,4.6426516,86
157324,3.3845325,-0.29417628,18
77676,2.3674397,6.356353,-1
56809,-17.535713,11.476291,89
7881,-1.0485634,6.272319,-1
137551,2.279393,29.056437,89
197612,8.230613,15.011641,-1
186264,5.3057065,8.976483,-1
99497,14.080468,-0.5847747,-1
111860,3.263288,4.3597836,-1
157823,4.741494,8.999815,-1
17441,0.4121354,5.4735036,-1
137013,1.4473615,1.6550361,-1
203159,6.3487782,4.2291384,-1
203151,2.7253795,14.08964,-1
203145,4.2708044,10.339997,-1
111784,4.3502073,9.855889,-1
87142,0.26028773,6.297951,-1
157696,0.40384045,-13.765697,88
7924,5.6641355,15.293192,-1
17538,5.917463,2.1379163,15
41240,9.694313,-4.5936174,38
203089,-1.0445993,5.9417925,-1
137454,-1.6545541,5.393403,-1
203455,3.2331636,5.39245,-1
87694,7.948188,10.575684,28
54006,-3.8570032,3.0477223,-1
159189,-3.9500926,2.0861175,-1
113131,1.5958848,8.823868,-1
187325,14.333214,-0.6937256,111
176064,5.7796416,9.604366,40
134625,4.931449,6.0668364,-1
187285,-7.726631,4.1464953,-1
159209,6.832173,5.6649323,-1
59065,-1.0487832,11.828857,-1
16762,5.945906,14.795201,-1
134727,-4.2894464,12.485813,-1
197174,23.594402,1.7682083,102
76566,-1.9808835,6.6508617,-1
76593,-7.1822047,3.7801757,-1
112912,3.0610983,14.303369,-1
16802,-1.1834475,13.3408,-1
39970,10.756056,9.142972,-1
88013,3.9073963,9.418727,-1
16817,-8.910557,-5.900041,110
176142,1.8412865,-0.90732193,-1
39860,2.4711666,3.6438382,-1
59172,5.817821,2.145329,-1
113158,3.021075,9.842297,-1
203726,7.9281335,10.473954,28
76226,7.631191,-2.281885,-1
98220,1.9116855,3.6967394,-1
134151,6.6059284,7.462616,93
134172,2.9965847,14.16917,-1
113342,0.5544437,15.249877,-1
134178,2.620953,3.0589287,9
175914,-0.8545971,0.15319578,-1
39680,3.2999845,-0.10153966,-1
187423,-5.1653457,14.613281,59
26111,-6.6508584,0.8726379,42
134296,6.4855723,7.5213275,93
175959,11.416613,5.2112074,70
16647,4.474901,9.707229,37
159364,5.6493936,15.297762,-1
39794,-2.4721608,0.18818828,-1
39817,2.7204804,4.9837017,-1
187356,2.2884994,3.7440243,-1
134841,1.9195668,16.195084,-1
112859,5.612448,0.04375191,-1
98815,-5.6374693,25.450983,89
112529,-7.243359,4.2900186,-1
2971,0.580076,15.244559,93
40273,-0.5444497,9.738249,-1
58421,0.8342156,3.856394,-1
87762,-1.8733686,9.869878,-1
135541,6.662631,13.910565,-1
58410,16.786228,-1.7166336,63
87761,7.858329,10.5297785,-1
58399,-3.6588187,6.0524044,-1
58359,0.33088443,9.165769,-1
159075,4.0132866,3.1685717,-1
158696,-0.4887601,9.630378,-1
197285,-7.7271953,4.14656,-1
76914,4.6842237,8.921868,-1
112476,-3.93524,3.4031389,-1
158644,3.6511142,14.691013,-1
58294,-6.2090206,12.68007,67
58293,2.4403596,8.40406,-1
135685,3.411304,8.055245,-1
25813,-1.649921,9.150681,-1
40202,17.859161,8.222299,77
158882,-8.099664,12.653175,87
135373,3.4095802,4.0679417,-1
134904,4.0249767,3.119315,-1
16852,-1.8285528,9.614018,-1
187174,23.594404,1.7684231,102
87935,-0.4253647,7.5486717,-1
58749,-9.912306,16.112299,-1
76707,11.956163,-2.5687332,58
98491,4.2080665,4.817912,25
135045,-4.6745586,2.9993172,-1
112688,-4.195406,3.0861125,-1
58691,5.4032493,-0.012491997,-1
40143,2.9713504,-9.59878,84
203624,0.8101527,14.726593,-1
176264,5.306162,8.972268,-1
8269,7.922729,1.2297957,106
8267,-6.5759196,6.60579,-1
76764,-8.912408,-5.9016533,110
17739,0.21309943,0.59218544,14
157198,18.158304,6.7855754,80
198251,8.356613,13.547527,-1
202472,2.2649746,9.126671,-1
78600,2.1653063,7.550281,-1
101211,3.0657003,6.1450577,-1
155510,16.897825,15.214659,89
140487,-3.9582436,3.0380042,-1
155476,4.37614,-7.1936364,77
54828,-1.7208395,5.404059,-1
43098,2.5955997,7.8934894,-1
78683,5.531564,-1.4988333,42
178251,8.355966,13.548454,-1
185101,-0.6155856,11.848332,-1
43144,3.2040832,4.302377,-1
101358,10.166767,21.448376,98
140627,-1.1005862,18.979483,83
140265,6.2175903,6.561967,-1
140246,8.837227,-12.208338,89
155759,0.29958865,9.091108,82
55104,0.75322825,12.1339655,-1
42708,6.189081,6.909394,-1
155870,20.356531,14.451126,88
78376,-2.7211907,7.799296,-1
155867,-15.953246,2.5413816,87
139910,2.698274,16.382822,-1
155834,6.2196403,6.5994306,-1
55280,-4.372327,3.6588297,-1
78418,9.670609,23.366749,102
140024,1.6484021,10.702892,-1
24451,-5.184481,3.4571915,-1
86020,10.762053,9.143895,-1
185270,7.9228096,1.2298584,106
185268,-6.575427,6.6058874,-1
155798,2.150938,9.874113,-1
178061,-2.2781057,10.12294,-1
178073,-6.9981737,9.346945,90
7340,2.9024365,1.0471247,-1
18649,0.16109633,11.195781,-1
86799,-0.4472726,7.037634,-1
54145,5.3316965,7.3725615,-1
85513,17.003521,2.477942,26
54222,12.220386,9.062672,-1
43575,-4.7158413,10.819782,-1
54197,-13.355446,17.608278,89
141322,-2.448524,15.779816,-1
178577,1.075873,8.285559,-1
54162,-15.353933,11.479032,89
24013,-1.7838398,5.4087577,-1
7318,-3.864879,4.023327,-1
184644,2.023847,10.296609,-1
141437,-7.1522384,4.154432,-1
18951,7.425965,10.513337,-1
141464,2.9979916,1.1223683,-1
198577,1.0733095,8.285086,-1
109705,0.11350821,5.5915933,-1
109703,-1.9283116,6.807208,-1
141524,-6.931634,5.7334294,-1
154940,-1.177367,4.4101143,-1
154946,12.250842,-8.276502,92
110045,0.41757363,7.005051,-1
85604,2.5344546,3.2404945,-1
101416,8.068497,3.1553578,57
110187,5.559581,10.10371,49
185035,1.6156534,15.539171,-1
140784,3.1042483,2.7439897,-1
78760,-2.6532485,11.182902,-1
110155,0.04171115,10.343373,-1
185015,3.6358523,1.3058544,-1
110120,-4.2877474,12.635666,31
140859,0.7454281,3.0584779,-1
198376,10.6556225,11.0159235,-1
155168,0.99887,7.2307096,-1
202354,5.968101,12.32889,-1
178376,10.634848,10.9953,-1
184925,5.6643457,15.292573,-1
184882,-1.066656,6.255421,-1
155028,5.1348586,18.371815,-1
42681,9.042351,1.8123317,85
55423,-4.525392,3.536718,-1
139766,0.38573626,13.070678,-1
156774,2.5978365,-5.428562,-1
197817,1.3478321,6.1064262,-1
77937,2.0351753,8.065794,-1
77939,18.660349,20.226912,88
100330,5.6778026,8.26491,-1
17926,6.0679116,2.3532174,-1
17932,2.8351533,4.8320823,33
177423,-5.165546,14.612957,59
138762,-0.38039535,10.560825,-1
177922,-2.1009243,5.0708237,-1
185772,9.642263,6.0369596,-1
138809,4.7504406,1.3178132,-1
177498,-6.2039657,12.674426,67
78034,-1.9868118,9.595157,39
197922,-2.1074796,5.0693545,-1
56086,1.7956594,1.9268976,-1
111046,7.6406493,14.72086,-1
138555,3.3957043,2.378499,-1
185914,-0.8541361,0.15314363,-1
86654,-5.737176,8.769289,-1
3506,1.5488302,9.634535,36
41607,7.7605867,14.375412,-1
186064,5.7811832,9.601772,40
138123,23.594349,1.7685564,102
177285,-7.7268543,4.146027,-1
138133,-3.4482298,-6.161128,-1
138203,-13.073251,0.12813842,41
100108,-0.94175655,5.07451,-1
138235,0.7184405,5.0016913,-1
157040,6.500408,4.769364,34
177325,-12.528814,12.836445,111
197762,17.17619,-1.821405,63
157020,3.1620142,4.2372394,-1
56451,15.199624,13.782346,96
156983,4.531534,9.880352,-1
177356,2.307125,3.7435842,-1
156932,-14.969155,12.235009,89
185959,11.416773,5.2111855,70
185725,-0.22860943,9.988333,-1
86466,21.505756,3.7847483,61
185719,7.629236,14.768804,-1
185522,0.3553007,11.012495,-1
110786,2.49745,3.6866126,-1
198061,-2.2772703,10.121533,-1
42449,-3.3648705,1.4794062,-1
100704,5.130651,9.54853,-1
156186,0.41719502,7.27931,-1
100708,-7.192886,3.738207,-1
177762,0.98499787,-10.17547,63
100710,0.31363228,11.669573,-1
24615,-4.4929976,3.9072404,-1
198073,-6.997782,9.346423,90
156089,-0.3452381,3.0508578,-1
139530,6.614905,4.826692,34
177817,1.3475279,6.1041775,-1
202620,-1.465053,9.219649,-1
86238,0.29286462,10.768943,-1
155982,3.2491763,13.94808,-1
100703,-8.051822,17.70449,107
86304,1.3964218,10.946417,71
138910,3.9049325,10.75559,-1
7643,2.0067918,10.289793,-1
138967,0.40390265,-13.765688,88
156556,3.676513,8.173909,-1
177612,8.234767,15.016803,-1
86423,10.523667,10.902569,-1
202706,8.244784,22.406136,63
110935,6.236665,6.5574336,-1
18126,5.0677934,12.1232195,-1
185632,3.193885,11.912715,-1
139184,-15.356032,10.274242,89
156452,2.8385923,6.33168,-1
78160,1.8569968,15.797405,-1
185620,5.751963,1.9183339,15
42285,1.6267066,2.7510176,-1
55761,4.130251,6.543856,-1
18183,5.2716703,11.47339,-1
139269,2.881852,4.7264953,-1
181610,-4.072509,3.4304812,-1
168718,9.560824,10.590078,-1
92130,5.315099,7.3355594,-1
69564,6.3316317,4.6194625,-1
29634,0.93078303,-4.3752203,68
11814,3.0256867,11.617857,4
13062,1.9919347,3.6516228,-1
120266,6.24835,6.5246286,-1
167612,8.235018,15.017381,-1
121427,1.2673081,10.468218,-1
168251,8.356162,13.5477915,-1
193934,3.180681,9.915221,-1
123193,-5.517498,7.0536056,-1
31090,-3.8388808,3.5262573,-1
91873,-4.5538135,12.929416,31
194319,-3.8676307,4.0350103,-1
91866,0.95784456,8.6813755,-1
193089,-1.0495178,5.9316125,-1
121367,3.2661498,13.834831,-1
171680,0.6865274,14.154039,-1
69549,0.48393962,9.490082,-1
10641,11.546934,8.618732,-1
284,-7.730959,4.146253,-1
166783,-3.0186474,8.543837,-1
167762,16.8305,-2.4251497,63
33628,1.5718555,7.739704,-1
497,-6.2089825,12.679636,67
192706,16.7755,-1.7138524,63
92102,7.94085,10.881741,-1
169628,-2.948669,23.991756,74
10548,0.59507096,14.705498,-1
92407,8.445025,14.946411,-1
171610,-4.0724554,3.4242442,-1
123750,3.6773856,7.948386,-1
206634,-17.53651,11.475478,89
192001,6.061995,1.8255696,-1
122271,-18.516161,9.489982,89
11830,1.6661084,16.329762,35
119132,0.18137439,10.730792,-1
171344,10.220313,11.065058,-1
66931,-9.797903,22.510885,89
121346,0.39799085,9.64656,-1
31889,12.446798,-4.836836,79
67554,5.6688876,1.9057249,-1
167423,-5.151249,14.626893,59
120402,0.17074247,11.1415205,-1
72002,-4.0490546,5.747036,-1
66797,5.781774,9.60631,-1
193145,4.2594085,10.34605,-1
122430,-16.734613,7.17988,89
119887,-3.7523153,3.0673206,54
169972,0.61785257,15.260895,93
168864,13.531825,9.280266,-1
11054,-3.9067574,5.8578925,-1
92359,-4.4854326,10.903977,-1
121182,4.479392,5.1273823,25
68767,3.2961864,4.360347,-1
67470,18.536913,-4.915057,88
193151,2.7225614,14.090577,-1
168376,10.635358,10.995953,-1
193159,6.3433347,4.242388,-1
33036,0.27659482,11.5909395,-1
91828,3.6807868,7.839561,-1
94473,0.74878657,3.0371795,-1
123065,7.042687,8.217175,101
12447,3.0489995,2.72018,-1
69652,-1.6500981,10.219421,-1
92716,4.825803,9.698352,-1
71510,3.615378,14.423629,-1
92718,-1.3036076,9.39329,-1
193726,7.9284334,10.474105,28
94016,1.8377284,-0.9103362,-1
71920,6.277012,4.790378,-1
120369,2.868062,4.895445,-1
12149,-4.0647063,5.765616,29
167498,-6.1122417,12.594949,67
33011,3.8298666,8.008022,-1
121255,-1.1005185,18.979528,83
123990,4.0179195,8.043518,-1
93717,-4.313244,3.792494,-1
192620,-1.4749442,9.210973,-1
192354,5.977682,12.32093,-1
70730,2.1638043,10.111612,69
92433,-4.3817053,3.7239182,-1
93474,12.084602,8.6772175,-1
120087,6.8185754,8.037241,-1
123399,-10.361798,10.060783,-1
172134,1.8366233,7.5730643,-1
10922,2.3479037,9.714358,-1
122085,16.914618,2.5138702,26
121840,12.22131,9.105591,32
205959,11.414239,5.212245,70
12558,5.1463876,6.3954916,-1
12611,1.0496018,8.290034,-1
123508,8.289937,10.856258,28
125116,4.00299,8.364972,-1
166301,4.2225204,1.9270873,-1
168061,-2.2765791,10.119473,-1
66983,7.4965467,14.492886,-1
168073,-6.998105,9.332919,90
120097,2.3266938,10.657925,69
72053,0.17673317,5.485954,-1
31461,3.7601175,19.32805,-1
91518,-3.1956587,1.6858023,-1
92038,-1.3350208,3.1871529,-1
167922,-2.1209393,5.051402,-1
122084,-3.2753162,1.2330681,30
124668,4.72167,1.8278743,27
816,1.3439333,6.0973806,-1
194046,2.154572,5.7047887,-1
192134,1.838869,7.5723176,-1
11307,7.8502374,8.41371,-1
122015,0.5745635,0.8903757,-1
32658,6.2506967,16.14404,-1
91989,-6.610348,3.8002472,-1
31593,0.7185071,8.838595,-1
206064,5.78053,9.603154,40
93333,7.068855,14.9028015,-1
93330,13.770776,-3.5866008,98
68024,1.3727001,7.8631186,-1
125076,3.5953863,7.931064,-1
92490,1.0768061,10.367968,-1
71325,2.1066792,16.213242,-1
30261,-4.943366,3.1480095,-1
118582,2.9013395,7.6249223,-1
123566,5.8252587,2.1360517,-1
611,8.235543,15.017481,-1
206264,5.315774,8.971111,-1
118607,2.5017037,3.7859075,-1
122194,3.6124334,14.426498,-1
32748,0.33170414,5.241363,-1
29701,-2.4126337,-1.2864026,-1
94415,-3.4797049,2.1298757,-1
72086,14.333629,4.6188827,86
33630,-0.75931084,13.023826,-1
93794,1.9303851,7.020527,-1
11894,-0.16760638,9.629094,-1
123660,-0.29284173,5.854601,-1
169576,5.378709,11.595833,-1
93390,2.6240718,3.0364788,-1
121556,2.2835095,9.67506,-1
118340,-0.7734576,9.486528,-1
93183,-2.9486294,23.991753,74
192050,6.4095674,4.399288,-1
93396,-3.9803674,2.2691286,-1
167817,1.3332465,6.0931787,-1
122160,12.251196,9.089813,-1
69026,3.3006744,13.797688,48
173,23.594328,1.7687273,102
12631,4.099123,3.251697,-1
69334,5.2739587,0.08845381,-1
192472,2.2647984,9.128304,-1
192087,-1.3609732,4.125507,-1
193624,0.80955195,14.7271185,-1
10572,3.0624514,2.9043763,-1
92049,-15.354028,11.47892,89
29716,5.5687904,1.9897809,-1
122139,0.06752712,10.926894,-1
118565,8.466238,3.0369227,-1
12528,3.048935,16.394169,-1
172001,6.0505586,1.8528343,-1
123329,17.859081,8.22247,77
10555,1.9899228,1.6888542,20
32497,0.34440532,9.773535,-1
194341,2.8971689,1.0354127,-1
191610,-4.0650105,3.4121454,-1
93032,-4.4689,3.6395488,56
171280,-4.156813,5.7202744,-1
67364,8.047345,13.902706,-1
91581,6.235999,8.862443,-1
120827,0.95529366,7.3802567,-1
120826,-3.254621,1.2213507,30
170096,-1.6959358,3.8234253,48
93486,3.5689654,9.577575,-1
124383,13.433288,16.724766,65
170507,1.5518736,9.634637,36
205914,-0.8541493,0.15311608,-1
30621,-13.703761,-2.9902618,111
168752,1.7187768,10.809391,-1
119792,5.661201,7.3689203,-1
121044,-1.7091075,5.419485,-1
124433,-0.549707,3.071231,-1
167285,-7.7286425,4.1464257,-1
120448,1.8703974,15.798006,-1
91574,13.727275,13.911357,111
92226,4.0820045,6.225876,-1
92937,3.9990387,9.639527,-1
206525,0.79238933,5.595061,-1
206142,1.8553014,-0.89204454,-1
119803,3.6414373,4.9313745,-1
33237,-13.703893,-2.990293,111
119711,3.2810483,4.3729377,-1
71708,0.7460529,12.175223,-1
120541,0.8245277,6.8096104,-1
33280,14.494859,-1.0511942,111
31979,1.8143523,2.6502826,-1
29967,3.6813521,1.6094501,-1
193242,-9.360773,-11.610917,89
71062,20.356579,14.45113,88
167174,23.594408,1.7689139,102
168727,3.6301658,2.3585868,27
122739,4.61556,9.6589575,-1
193437,-2.3084204,8.247541,47
166147,-18.483065,9.522923,89
119760,3.9385192,8.342249,-1
166590,2.7983646,7.87982,-1
12371,4.2233353,5.137184,-1
172087,-1.3610293,4.1257443,-1
122923,-1.1992769,4.337177,7
30603,-5.2081738,2.9658368,55
92966,-6.3495045,5.712135,-1
172050,6.3987865,4.397805,-1
68377,0.16205361,11.137187,-1
123016,-3.9136565,3.0562701,-1
191680,0.67517567,14.141408,-1
193455,3.2400224,5.3498616,-1
11066,-4.052857,5.8231554,-1
921,-2.1139817,5.062174,-1
355,2.293048,3.745156,-1
69812,2.519582,3.4430223,-1
12396,-0.79291767,12.396402,-1
167325,14.495353,-1.0513748,111
71647,-2.643197,14.499972,-1
94186,2.971922,-9.598937,84
761,17.600256,-1.434836,63
67171,-5.226622,10.60678,-1
69810,5.951314,14.19906,-1
167356,2.3041902,3.7431307,-1
168577,1.0786153,8.285027,-1
30658,0.77578676,3.9925146,-1
118762,-0.35180685,16.332926,-1
30904,0.43704396,10.835561,-1
324,14.495088,-1.051274,111
166911,-6.0688777,-2.778807,86
191344,10.222836,11.107707,-1
422,-5.165507,14.613168,59
118877,-13.061855,0.1407126,41
70102,-0.46553382,2.543263,-1
168783,2.905373,11.629374,-1
166881,1.600574,9.633643,36
58827,6.319574,8.037872,-1
86944,17.600023,-1.4349016,63
58821,2.2694323,6.03135,-1
168468,6.40322,7.8356605,-1
59303,-1.2944483,11.843285,-1
186166,8.354882,10.866532,-1
112833,5.4177322,-0.0042266473,24
16866,3.861919,4.3470783,-1
2898,-0.010857716,6.3471417,-1
87973,5.9093184,2.1455839,15
111584,16.859316,-1.7133914,-1
41439,1.1334686,14.063773,64
122917,5.251579,9.537628,-1
137782,4.0253973,2.5749955,-1
2905,1.3774366,6.7227,-1
11087,6.1369166,10.89149,-1
16882,10.170347,10.59317,-1
122932,1.825908,9.693144,-1
17865,10.022867,10.644335,-1
25853,12.089635,8.6837,-1
187409,7.2383127,6.0497165,-1
99818,1.7345862,9.721378,-1
168025,1.8637084,-0.8830564,-1
196986,3.2055314,13.961966,-1
135169,0.20502679,11.341779,-1
41328,16.487425,4.6990533,80
86978,6.4950604,4.7875752,34
203626,5.0897546,18.333927,51
157428,5.1751227,2.261401,-1
159420,2.542327,3.8218431,-1
157394,15.612711,6.3255053,52
76745,-4.056368,12.34088,31
175965,9.111355,6.244499,-1
134354,-1.0059354,10.969683,99
17640,7.900908,8.425305,-1
87919,-2.5414028,18.030844,101
135023,-7.1049275,8.221909,-1
41831,-1.0287536,11.789196,-1
17644,8.23636,15.018453,-1
185965,9.111841,6.244541,-1
135021,-5.0546036,3.0131507,55
41401,1.3674301,10.681329,-1
176166,8.355023,10.866118,-1
93594,13.770793,-3.5865917,98
192432,7.871314,6.9662585,-1
203722,2.5159302,17.48269,-1
99976,1.5983055,8.49917,-1
186092,-6.068968,-2.7788024,86
197705,1.953176,16.15655,-1
176092,-6.069271,-2.7792578,86
134648,20.775038,9.755228,92
25016,4.89555,6.2961884,-1
137935,12.215277,9.1104555,32
59130,4.4327264,10.165091,-1
137967,3.975188,9.718592,-1
203721,-3.720733,3.2068205,-1
76435,3.531008,14.676374,48
98376,5.565844,15.352343,-1
76429,2.0475695,1.4664667,20
93842,2.1145816,2.0484293,-1
56639,-0.4473493,7.0009947,-1
157148,10.443837,3.2053375,44
134509,3.7179127,8.043308,-1
41676,10.548904,21.506136,98
3473,9.172358,8.286574,-1
197753,0.0804144,5.666753,-1
59028,16.290491,8.655985,-1
111481,-0.6920873,11.222839,-1
134840,-0.36309892,7.5617714,2
88012,2.3208685,9.701208,70
137795,4.9956083,6.1101966,-1
41478,-3.9178782,2.0391355,-1
2867,3.1134188,2.7129626,-1
100189,0.86560494,11.822836,-1
138347,7.0578537,8.228767,101
26068,-4.537223,12.891048,31
157017,3.013463,2.7392964,-1
58939,1.8562851,16.165056,-1
138293,-3.5846567,2.0748715,-1
3486,-3.3278937,1.3855586,30
159154,15.587224,11.289049,97
157473,6.970947,6.894677,-1
111534,-4.936307,3.3927374,-1
206339,-0.21645148,8.43884,-1
25125,-0.45525214,2.5358362,-1
137876,5.837312,5.8478236,-1
10970,-1.6596818,5.5147357,-1
59010,3.594147,14.658149,-1
168484,-5.4283767,10.492328,76
88037,7.345233,7.538445,-1
76540,-5.905423,12.435076,-1
119551,3.3228676,-0.16069938,18
71072,3.2323747,6.3508706,42
206374,9.909015,7.120993,-1
40450,2.3736422,5.6581287,-1
157833,1.2898079,14.632288,-1
3152,-7.4557705,3.52592,-1
123007,-4.375031,3.5823371,56
157791,-5.180142,22.654337,102
158206,0.44644982,11.35202,-1
176604,4.1240163,8.782782,-1
11034,16.831284,-2.425198,63
197409,7.2392263,6.0500946,-1
87175,-12.528832,12.836443,111
136203,15.224991,-6.1720567,102
136008,1.7084947,8.893949,-1
123115,4.5463634,2.263314,-1
196976,-3.1619527,1.6507679,-1
87597,3.8954613,6.3821287,-1
98921,4.7169714,9.16036,-1
157744,2.551916,-7.699751,102
408,7.240867,6.047627,-1
203139,-3.4879892,6.9951797,-1
40508,-13.057847,0.13920389,41
176942,10.205699,1.4648918,-1
17142,-1.0409883,6.2688947,-1
186791,3.9310415,5.555413,-1
186386,1.6262336,24.9878,53
92141,3.2090642,16.766407,-1
135793,-0.1261826,13.881786,-1
87653,3.1075652,14.03623,-1
171300,12.398341,8.93755,-1
123076,-3.6153867,1.9773008,30
99193,15.611221,6.3252234,52
40782,10.663468,16.175774,-1
12410,-3.071152,1.8224894,-1
77359,3.3528662,2.6751447,-1
57513,-5.817167,12.425101,-1
123046,6.3854284,13.827929,-1
99356,9.604056,0.2583596,70
25454,-11.976982,4.1130815,94
176791,3.9295306,5.5579443,-1
40960,-7.196511,4.0663137,-1
99333,-3.5003662,1.4400028,-1
136648,-4.1680818,3.0150456,54
427,-2.950407,11.579985,-1
25467,5.1564045,9.401007,-1
25414,-2.6643074,14.52938,-1
192367,6.8569784,12.426309,-1
40972,3.7831485,5.162281,-1
168347,5.213018,9.520783,-1
203245,6.0436883,12.233827,-1
57655,-17.536304,11.475689,89
17321,13.630434,-5.586867,63
158020,-1.3694319,9.501287,-1
112079,0.7035449,11.501194,-1
186604,4.113705,8.77457,-1
25499,-5.1696644,14.612999,59
3187,-11.271815,8.442249,76
57702,0.06569137,4.809869,-1
197428,-2.9442632,11.571759,-1
57720,0.9309354,-4.37557,68
194476,14.335814,9.568931,32
87212,1.7482458,9.308298,70
186374,9.909446,7.1205635,-1
25699,15.587121,11.288862,97
57023,2.8846633,9.742962,-1
123162,2.9735422,11.47971,-1
58412,-1.1079555,18.982336,83
17537,18.537266,-4.9160957,88
122981,-4.0677214,3.162795,-1
157546,6.5067763,4.7447934,34
135532,-1.2068951,1.3915967,8
186976,-3.1649818,1.6521975,-1
176339,-0.21758401,8.436715,-1
203099,1.3087357,14.21064,-1
186986,3.1829152,13.966956,-1
17547,-0.36901158,6.1318793,-1
76832,14.259473,9.412103,32
71205,3.7646976,8.324196,-1
99754,-1.1107475,11.948034,78
58460,-0.8694523,0.13844647,-1
8009,4.0286474,4.4938717,-1
25785,-7.867999,11.738987,75
41250,10.235769,10.675772,17
98643,4.5658565,7.5702586,43
206386,1.6262354,24.987799,53
32452,-4.699362,3.5233912,-1
157538,5.4842005,7.4721107,-1
32457,2.0158796,2.0283349,-1
137423,0.56395113,6.3867173,-1
99781,6.172275,4.568031,-1
135299,-1.2215495,-2.1683693,-1
25840,5.4673467,-7.061538,77
68115,3.5249188,4.4976015,23
157499,5.641351,7.40702,-1
25237,1.8378277,16.057096,-1
171215,-5.780159,-5.793211,81
25759,-2.643536,8.482131,-1
158700,-1.0132049,8.225701,-1
135659,-6.9822826,-9.056868,89
98831,5.329528,-4.7973914,-1
87690,-4.0851407,-2.247325,-1
98825,-6.202883,12.674313,67
87096,5.6238375,14.640202,-1
176976,-3.1649535,1.6523541,-1
58266,3.6400445,4.7911234,-1
171319,-3.8018193,3.3901355,-1
68376,0.4271008,12.946158,-1
158622,5.069636,6.153643,44
41176,-15.356016,10.274206,89
87708,-7.2103124,5.278334,-1
137258,4.6083436,8.90827,-1
176386,1.6262428,24.987774,53
135654,8.72141,15.940789,95
186942,10.205842,1.464197,-1
76902,5.6011076,-0.03509018,-1
87068,3.33203,7.244475,-1
137289,-8.712573,-1.0583028,97
87743,13.631056,-5.5868564,63
176374,9.912999,7.1224575,-1
186339,-0.2163214,8.437988,-1
135626,-1.0257713,6.040289,-1
25295,-3.1171477,1.737013,-1
17045,2.759975,8.634533,-1
123209,3.825826,9.936962,-1
176986,3.198755,13.941846,-1
93752,-3.8388855,5.7412252,-1
7930,8.298331,10.869425,28
2781,6.5630846,14.998183,-1
75988,6.2549524,6.5262456,-1
113311,6.4352126,8.432662,42
174364,-0.83064765,10.816909,-1
27294,-0.36312482,7.5613556,2
174476,14.26126,9.411666,32
162019,3.3196416,-0.36631322,-1
2094,4.2318015,15.285462,-1
62325,-10.549123,6.093818,64
96723,-15.953231,2.541326,87
91782,4.582364,9.735562,-1
37642,1.9810851,7.641244,-1
204476,14.261308,9.411759,32
130505,10.252121,10.667429,17
704,1.9531459,16.156527,-1
37682,3.9881976,5.733595,-1
174543,1.616021,10.616279,71
89402,3.499097,9.526155,-1
37737,1.9098363,3.6495986,-1
27213,11.540824,0.7913048,-1
27296,3.4793844,-0.19072203,-1
15327,1.1216533,9.502206,-1
174440,-2.6607437,4.1225667,-1
89547,18.537252,-4.9162154,88
115504,1.5986137,6.6112504,66
37394,-3.0428202,2.2706082,-1
189095,4.232899,15.287585,-1
9338,-0.20435128,8.440997,-1
162206,-1.3180811,9.49064,-1
115467,5.3150697,8.222572,-1
74598,0.3126227,11.342334,-1
37483,0.25900158,10.858187,-1
204543,1.6205871,10.610775,71
115394,2.6474526,2.780169,9
195965,9.11194,6.244505,-1
91772,5.1255608,9.556672,-1
96636,3.6985888,4.6829033,-1
37525,-3.749158,3.0443096,-1
62428,-4.900935,-0.75268894,104
15432,-5.971422,-1.7631127,-1
188845,0.0032578981,9.271168,-1
27067,10.990452,24.048616,102
37931,9.694322,-4.593572,38
204364,-0.83043134,10.822503,-1
114910,12.44921,-4.8393245,79
71591,1.5731268,10.6192875,-1
75070,9.670564,23.366951,102
9091,14.358227,4.642724,86
97057,0.20323205,-1.6375802,-1
131104,1.9345089,7.3497386,-1
89275,1.6433265,16.39993,35
167428,-2.9479945,11.574866,-1
114841,0.93114525,-4.375085,-1
124027,-15.354045,11.479074,89
131189,0.68132704,4.9479485,-1
38052,2.9712832,3.6440556,-1
114816,-0.08058696,8.97864,-1
114797,6.133181,27.36509,-1
2200,-3.618191,3.3361995,-1
196166,8.349614,10.86149,-1
196092,14.358314,4.6442504,86
130742,7.217301,6.029372,-1
67449,10.24806,10.664208,17
188823,-3.2953806,12.489703,-1
62143,10.448853,3.199143,44
161801,-4.1291127,3.8361702,-1
204440,-2.660335,4.1220574,-1
9165,8.34967,10.8616085,-1
206166,8.34742,10.86271,-1
161763,-4.5934567,3.4514594,-1
167409,7.2390795,6.0430417,-1
33119,-0.2823765,5.9496546,-1
89336,8.681103,3.8933737,-1
27140,-0.875166,0.13942651,-1
130872,4.895904,7.7356815,-1
71608,3.601254,4.935633,-1
33106,-5.1801085,22.654335,102
89611,7.6653013,7.1750956,-1
12866,3.1149256,2.79573,-1
97149,2.3593116,3.7431316,-1
15197,0.8115607,6.8616843,-1
96157,-7.185234,4.365087,-1
36854,2.733079,2.161238,-1
1822,-3.295851,12.489865,-1
115911,3.9862301,1.7328727,27
124415,7.283057,15.262374,-1
174067,10.258892,5.5029526,70
33400,1.637494,10.571396,-1
36910,3.814683,1.628233,27
96192,-1.362003,4.2553244,-1
1844,-0.004281039,9.263268,-1
115818,-4.7286096,3.0013318,55
36932,3.7465727,1.085882,13
189328,12.356847,-11.262123,88
63110,-6.6508517,0.8727056,42
195723,2.8058221,14.138454,48
752,0.09536399,5.6669374,-1
166998,0.3272182,10.966853,-1
115945,5.284967,12.272563,-1
116063,0.7605852,4.0346184,-1
116098,-3.9084659,3.4448726,56
36672,14.338145,9.573848,32
194288,12.722191,6.639975,66
204931,8.304791,10.866286,28
36702,5.69477,14.211851,-1
9603,4.117576,8.775831,-1
116078,-6.213601,12.682807,67
116052,10.558635,10.928386,-1
63280,20.771431,9.74932,92
89981,-1.5568762,9.224067,-1
124480,4.288899,6.4366336,-1
129161,4.589473,9.733587,-1
115986,7.725202,24.302816,102
36821,4.7659383,6.2800617,-1
63307,7.5767903,7.281836,-1
33364,-4.1181254,5.839847,-1
36966,3.0586796,1.1156281,-1
115797,7.7111173,14.388675,-1
37297,6.2285724,15.015902,-1
189201,-3.6106687,3.3480504,-1
174288,12.722462,6.6400695,66
194249,1.0640701,10.466429,-1
27452,2.1168492,-0.5197445,-1
9385,1.6262587,24.987751,53
89709,5.3157372,8.223397,-1
174249,1.0618126,10.466403,-1
89643,1.4576119,5.6475067,-1
74474,1.487845,1.4886545,-1
195880,6.3855605,13.831315,-1
115565,-3.8705204,3.4234946,-1
9373,9.912309,7.122371,-1
162267,10.166825,21.448233,98
130071,-4.55919,3.4258966,-1
27484,5.715322,14.214859,-1
162484,11.337741,-0.71756375,37
96263,1.4952757,10.865342,-1
15032,-5.026829,12.638535,-1
63029,-0.0048970534,9.065471,-1
129599,16.828897,2.513938,26
129609,15.978897,-9.078879,74
37034,4.682786,2.236487,27
74297,18.391201,17.58546,53
62975,4.409336,9.6355095,-1
162679,3.443917,14.279245,-1
37043,-0.24176016,11.208242,-1
27499,-3.2907095,1.3167164,30
129702,3.3661199,2.243858,27
37063,4.600737,10.068184,-1
62910,8.536933,-1.5580759,21
27519,2.823906,4.7799015,33
33310,1.7564504,16.105423,35
124347,5.662303,15.296291,-1
195833,8.194749,21.311136,-1
131260,0.12532306,10.702746,-1
188633,-0.70745087,10.366045,-1
187428,-2.9441524,11.573437,-1
160366,-2.164757,10.041943,-1
160135,1.9688245,2.3594272,-1
160130,18.0228,-7.3502154,74
160123,7.72484,24.303038,102
187789,3.937504,2.2411144,27
88443,1.3530225,9.490154,36
133198,3.6944706,7.878345,-1
97923,18.40817,5.114837,64
133234,14.220878,9.416299,-1
133276,15.629899,6.3429537,52
171558,2.669525,6.951215,21
93902,4.807592,5.866633,-1
187753,0.071269624,5.689585,-1
123583,-15.399378,8.500524,89
39246,3.6907907,14.22703,-1
60125,0.7960538,5.5698843,-1
60116,4.323691,-2.3565817,-1
16369,0.305485,3.574632,-1
88463,0.41771287,12.952818,-1
75918,2.992332,1.1079375,5
75913,6.253773,12.0223055,-1
132914,-0.8072758,9.488916,-1
8722,2.797412,14.144104,48
132701,0.2629973,7.1831927,-1
38985,16.78086,2.5203583,-1
171590,-1.1667235,6.2512736,-1
113895,16.82639,-2.4258916,63
38997,2.062841,-0.5684673,11
132867,3.0799403,11.581108,4
75887,0.129558,11.824429,-1
160147,1.5788959,6.4078074,-1
60376,1.7275709,2.5722582,-1
167789,3.9411142,2.2401648,27
187844,-16.262068,14.468652,89
97900,1.8898385,16.086374,-1
67886,-1.28483,9.462305,-1
160152,1.7779161,6.9628806,-1
167844,-6.982317,-9.056834,89
16375,0.44884205,6.534682,-1
123574,5.0751615,14.542256,-1
159645,7.6962385,8.712284,-1
71336,-0.9173835,6.1834598,-1
59727,5.314084,6.5380907,-1
88278,2.2090063,16.271795,-1
26260,-16.261929,14.468755,89
133836,12.085093,8.75502,-1
39496,4.543029,9.115985,49
159675,-0.005367984,5.02583,-1
39569,-1.829158,11.690976,-1
88286,0.638167,10.573338,-1
175833,8.194828,21.311237,-1
159541,10.962408,26.260849,102
196942,10.206304,1.4643203,-1
175880,6.3868003,13.831597,-1
134160,3.0273843,7.7323685,-1
93857,2.8578663,5.157605,-1
134183,11.337823,-0.7175857,-1
39426,4.5197353,12.9349165,72
26285,4.1978593,5.2112875,25
60021,6.0494423,7.4464083,-1
16418,0.34582305,10.940948,-1
39299,7.4122596,7.5748076,-1
39304,14.331972,-0.69407105,111
194067,10.259091,5.502987,70
187705,1.9536234,16.156836,-1
26331,6.6876264,15.464121,-1
133504,-2.5253806,18.015404,101
12620,3.616762,14.411646,-1
59943,-1.655927,5.4507008,10
159802,6.8307853,5.665364,-1
171514,3.605056,13.540299,-1
196791,3.9268255,5.5627136,-1
175723,2.8047237,14.140555,48
113570,6.3895535,6.5185876,-1
59829,-4.102665,3.3896894,-1
39402,14.259603,9.406873,32
71340,15.6219635,6.3316083,52
71397,1.7910137,1.403889,-1
167753,0.07486849,5.664842,-1
94017,11.416339,5.2120085,-1
188025,1.8564655,-0.9079992,-1
204249,1.0544565,10.468763,-1
175010,4.0315366,4.4956365,-1
131669,-2.8988369,14.749974,-1
38331,0.8651867,9.455263,-1
2327,18.537313,-4.9163613,88
161051,2.211434,3.0267596,-1
196374,9.918209,7.1266475,-1
10846,15.733754,19.812883,89
161033,2.3570724,3.7901793,-1
196386,1.6262629,24.987719,53
61292,2.7327142,4.2386336,-1
131819,2.4656556,9.790841,-1
26827,-0.36281964,7.562347,2
191971,-0.7491512,11.982838,78
71475,3.4374688,5.1903915,-1
8879,6.3864365,13.830466,-1
188347,5.1990223,9.526252,-1
188468,6.4042625,7.8337564,-1
61415,18.391268,17.58579,53
196339,-0.20591114,8.442933,-1
161223,8.194886,21.311298,-1
188602,6.7330327,4.3447804,-1
204288,12.72247,6.640106,66
131411,-0.65674967,10.347627,-1
75221,-1.229894,8.381236,-1
15700,-3.811759,1.5388507,-1
67602,-2.4143698,12.387326,-1
174931,8.303092,10.868484,28
188484,-5.4287395,10.492496,76
161217,17.917862,5.2618,64
89060,-5.878687,0.3650487,-1
161167,-6.9166617,8.158098,-1
161157,4.089105,2.3218305,-1
8964,9.11209,6.244497,-1
38263,6.400859,4.4879136,-1
131626,10.577973,3.062625,44
75489,12.558031,18.325764,105
131986,0.07220917,4.841736,-1
38515,-0.03750046,12.066041,106
132395,1.8322694,12.925063,105
97634,1.089804,12.422527,-1
114042,4.9327717,9.619461,-1
160559,10.663351,16.175713,-1
75717,2.9310038,4.987629,-1
71436,-4.039349,5.692271,-1
167705,1.9666156,16.190422,-1
204067,10.259191,5.502916,70
114072,-3.8121052,3.0772328,-1
196604,4.1219635,8.782851,-1
38838,0.44317508,3.4330437,-1
32818,4.894628,9.067941,-1
97726,15.527361,24.692888,88
132584,0.13272391,5.527345,-1
88624,3.8938308,8.042418,-1
88621,0.40396613,-13.765678,88
88727,4.4475346,-2.3632522,-1
88747,1.5715842,-3.119544,-1
88867,2.1036127,6.5771394,-1
160757,0.96289027,11.769852,-1
15930,6.205297,7.048279,-1
61063,1.7108248,6.4979005,-1
32936,-5.807761,12.576675,-1
38552,2.4055784,9.604358,-1
8832,8.194959,21.311308,-1
114189,0.7690246,6.076074,-1
88835,7.901992,1.2133658,-1
160745,6.829951,5.666772,-1
29652,-3.9488826,5.4712405,-1
114150,6.5613165,12.252465,-1
32895,3.5887105,1.1410811,-1
88803,0.33816206,9.5136,-1
88796,1.6267893,10.594538,71
38637,-3.280439,1.4841392,-1
38646,6.32882,4.509136,34
38674,-0.24509008,5.076979,-1
111279,-0.3508201,16.330978,-1
17414,-0.39986238,9.619149,-1
100208,-1.528269,10.344747,-1
107439,4.969566,5.7183757,-1
22702,-1.6629761,3.848498,-1
180188,-11.263569,8.433684,76
145094,0.134562,5.325559,-1
83775,3.0284333,22.338469,50
145193,0.20133048,9.166665,-1
193099,1.3108768,14.21142,-1
151786,10.166864,21.448206,98
50988,1.6451131,10.74091,-1
151759,5.17378,22.927013,40
193139,-3.4876933,6.995272,-1
22648,-1.0061373,10.9612,99
151731,-2.9295394,2.3392448,-1
83704,5.173455,22.927101,40
69642,4.36041,9.215366,-1
104035,-0.3728647,7.6212983,-1
145519,-15.210007,11.743088,89
22603,5.089819,18.334177,51
169868,3.11656,2.7095475,-1
51109,0.20324638,13.027015,-1
83796,2.0649981,-0.580416,11
183099,1.3108196,14.212452,-1
51132,-4.3673363,2.826145,54
103708,-0.52173555,11.630042,-1
201319,-3.8014417,3.3889518,-1
45817,-3.3395958,10.580569,-1
144774,4.5298753,9.115408,49
201300,12.404392,8.931312,-1
152110,-4.8328934,3.892761,-1
169782,6.5636106,14.998775,-1
170628,-2.1036773,1.1952484,-1
93104,4.0360074,9.508617,-1
45890,2.6747026,4.989654,33
45892,2.362012,9.542645,-1
183139,-3.4877853,6.995173,-1
201215,-5.7802186,-5.7932167,81
22736,-0.9368006,3.149939,-1
6244,6.0385394,12.239117,-1
180153,-7.4496083,3.521757,-1
83630,12.551591,18.332495,105
151633,5.3448677,0.006002154,24
20570,-8.054506,17.70085,107
6098,1.3133696,14.210176,-1
46398,7.974711,16.689405,84
169899,-0.011351887,6.3457904,-1
169906,1.3784767,6.7231836,-1
30986,-1.0088408,6.026326,-1
121215,-3.7006145,3.1889071,-1
180474,9.172651,8.2865095,-1
69747,-1.384449,9.242848,-1
46447,-3.8285863,3.9755883,-1
180487,-3.3293808,1.3854386,30
104289,7.066296,14.899419,-1
146103,2.3025177,9.691433,-1
151412,8.836141,2.0469737,85
146113,-4.052434,5.7850013,-1
46488,-5.637367,25.450813,89
151338,2.0030515,0.62950647,-1
81123,3.669577,-0.56102234,18
151463,1.2019411,6.737979,-1
20566,1.8311359,2.2437737,-1
81029,2.049458,2.172114,-1
121291,-15.399417,8.500518,89
151591,-4.2906785,2.7568166,-1
50731,4.275588,2.0673518,-1
6138,-3.4879823,6.9957657,-1
83559,3.709211,4.60982,-1
93074,-10.272219,-1.6857097,77
50722,-3.3133574,1.3586069,-1
4970,-0.72435826,11.963257,78
46331,1.6597769,15.734116,-1
92723,8.42725,7.484007,-1
151499,20.774721,9.754533,92
104202,-4.900878,-0.7536989,104
107149,18.022808,-7.3502088,74
50606,8.680262,3.8964825,-1
93071,-0.22407848,9.053047,-1
83491,1.952326,7.14448,-1
152213,20.356632,14.451125,88
206791,3.932464,5.55736,-1
80698,6.320847,12.009193,-1
45043,-1.988758,6.9299183,-1
45066,-4.59635,3.5077915,-1
52277,4.2938843,9.940026,-1
199201,-3.6142535,3.3425498,-1
52262,2.0454016,5.6874614,-1
152948,6.139814,4.4520946,-1
108240,-0.93980414,9.519629,-1
143678,5.8163114,2.207507,-1
152928,-7.529205,5.4042044,-1
45144,4.8313,10.440038,-1
121612,-3.9635103,5.9586124,-1
108212,6.1502194,-2.8830123,-1
4589,-1.1454209,6.225902,-1
201558,2.6688628,6.9513283,21
183626,5.089845,18.334288,51
143808,-4.3734775,2.8650851,54
52129,9.663275,10.673369,17
143835,-5.428257,10.492418,76
4557,2.669113,6.9545226,21
201590,-1.1497905,6.227055,-1
108120,-3.9077318,3.4003205,-1
45035,2.3686454,9.561895,-1
11928,5.7104383,2.1643229,-1
6625,5.162718,18.41821,51
44924,-5.7825418,-5.791608,-1
103072,-1.0567683,3.1771555,12
80098,0.27546307,11.491357,-1
153159,3.0040703,1.1254096,5
143281,3.5752153,3.9005914,33
4513,3.5805838,13.566243,-1
44975,8.235777,15.017753,-1
108435,5.410636,-0.003993049,24
153131,3.2321892,4.317565,-1
143364,6.260723,11.263326,1
183722,2.5158741,17.482359,-1
183721,-3.707729,3.2182431,-1
143466,4.046902,5.0039067,-1
143471,3.9231074,2.8381782,-1
143488,-1.9871333,9.584553,39
108124,12.356847,-11.262157,88
52032,-10.162897,-8.136685,89
22866,2.6731548,7.588941,-1
179868,3.1189814,2.7203836,-1
84111,5.7497773,14.184476,-1
45655,-7.1388373,4.313306,-1
144378,10.991407,24.047754,102
103497,6.006567,20.765598,80
144398,4.376158,-7.1936493,77
179899,-0.011675342,6.3459706,-1
121475,14.335768,9.5686,32
179906,1.3792883,6.7213283,-1
84054,-2.9485843,23.99174,74
107708,0.4028495,-13.765703,88
144558,5.3042126,0.07575474,-1
11828,-5.9847875,-1.759393,-1
51482,2.8102548,1.3891761,-1
69544,-0.40797794,10.091995,-1
69547,-1.5123652,10.113966,-1
80690,2.0998619,6.579317,-1
183245,6.039994,12.234828,-1
92657,-4.4265213,4.03039,-1
144281,0.26568323,10.32171,82
121539,0.7608165,9.45852,-1
144230,17.86095,8.221596,77
51993,22.361418,7.5500593,74
84276,6.618891,7.456113,-1
51979,-0.71324664,11.491375,-1
144002,-0.3253631,5.3720737,-1
201514,3.581418,13.56665,-1
30377,-0.4627233,11.606616,-1
69497,-4.0342984,5.753259,29
103318,1.9394233,7.0421815,-1
170692,4.240512,3.333271,-1
92642,6.662417,7.002699,-1
199328,20.753056,-3.8056698,88
51862,2.1760828,5.67919,-1
179782,6.5635023,14.998754,-1
152552,16.916206,2.513299,26
107919,-1.0333413,5.9681015,-1
152462,-1.0956249,18.97438,83
46497,-0.91400117,6.061712,-1
69756,10.106036,10.438137,-1
93242,6.7004123,7.8667064,-1
47650,-13.631942,15.59794,90
49168,4.67878,5.4662433,-1
147938,7.838231,6.984288,-1
106283,-4.3621,12.737031,-1
200628,-2.1040285,1.1955111,-1
30797,4.642419,9.547119,-1
21203,6.1502767,-2.8831642,-1
47646,5.3229165,-4.787098,-1
81881,18.158308,6.785559,80
20652,-4.7248936,3.1186843,55
149849,10.165632,21.448034,98
149832,4.391537,11.720926,101
30792,2.4056215,9.550159,-1
5366,6.8563566,12.42582,-1
148111,4.925153,5.7751155,-1
70202,7.221645,7.5502152,103
181215,-5.789366,-5.788232,81
181971,-0.7224351,11.964487,78
49190,-1.130807,7.6116395,16
200188,-11.264384,8.434578,76
82772,18.318747,12.451597,100
170188,-11.264437,8.434638,76
150181,3.1009076,2.7437372,-1
47380,3.759765,1.6178906,-1
147666,4.009251,5.2397904,-1
120508,4.888767,9.940647,-1
47421,3.8419886,4.7463245,-1
47428,-2.3020902,6.844236,19
47429,-7.0581155,5.2469354,-1
82831,-1.0033835,3.2928314,-1
193245,6.069498,12.245665,-1
105025,-6.956822,5.1802716,-1
147746,1.4808741,1.4726924,-1
82826,-1.0011575,6.075216,-1
170474,9.173246,8.286611,-1
150038,-4.935008,3.8967767,-1
147780,-3.7528052,3.0736933,54
200153,-7.4524164,3.5280674,-1
47521,0.35270447,10.992546,-1
48979,4.984599,18.075,-1
47749,-0.26536396,10.724609,-1
48903,17.167032,-1.8302306,63
181514,3.5818787,13.559086,-1
82381,4.086232,3.251931,-1
48483,0.4801393,9.319234,-1
105637,15.984389,-9.081082,74
48471,10.217631,10.617408,17
21484,3.6983597,5.2679462,-1
181558,2.665397,6.9507437,21
120718,4.140024,2.2736042,-1
48432,-0.34318686,3.347652,-1
200487,-3.327182,1.3856596,30
82256,3.9361906,9.688899,-1
120671,-0.38439885,9.140177,-1
148974,0.97901046,7.234187,-1
181590,-1.1791363,6.253782,-1
82322,3.2243745,4.3189573,-1
149036,4.563733,9.881416,-1
149071,6.873367,17.262768,63
200474,9.173851,8.287133,-1
148754,3.9220579,1.8102726,-1
148726,4.6435184,6.1324706,-1
181300,12.399812,8.9363365,-1
48146,2.5580275,4.7431855,-1
181319,-3.8042464,3.3924336,-1
106022,0.64092535,12.161933,-1
11599,2.7306538,2.794966,9
5431,7.870417,6.967592,-1
149520,6.5596743,12.250836,-1
206976,-3.1568959,1.6615138,-1
149403,3.5388281,1.2376864,-1
148570,0.61220706,8.492902,77
82092,-0.519227,11.740878,-1
48663,-8.045586,17.7141,107
21673,-4.7949324,10.796738,-1
48613,6.215668,7.4178505,-1
82393,2.045657,-0.54135776,-1
48583,1.6539865,2.737457,-1
48144,1.5316049,15.302197,-1
206986,3.1979547,13.942715,-1
47366,-0.59422576,3.0132387,-1
147591,-8.165006,19.340462,107
82847,4.9725266,3.514126,-1
146469,10.457511,3.177727,-1
180628,-2.1042783,1.1957623,-1
121143,1.531738,12.246772,-1
151009,16.711697,2.5222034,-1
30938,-5.6409993,8.788597,-1
104610,0.55216765,8.600894,-1
93027,10.116878,10.65112,-1
93025,4.676853,1.8650385,-1
106812,4.1592913,7.7466445,-1
22306,9.694323,-4.593519,38
150966,1.9232513,16.213554,-1
150949,3.2823937,14.199642,48
146627,5.320965,5.9623523,-1
150913,7.8830876,10.765455,-1
50036,13.63132,-5.586734,63
180692,4.22605,3.3192348,-1
106757,6.6992426,15.617298,-1
46847,2.4594836,10.092542,-1
81337,0.20027833,14.326035,-1
146468,-4.5118475,3.8916724,-1
182432,7.8703647,6.9671135,-1
46559,3.7753737,8.28613,-1
146213,-1.0769817,7.588892,-1
146220,5.2235146,0.021904757,-1
151198,-7.3024592,8.201241,6
46588,18.537216,-4.916488,88
151156,-11.981053,4.1098027,94
22388,-0.5186921,14.5013685,-1
20685,3.7602541,19.328732,-1
93044,9.604325,0.25809005,70
151113,8.660988,2.4294765,-1
146316,10.165359,21.447935,98
151098,-4.1993566,3.0006905,54
50249,6.5458765,7.1134024,-1
83290,-7.1262817,5.363957,-1
151079,15.771388,13.737243,96
50235,-1.1292361,11.950661,78
199782,6.5628386,14.998977,-1
150816,15.340843,-8.823347,74
46889,1.8595911,-0.85576934,-1
170153,-7.48524,3.4986937,-1
147040,0.15109903,6.1635203,-1
47094,4.057769,2.0784194,-1
49684,6.322608,4.455728,34
106610,-0.2846098,12.454128,-1
206942,10.207994,1.4665247,-1
120469,3.8578935,10.736563,-1
170487,-3.3220098,1.3797634,30
82913,-5.3902335,6.8770614,-1
106520,0.276178,11.471178,-1
104989,21.505674,3.7848613,61
150258,-4.9008904,-0.75364316,104
147506,-1.4730744,4.146235,-1
104990,0.35592565,11.623265,-1
150226,-11.733138,-4.784094,91
82861,1.8553817,15.780659,-1
150205,18.408772,5.1147537,64
200692,4.226636,3.3190603,-1
150595,4.2144933,4.8946753,25
146755,-0.019865835,9.2248745,-1
150599,12.270145,9.101253,-1
199868,3.1447299,2.6800225,-1
81483,6.8855414,13.599029,-1
104751,7.33052,7.102574,-1
81497,3.1114357,5.426928,-1
199899,-0.010432062,6.3454223,-1
83056,-1.6175094,5.580876,-1
104758,7.321946,7.0990176,-1
199906,1.3837855,6.7225547,-1
81522,3.5386362,-0.028597075,-1
106645,2.9942718,7.5041366,-1
150671,3.534734,14.345267,-1
182367,6.857125,12.426243,-1
46990,0.75568867,3.1207387,-1
146931,4.6498704,9.572411,-1
47018,-4.822296,3.3068702,-1
150642,8.535739,-5.926426,-1
92798,0.8145029,3.0599418,-1
84453,0.34053734,4.999326,-1
143212,1.8959864,10.527481,-1
138402,0.44723618,8.760132,-1
85964,3.1004105,9.016681,-1
110573,17.172785,-1.8254242,63
31911,10.5779705,3.06283,44
78453,18.391155,17.585724,53
86010,0.5824735,3.3858287,-1
122505,2.0415046,11.196713,-1
18447,9.856862,7.0769434,-1
55146,6.6974173,-3.7747931,-1
42834,-2.7429585,14.605084,-1
140226,-4.441945,2.922933,-1
140998,3.4905164,13.533743,-1
155765,1.6236738,6.671711,66
7439,-2.6606338,4.1220007,-1
140303,10.205466,10.562071,-1
155668,8.835515,-12.210214,89
31891,4.897917,10.118098,-1
24349,-3.7051642,10.208628,-1
140410,-8.054053,17.700891,107
70813,2.9949296,11.6758585,-1
70839,-1.7579869,5.430124,10
7475,14.318309,9.546419,32
140028,2.7579675,4.667535,-1
140019,3.3867676,-0.61815935,-1
18293,-1.44667,5.3731737,-1
139596,-0.7705116,12.455047,78
177844,-2.041364,-12.330043,89
86209,-3.864614,5.7420225,-1
24540,3.7708623,10.286116,-1
119793,-4.4917397,3.499282,56
42659,9.635883,10.6607485,16
86182,3.6540315,1.639411,-1
42683,5.5831223,8.610313,-1
100951,6.3054976,4.4712043,-1
139851,5.872043,14.203993,-1
42738,-1.5680305,5.684094,-1
155862,4.382582,10.285107,51
178025,1.8219709,-0.93723404,-1
68736,-3.9175084,4.0881996,-1
86044,3.2529871,7.5803514,-1
155538,-1.3192049,5.9707646,-1
155520,13.804111,21.675703,102
168823,-3.29586,12.489879,-1
198347,5.2042007,9.520035,-1
185010,4.031772,4.4936104,-1
7287,12.722195,6.640005,66
85740,1.9248593,6.931497,-1
178347,5.181596,9.541319,-1
202367,6.856963,12.426459,-1
140911,3.5710614,3.9069304,33
24181,3.1408439,11.539716,-1
78843,3.9025865,-2.649274,72
140941,5.201115,9.499863,-1
184931,8.304489,10.872198,28
7248,1.0543311,10.467472,-1
54536,2.4383605,6.5109053,-1
43301,4.716789,9.368715,-1
54655,6.575257,4.7660637,-1
140469,17.00096,2.4844131,-1
168845,-0.0014294795,9.258953,-1
140470,-13.704066,-2.9902565,111
85863,17.132452,-1.8059969,-1
24311,1.714728,1.4538239,-1
54868,-0.059850935,13.892616,-1
78651,5.6641154,14.227271,-1
110305,0.9839147,-10.176423,63
7363,-0.8323842,10.82377,-1
54844,6.215015,12.174743,-1
101284,4.2459025,5.046449,-1
155398,23.593771,1.7681727,102
202432,7.8702455,6.967157,-1
54758,5.6072354,7.1338468,-1
206604,4.1116333,8.783074,-1
140724,4.074188,8.649187,-1
119934,18.660086,20.228489,88
139565,6.03153,4.8220024,-1
42572,3.0127468,14.296827,-1
7542,1.6211476,10.608553,71
138684,6.45565,7.4301558,-1
177428,-2.9560142,11.585662,-1
185833,8.195017,21.311335,-1
56160,1.7838131,1.4105909,-1
138769,0.21714203,10.947793,-1
168633,-0.71344244,10.353425,-1
42035,-2.0461957,6.7590294,-1
156704,-0.28245315,11.203173,-1
56099,14.333302,-0.69533277,111
156661,5.3111215,5.9679465,-1
78045,15.340832,-8.823121,74
42080,1.7665707,3.1165445,-1
56069,4.3812094,10.335482,51
56068,6.2826066,6.8760176,-1
11146,1.051761,10.311265,-1
185723,2.7955952,14.142615,48
42117,-5.6758842,8.812036,-1
32038,2.1013012,6.5701256,-1
138696,-4.7192497,9.235906,-1
24911,2.991812,16.547268,-1
138892,0.63632613,6.3202834,-1
100365,1.0847411,6.913597,-1
41854,1.7112912,16.052164,-1
197789,3.9369447,2.2481785,27
138423,4.097013,2.2979536,27
111215,8.2363615,15.018543,-1
86653,7.9296074,10.525546,-1
100271,3.2263312,16.732561,-1
56347,-15.953352,2.5412986,87
24949,-4.4811597,3.6167595,-1
177409,7.2394137,6.0441246,-1
30019,5.466986,2.1771142,-1
56282,-1.6767707,10.014721,-1
168602,6.729723,4.358084,-1
197844,-9.360632,-11.610688,89
185880,6.3870053,13.831798,-1
138661,5.7741165,13.998075,-1
138662,-10.547912,6.0948405,64
86557,0.2188968,6.911972,-1
138891,3.6665175,9.512361,-1
156596,-15.208229,11.74639,89
42557,3.0430279,7.1677246,-1
122684,0.20819561,8.453881,-1
78233,2.27935,29.056482,89
18222,-1.7982285,9.7117605,-1
139362,18.660402,20.228197,88
42423,-3.0739746,2.385665,-1
18235,17.005068,2.4719944,-1
177753,0.05875733,5.673557,-1
70901,-1.4699849,7.672794,-1
139397,1.3842624,10.901097,71
3691,4.2308164,3.3196259,-1
139422,10.2150955,10.657794,17
18251,3.0353549,11.598275,-1
55618,0.10566909,0.82280374,-1
55596,-0.9334457,5.0749426,-1
177789,3.9378755,2.2449632,27
68672,-13.057637,0.13913724,41
31959,4.084693,3.2465196,3
42538,2.3794086,5.586366,-1
177705,1.9566964,16.161285,-1
139240,3.332745,7.1455283,21
100493,-2.1404214,7.094018,-1
86363,-13.631879,15.597904,90
138918,-4.43508,3.0294755,-1
42141,-2.281347,6.9475594,-1
138952,-10.361827,10.060883,-1
42169,4.430865,-2.3689167,-1
78117,0.30087224,8.512612,77
3627,-2.1044202,1.1959912,-1
92321,12.552059,18.33188,105
42215,1.8484254,8.786111,-1
18114,12.250872,-8.276504,92
139118,17.914133,5.262876,64
55824,-2.6506295,14.509379,-1
198025,1.8443584,-0.9076638,-1
63544,4.0854983,3.2438152,-1
110872,-0.39997485,11.380823,-1
86386,-0.03422087,12.147667,-1
139207,-4.1117077,3.4918034,-1
100583,12.551619,18.33225,105
155103,2.0231543,-0.45469946,11
24129,4.735174,1.2996359,-1
23308,4.2995133,10.469623,51
198823,-3.295133,12.489861,-1
53313,-0.3517754,16.332815,-1
30244,4.0332556,4.8989,-1
179095,4.230391,15.284424,-1
153971,-3.3005497,10.601983,-1
142425,0.17172179,11.120197,-1
109022,4.816032,9.923659,-1
153935,2.6511075,2.0045729,-1
4299,12.400527,8.936888,-1
84930,3.629178,4.7151155,23
18800,0.74690396,20.739847,-1
84923,3.0718033,6.1225214,-1
102503,1.874573,1.6293058,-1
4318,-3.8034143,3.3916295,-1
142489,6.7658987,4.380221,-1
44345,3.2318559,6.3411694,42
198845,-0.0046743373,9.270998,-1
23582,-10.546947,6.0953436,64
169201,-3.6036952,3.367823,-1
184249,1.0543793,10.4683075,-1
142390,-7.227604,8.210196,-1
79604,12.080121,8.711854,-1
44025,-6.1193156,12.601868,67
31680,-4.1538267,5.871327,-1
70703,-4.426639,3.3721883,-1
184364,-0.8326314,10.824594,-1
79463,-1.9205939,9.574263,-1
109232,-2.948545,23.991728,74
53549,10.204357,10.633757,-1
4214,-5.7802596,-5.79323,81
19227,8.973494,12.343678,-1
79495,1.4254335,10.899804,71
31628,2.0688941,10.352288,-1
142271,-0.94148195,2.9412374,-1
154031,3.9590213,5.6323886,-1
102359,-3.474944,1.9164908,-1
184288,12.722355,6.6401343,66
142353,11.046956,12.893223,-1
201971,-0.753498,11.951498,78
53157,8.17417,7.9101295,-1
142595,-1.3972183,3.4057004,-1
79730,-3.0147488,2.3221502,30
19575,6.9620795,19.401506,73
102877,20.753294,-3.8054743,88
142971,7.819628,14.380621,-1
70598,15.529123,24.691132,88
11954,-6.098144,12.582644,67
44728,11.023691,12.8913555,-1
79977,0.5285924,11.86919,99
19619,5.355331,5.9745207,-1
108605,20.753527,-3.8052738,88
52735,0.5473993,14.6839,-1
84548,-6.982393,-9.056753,89
108580,-4.2913117,8.074476,-1
153338,6.369165,6.505587,-1
120121,-1.6903642,2.4042797,-1
199095,4.2273955,15.282123,-1
193626,5.162868,18.418371,51
103031,0.40300372,-13.765647,88
153266,2.8092725,4.7082977,-1
19580,5.5706735,15.346165,-1
6720,-3.7194312,3.2011983,-1
153798,0.49229816,6.9326587,68
6721,2.515713,17.482523,-1
108881,3.7739499,1.1450896,13
179201,-3.6186717,3.3474438,-1
184067,9.604528,0.25782847,70
79800,14.495157,-1.0511225,111
84770,3.6742153,8.060171,-1
23493,1.741195,16.33011,-1
102675,-1.621745,5.260281,-1
153622,13.932139,9.463347,-1
19513,-1.696538,5.2796555,10
169328,0.40316597,-13.765614,88
142829,1.5864013,10.617962,-1
102753,0.6113293,3.748942,-1
52909,14.333744,4.6193347,86
102850,1.2781647,6.5921474,-1
153527,12.551246,18.332968,105
179328,20.746862,-3.8065207,88
154211,5.595436,7.2077956,-1
109240,-1.2212058,-2.16854,-1
31682,-1.1308908,4.233519,-1
18894,5.6168613,15.316249,-1
141301,18.53724,-4.9168677,88
85510,5.088278,18.334425,51
79076,-7.113761,3.918024,-1
101754,14.332834,-0.6942594,111
24021,8.136815,10.944291,-1
79108,1.9929419,9.145485,-1
178602,6.729344,4.3588295,-1
43602,7.2685266,7.292033,-1
18953,-6.110842,12.671771,-1
101812,11.115563,14.052099,-1
178633,-0.7078311,10.357065,-1
43669,2.9534762,9.897214,-1
18978,0.7452904,3.0397809,-1
43572,0.93115413,-4.3751917,-1
141266,-9.918644,0.7850993,-1
85419,7.120253,13.715219,-1
101724,19.602066,1.3546305,92
54437,-16.800192,17.565067,89
85596,0.6106419,7.008076,-1
43435,4.0369387,5.446723,-1
178468,6.401379,7.838219,-1
70758,-1.6406041,3.1269667,-1
198468,6.397012,7.8353767,-1
119966,-15.356026,10.273232,89
198484,-5.42878,10.492541,76
178484,-5.428901,10.4926405,76
85566,2.8698003,3.6589773,-1
193722,2.515794,17.482685,-1
193721,-3.7124324,3.2072425,-1
43527,-2.192116,9.195161,-1
141245,6.497826,7.792774,-1
141249,0.5586547,8.45307,-1
122115,0.36927527,3.4608283,-1
184476,14.349805,9.588226,32
141757,-0.27600712,5.410702,-1
43939,-1.2192429,-2.1681712,-1
141790,-1.6647991,9.657066,-1
43948,2.1889155,16.256052,-1
178823,-3.2955709,12.489897,-1
70716,6.6971903,-3.7766635,-1
184440,-2.658077,4.123033,-1
31712,1.1095049,10.2694,-1
178845,-0.0049331035,9.272738,-1
169095,4.23509,15.282919,-1
31702,-0.9091236,12.387043,-1
23793,-3.5725808,1.985128,-1
79400,6.1607327,4.422246,-1
79413,-4.1478777,5.0911193,-1
12051,0.59733933,10.845782,-1
79338,-0.11042799,6.040143,-1
109427,3.5624554,4.7713723,-1
198602,6.7371793,4.348831,-1
43905,3.2356346,13.805384,-1
12080,15.975747,-9.07756,74
7066,10.25937,5.5027905,70
53938,4.0156565,8.668561,-1
141608,6.0187483,7.761533,-1
53928,10.12653,10.807484,-1
184543,1.6271712,10.601666,71
198633,-0.702708,10.356063,-1
12075,-4.0573597,5.798353,-1
79292,-6.9845066,-9.054861,89
30185,-1.9041314,5.315876,10
154392,1.8863717,16.344662,-1
43874,0.20178737,13.260914,-1
102054,-4.2047853,3.290032,-1
120000,-9.371415,-11.564569,89
85251,7.9597087,10.577087,28
70719,-4.870085,3.2643726,-1
81740,0.29337797,11.647045,-1
13459,1.7091324,2.5326223,-1
35058,6.6973667,-3.7772868,-1
13438,6.214558,11.732985,-1
14453,4.0723314,6.276422,-1
90232,-2.0083108,6.683965,-1
66943,0.9416941,11.717273,-1
190474,9.174626,8.288022,-1
164528,6.215138,4.5984836,-1
164525,2.794185,5.396331,-1
173245,6.0108657,12.270617,-1
72364,4.131272,4.866624,25
34718,-0.01071094,11.950573,-1
1483,-5.429089,10.4926195,76
34429,2.8801885,7.5837016,-1
65442,8.761271,15.959098,-1
163291,0.18288155,10.89028,-1
126922,5.803111,2.1817698,15
788,3.9197838,2.261181,27
126916,8.190331,7.737043,-1
189782,6.563271,14.99902,-1
13439,-4.079188,2.2694595,-1
163536,2.7984238,9.781683,-1
65880,1.8284974,12.930164,105
90271,12.432616,8.885243,-1
117983,-0.9648579,6.0187173,-1
65905,-0.32125038,5.3911104,-1
116882,4.091554,5.024422,-1
95418,15.340811,-8.823125,74
66157,5.9468493,14.795601,-1
35895,16.897999,15.214741,89
35898,0.23892826,12.472394,-1
166213,-4.388297,2.8480687,54
64466,-5.874256,3.910301,-1
63972,2.4517674,9.199447,-1
1467,6.4231544,7.854334,-1
172432,7.8702583,6.967712,-1
164692,12.356827,-11.26216,88
163314,2.26466,3.6829617,-1
28964,-1.4638884,6.4656796,-1
194931,8.302279,10.869422,28
171971,-0.69906515,11.932288,78
127846,3.0283713,22.338398,50
35868,12.46848,8.988648,-1
164932,3.8848147,2.7518904,-1
125621,-3.950354,5.5552764,-1
95534,7.6018777,10.548201,-1
190628,-2.1048982,1.1950121,-1
10421,3.0274217,7.5635047,-1
66255,8.535706,-5.9265227,-1
28658,2.486899,4.6854935,-1
190487,-3.326127,1.3864075,30
91229,-1.8424246,9.432166,-1
95552,8.693112,6.7501283,-1
29204,2.2274296,1.995214,-1
65675,15.975591,-9.07741,74
91522,9.994619,10.733735,17
165841,0.11839929,5.3392615,-1
13253,-1.1828071,13.341371,-1
35332,-10.162802,-8.136725,89
35652,12.551555,18.332294,105
126303,0.36186966,9.531627,-1
95956,5.8427896,5.8441744,-1
66704,1.9836327,3.7591503,22
66524,10.548781,21.506035,98
35660,7.744313,24.279736,102
90474,-7.1282682,5.366341,-1
72861,6.2498035,16.139595,-1
72347,-0.764695,0.22320378,0
35941,-1.5341861,9.1966,-1
28370,1.0359955,-2.1324308,84
28217,4.0868855,14.239947,-1
1632,-0.70798904,10.355764,-1
165008,0.08559541,5.5527296,-1
94896,-4.285568,3.9285262,-1
166193,-3.7081692,9.858156,-1
29208,3.5454156,-0.31771004,-1
165754,3.5517025,14.331628,-1
91656,0.48704296,7.0798054,-1
126066,-1.221942,9.569017,-1
36405,2.3412337,9.674558,-1
127891,-4.020102,-11.398644,89
118374,2.252926,5.5510073,-1
163332,2.8390458,6.368187,-1
90172,18.408594,5.114592,64
66631,4.696194,6.5034456,-1
117487,15.528967,24.691278,88
28718,2.5518746,9.720992,-1
95896,3.0753648,4.0388346,-1
35711,3.1243732,-0.26094407,-1
173099,1.3105035,14.211117,-1
95320,14.326129,9.56137,32
205010,4.0329757,4.4922667,-1
205965,9.111948,6.2444086,-1
90620,17.00364,2.4778256,26
127481,-6.1750784,12.578644,67
34972,1.4980885,2.7677023,-1
117496,2.6318817,3.0901196,9
190692,4.228758,3.3200514,-1
28303,4.822478,9.739734,-1
116255,2.9275053,7.596159,-1
66053,2.4163632,2.919221,-1
194364,-0.83420676,10.828199,-1
127463,1.9696481,6.8702016,-1
65589,2.0940335,1.9647648,-1
163777,-9.225241,8.250356,99
34063,-6.057049,8.547727,-1
127605,2.6726503,3.1144595,-1
65611,1.3885698,2.8261309,-1
28488,-2.120179,7.018896,-1
64652,-0.060345884,8.282746,-1
35735,5.0134163,7.320949,-1
72556,-1.8698188,26.870338,89
166888,20.356897,14.451203,88
13718,7.2612777,13.779308,-1
117798,2.8337135,9.723425,-1
165553,-7.254247,8.200544,6
28494,3.3018954,4.335336,-1
165517,5.840582,6.6933823,-1
128725,10.520113,10.906901,-1
843,-6.98456,-9.054795,89
190188,-11.264323,8.434505,76
118625,1.1461338,2.796439,-1
27846,2.372171,6.248834,-1
166624,-0.33090088,17.866583,107
36485,5.332346,8.266569,-1
117191,-1.638095,10.065312,-1
1024,1.8516566,-0.8913756,-1
163342,12.690837,1.8478835,88
164314,8.244789,22.40615,63
73082,2.783295,5.417276,-1
173626,5.1630754,18.418545,51
163540,0.23985758,11.691784,-1
125998,15.526236,24.694105,88
117095,-3.762502,3.7623649,-1
72072,-8.332939,2.1976135,-1
63982,5.0922055,9.129359,-1
36492,-7.1844625,4.2932067,-1
90830,5.1630864,18.418573,51
27996,0.24801353,11.479334,106
73072,-14.969209,12.235615,89
36490,-11.953423,4.128185,94
95400,1.117047,10.457808,-1
64063,7.5335665,14.266052,-1
94732,2.7979448,4.766025,-1
90287,6.3043056,12.029159,-1
164105,3.8785203,2.1703613,-1
63984,4.079774,8.697926,-1
29269,6.212699,12.0016985,-1
126978,8.021954,13.922722,-1
95168,4.176103,3.2401,-1
73798,4.247842,6.999473,-1
91474,9.0444565,1.8102627,85
9941,10.209119,1.4641701,-1
165621,8.347875,3.3739583,-1
14604,12.717337,6.644821,66
116256,9.694335,-4.5934954,38
165139,1.6045241,10.699063,-1
125815,3.7748003,3.1928914,-1
72474,1.1016548,2.5168984,-1
34536,11.396648,5.214892,-1
33981,17.172865,-1.8255441,63
190153,-7.4463277,3.52455,-1
191558,2.67135,6.954759,21
34529,-0.05050456,12.242472,106
205833,8.194896,21.310986,-1
1601,6.7269793,4.359564,-1
35970,-6.21207,12.682226,67
10002,-2.2203217,6.795627,19
117598,6.215676,4.426513,-1
36113,3.39685,4.4071507,23
64912,8.1196165,4.991951,-1
118591,3.351137,14.081888,-1
90721,-3.17127,1.2031001,-1
194440,-2.6562796,4.123115,-1
164765,1.0317518,6.675467,-1
118482,5.3288465,0.08479526,-1
116337,-7.2509637,4.2457433,-1
173721,-3.7172432,3.2007792,-1
127289,-6.99657,9.342127,90
166022,-0.9764126,2.8777566,12
189868,3.1168957,2.711417,-1
66615,0.42829558,7.176812,-1
166239,5.5135207,14.318375,-1
126878,7.6312184,-2.281922,-1
1346,5.1960053,9.524448,-1
9975,-3.1609912,1.6437256,-1
94402,-0.4957581,7.9875484,-1
36207,18.66003,20.228592,88
164833,6.8828106,14.784826,-1
191215,-5.789347,-5.78818,81
67072,-3.679894,3.2096694,-1
163618,-4.543641,3.04211,-1
125416,-0.3516639,16.332666,-1
118419,-0.25684145,3.032267,-1
191590,-1.1257479,6.21304,-1
91642,-14.930035,6.266515,89
10003,-4.8451443,3.1182132,-1
64039,-4.044646,5.7633514,29
10474,2.1885548,6.5345387,-1
65334,-8.171829,13.620317,-1
124583,0.7765584,9.405528,-1
124969,-16.261938,14.468625,89
29324,-4.495814,3.8207698,-1
35206,-3.9702914,5.4976583,-1
126810,6.5003133,7.118423,-1
36306,1.3236402,1.6996186,20
13268,2.971933,-9.598959,84
13269,9.856815,7.0767646,-1
189906,1.3822538,6.723903,-1
34164,5.6419144,2.0369165,-1
118258,-3.8412857,1.9975564,30
13286,-2.829046,7.6958857,-1
195010,4.0412374,4.475065,-1
189899,-0.010822876,6.344549,-1
9985,3.2068539,13.93281,-1
116627,6.4385204,7.3467484,-1
13272,-0.39261726,9.180174,-1
64858,8.0299425,-3.2924895,84
94532,3.3167622,7.341959,-1
66478,2.2802765,9.932085,70
72695,-3.8071353,1.5843632,30
28416,-7.070318,4.0021296,-1
116596,3.7979336,1.2195739,-1
163167,6.34988,4.531992,34
95192,0.55642056,15.239959,93
95933,5.5682206,15.349639,-1
63790,6.0784144,7.4483943,-1
36319,3.9513369,8.354112,-1
125338,3.5464902,4.258947,-1
90115,-1.8684851,6.8545394,-1
35602,0.53663063,6.4869533,-1
33903,2.6090848,3.8580198,-1
126747,6.3384566,6.5181627,-1
66747,20.774736,9.754511,92
36633,-0.55671185,11.598718,-1
71906,-4.4259806,12.725748,-1
205880,6.3871036,13.831287,-1
91141,4.030759,10.181876,-1
65817,-1.2722391,4.4332595,7
205723,2.7968123,14.144133,48
194543,1.5923432,10.61489,71
29039,10.57784,3.0627499,44
127185,1.8959711,-0.8125404,-1
29022,-1.7997571,5.4140954,10
191319,-3.8013718,3.3908787,-1
164896,2.0220733,1.4425986,-1
13354,9.733197,-4.628327,-1
117233,6.3162503,11.095057,1
124813,-0.45254254,7.6578264,-1
35174,3.4554353,4.3369446,-1
34282,6.0359144,2.3340323,15
73443,2.3152218,13.187341,-1
126117,8.195374,21.311632,-1
206092,-6.0694256,-2.7795043,86
94594,-7.203628,8.21792,6
126662,-15.952912,2.5415711,87
173139,-3.4883745,6.996094,-1
35996,4.344163,3.1228895,-1
28176,-0.3057976,11.117164,-1
73782,-5.7692494,10.792658,80
125534,2.7860808,5.0667543,-1
14725,18.31857,12.451186,100
128552,0.043558836,5.588354,-1
117236,4.2366333,3.1130128,-1
172367,6.880634,12.439649,-1
126654,-6.457052,5.6132383,-1
27983,3.1860027,6.4055805,42
66308,5.3710566,0.027128756,-1
191514,3.5975108,13.562899,-1
28622,2.4345915,9.523928,-1
165407,-7.271466,8.200293,-1
9790,3.9037976,5.558106,-1
73444,-1.6993961,5.4776645,-1
173722,2.5156105,17.482548,-1
36452,6.306563,11.990374,-1
33688,-0.83402956,0.17158403,0
28651,2.787848,3.273953,-1
90933,-2.126715,6.910611,-1
13675,-5.708957,7.3645725,-1
94432,3.0428574,11.618993,4
166134,3.2307959,6.28921,-1
95107,4.7301526,1.8147154,27
127979,-6.9846787,-9.054695,89
191300,12.400976,8.93726,-1
10467,-4.037465,5.720082,29
127179,13.433097,16.724726,65
127322,2.5280359,3.3259642,-1
94593,16.786507,-1.7165935,63
116328,10.529686,10.903158,-1
126147,3.6418157,4.7148986,-1
156985,-0.04433991,11.961263,106
192486,2.5595424,10.300908,70
77975,3.5993829,7.852423,-1
110946,-7.192294,3.7391396,-1
138958,12.080259,-0.6803014,-1
86721,4.692474,9.764774,-1
64882,0.21455556,0.62642485,-1
24783,-7.272277,8.221373,6
206531,-5.6379743,25.451187,89
77821,12.222466,9.100976,-1
138700,-5.051076,10.757438,-1
7795,7.0317283,7.592233,-1
139066,-4.9009156,-0.75364673,104
3624,13.630061,-5.5861883,63
197888,2.2165136,4.366561,-1
41970,2.3622382,2.4775891,-1
41710,1.3932866,10.99228,-1
86422,1.8328693,8.832845,-1
30025,3.6325698,4.7106385,23
110970,20.356884,14.451174,88
117079,4.5159187,12.933371,72
122744,-4.1326413,5.841315,-1
93511,15.587206,11.289052,97
100358,-5.7693806,10.793561,80
66861,10.433215,18.983618,82
73175,-13.704231,-2.9905007,111
202702,9.695969,-4.594719,38
56575,2.5484536,4.9266376,33
156597,-4.0201273,-11.398621,89
185973,3.379414,14.731663,-1
30017,4.0649867,3.2379982,3
3510,-0.048974082,12.242991,106
185928,3.0537887,9.594669,-1
77905,1.7078346,16.33821,-1
124810,8.289905,13.625031,-1
1335,2.8058238,10.2129,-1
12283,-6.9554276,4.5508695,-1
156714,6.0560274,2.3265445,-1
197827,-5.547175,7.4103703,-1
156772,1.8582522,1.5831244,-1
7734,-2.3947623,9.644959,-1
138500,3.584485,7.932153,-1
156684,-7.207654,3.7306378,-1
32073,0.644969,13.820441,-1
185908,7.3083973,14.396124,-1
138804,16.936144,2.5029447,-1
35556,15.612636,6.3255043,52
3579,3.6229057,4.7931156,-1
42005,3.7621171,19.325535,-1
86670,4.5055904,7.427907,43
95181,5.309838,8.215684,-1
41990,2.7866347,5.3793135,-1
90758,-9.912341,16.112078,-1
156977,-4.906553,3.662174,-1
7641,0.40332842,-13.765587,88
77971,3.0190165,5.282434,-1
119725,6.9945827,6.8933897,-1
119673,0.40794185,3.429817,-1
127173,0.019139538,4.8994823,-1
7716,4.1229196,9.528204,-1
164464,1.6488698,2.804707,-1
71963,-1.7846973,10.123089,-1
177572,-3.929357,3.7820027,-1
127159,-0.82427263,0.18674502,-1
41926,3.04405,11.599002,-1
177387,3.52031,7.951338,-1
100306,-2.2927356,9.732379,-1
71973,2.0604331,16.26953,-1
93526,3.670139,7.7831936,-1
42253,1.9846617,7.64039,-1
156460,1.395023,1.7213776,-1
140415,0.9874579,11.256414,-1
140376,1.9990234,9.300722,-1
24359,12.51496,9.00715,32
18519,1.6489539,7.8446164,-1
35302,3.287085,-0.438997,-1
33881,1.8092396,6.5185,-1
140403,8.02998,-3.2925284,84
101206,-2.25113,9.679405,-1
85889,-13.355569,17.608324,89
190511,-0.048430685,12.2464285,106
168714,5.886242,12.228497,-1
70811,1.8479797,16.13716,-1
24335,2.227451,9.757319,-1
155514,3.6933246,7.7670865,-1
54911,-17.245022,10.334622,89
140480,0.758987,3.0318453,-1
78626,-0.69089353,11.20168,-1
3864,4.8454676,8.966363,-1
24299,0.11731382,9.426064,-1
42927,4.2804065,10.120104,-1
155647,8.426676,7.479794,-1
198247,6.1880302,11.997729,-1
3826,8.330557,14.432046,-1
70829,-4.2059083,5.9719586,-1
178070,3.8011694,-1.1020468,-1
155771,-1.7983264,5.3708725,-1
65163,-8.911328,-5.900246,110
202486,2.56014,10.313753,70
7442,6.993758,14.558904,-1
31906,4.393261,5.136508,-1
124855,15.975427,-9.077255,74
42867,-0.56075674,10.745149,-1
198229,-1.0025958,8.215632,-1
85939,4.984117,18.059093,-1
140330,0.6711824,10.96339,-1
54853,3.6246357,2.331253,27
28560,-0.44043383,3.0644999,-1
54851,4.7809587,5.872311,-1
119931,3.4545474,4.4321113,23
205468,6.6559095,7.004447,-1
101430,-0.43917617,7.009165,-1
93443,0.18054403,0.6375977,-1
164785,14.348576,4.6342382,86
178336,2.808027,10.215586,-1
126800,8.355021,13.5480385,-1
7297,12.449075,-4.8392735,79
110142,14.23675,9.471628,-1
202368,-4.3385806,5.720092,-1
166431,-4.484712,3.909369,-1
78795,-2.678723,14.555597,-1
43239,3.9033606,9.542948,-1
43249,8.53573,-5.926456,-1
184990,-1.9390534,5.29255,10
140874,10.165423,21.447771,98
94370,1.8033792,7.560559,-1
18709,20.757584,-3.8013744,88
198336,2.8071995,10.215914,-1
117257,6.054318,14.19221,-1
140545,4.183742,11.665485,-1
110204,-7.2102556,5.279774,-1
78660,-4.8528285,3.0398903,-1
178229,-1.0109482,8.222837,-1
70809,10.962225,26.260977,102
178247,6.191367,11.992709,-1
68827,7.718423,24.310247,102
119918,-8.179208,18.098364,107
202423,9.765838,-4.659057,38
85823,2.068642,-0.58184046,-1
202415,5.558038,10.103433,49
110230,17.858534,8.221952,-1
95078,3.4096718,20.547243,38
140637,2.7956913,14.13556,48
202408,-0.26105094,5.060649,45
110216,4.12456,7.7998257,-1
43181,0.6794191,6.531035,-1
155278,-1.8097903,5.3986974,-1
31879,3.8830938,5.486645,-1
71990,2.585451,6.6716456,-1
55160,-1.9929727,9.61715,-1
110542,-0.9395213,6.0800633,-1
24678,0.53316355,11.8551,99
168741,2.5578096,3.8593047,-1
177725,2.3602073,10.717548,-1
18207,-6.7445264,8.590517,-1
156307,4.7394767,1.811883,27
42403,5.189564,7.34755,-1
185512,0.65974474,11.114076,-1
126995,1.8297069,3.1742926,-1
192535,-6.959515,4.5479054,-1
122655,2.7081578,4.084287,-1
156119,2.0726058,2.5823982,-1
24614,10.382393,3.2564135,-1
42523,10.121681,11.179061,17
117182,7.8964167,8.4302635,-1
55614,2.294992,3.6326196,-1
198070,3.8010159,-1.102557,-1
55594,0.06965771,4.8309355,-1
24605,2.7013807,5.1861043,-1
42351,1.9385487,3.4093812,22
177721,2.083037,10.493984,69
78286,3.6682553,-0.43637463,-1
73117,9.670588,23.366922,102
139177,-4.2422757,3.6100016,-1
139178,-8.165048,19.34059,107
86401,-4.2928004,12.507682,31
100557,-0.34193414,10.634972,-1
127048,3.166364,9.574913,-1
116153,12.4489765,-4.839184,79
185608,1.8133259,1.5651957,-1
156436,1.7411798,2.6782804,-1
86369,-0.022912161,10.067861,82
55773,0.32134944,9.490475,-1
100599,-8.179668,18.099028,107
117139,1.9273387,10.398319,-1
78199,0.6548579,13.885113,-1
185562,4.123531,8.064719,-1
95144,4.0294595,5.731189,-1
10058,6.024293,2.273346,15
78288,0.3388157,8.534348,77
110552,3.5073185,7.9226027,-1
42717,3.1566303,7.385964,-1
86106,-0.13511346,10.146823,-1
100963,6.3046412,11.054176,1
122538,4.4869833,9.700217,-1
55315,-3.5751464,7.0183153,12
202535,-6.9605117,4.5473795,-1
139939,14.25212,9.410963,32
155833,-4.192513,3.0340276,-1
68729,4.825001,9.697325,-1
78409,10.2044735,10.684016,17
86039,4.618093,6.8001604,-1
185282,-8.912405,-5.9016557,110
119844,2.8458877,5.1312904,-1
18431,2.5107412,9.869322,-1
140094,4.803401,10.073269,-1
110558,-3.7444456,3.0529397,54
13950,2.5384831,3.9093242,-1
155897,0.89925563,11.488516,-1
35357,1.9151516,16.217222,-1
185468,6.6565924,7.000433,-1
68719,3.775909,1.5976238,-1
100767,-16.800106,17.56524,89
177827,-5.548803,7.404754,-1
78298,11.047018,12.893263,-1
42598,3.0409572,14.376734,-1
86243,2.017148,2.1990075,-1
100792,4.3498573,6.8431015,-1
41647,1.4898552,6.5012956,-1
117208,2.240239,7.241209,-1
177888,2.217882,4.372673,-1
18325,2.0526893,-0.5108316,11
18328,-3.8289616,3.0917675,-1
68697,1.7035222,6.5060663,-1
168760,-1.6604428,5.4598565,10
164439,3.7032793,7.58831,-1
32208,7.9559927,10.877279,-1
138131,6.18727,7.0121694,-1
159153,-2.8502178,2.3582695,-1
159144,2.197107,-0.45965916,-1
176141,-0.20496601,10.445794,-1
39990,1.771085,3.6362073,-1
134836,-2.0413513,-12.33005,89
203675,-0.35167855,16.332565,-1
203673,1.6332158,10.709012,-1
187192,-6.4097843,8.145997,-1
203671,-7.5226226,2.7257328,74
87980,-4.2832713,8.066601,-1
12523,6.1506066,-2.8832934,-1
159064,2.8833778,3.6871145,-1
16857,-0.87141865,-3.361984,-1
10976,5.780987,9.014234,-1
2896,-1.6848189,12.347888,-1
176203,1.6688725,15.819542,-1
9879,3.82065,2.8786335,-1
116816,-0.29842296,5.435304,-1
134960,22.145067,0.67754835,89
16875,-1.0160362,9.533299,-1
95567,-13.061926,0.1407236,41
134781,0.011491948,12.13389,-1
134773,-2.4734926,0.18851072,-1
76488,4.985178,5.7171683,-1
88053,-4.1204114,4.9631543,-1
25998,-1.3484378,7.11706,-1
168070,3.8011355,-1.1023208,-1
206332,0.65380937,12.432941,-1
59063,11.337732,-0.71754754,37
98372,-0.16799834,5.3486958,-1
88032,2.3364146,7.437391,-1
76565,3.171927,13.67321,-1
59007,1.9564844,1.6499177,-1
35986,10.089664,10.420881,-1
2855,9.710722,10.7897415,-1
176109,3.593177,0.7899144,-1
159175,14.3326845,-0.6942242,111
159166,0.9312756,11.735117,-1
159164,10.25947,5.5026975,70
123352,-5.6284623,8.834432,-1
134772,2.7500103,7.7975388,-1
87939,4.730808,1.8134135,27
197192,-6.409974,8.146426,-1
68460,-6.572985,6.608499,-1
98637,0.7957394,5.5993485,-1
203569,-4.902915,10.359724,73
40259,14.251923,9.411023,32
116841,-3.7751496,3.1407795,-1
176332,0.6416849,12.447969,-1
29309,-7.125999,4.1087823,-1
35922,3.9087033,5.467334,-1
58425,3.5210006,5.345648,-1
168229,-1.0092819,8.220991,-1
158731,6.795995,5.6765733,-1
76871,18.537111,-4.916725,88
186944,-1.7386254,10.144804,-1
112522,6.8231277,14.84051,-1
98781,2.972009,-9.599063,84
25737,-1.861042,6.656504,-1
71165,6.6993794,15.617355,-1
40352,0.26341927,11.480478,-1
168247,6.1830187,11.986956,-1
186880,3.8301423,2.8824162,-1
123241,23.593863,1.7832259,102
25804,-7.160719,8.249406,6
58764,11.724823,8.73487,-1
158847,1.922948,9.674937,70
68093,2.681263,5.0094056,-1
159014,-0.292515,5.853407,-1
159001,-6.9847927,-9.054792,89
32486,-4.987879,3.3836737,55
10980,9.75744,-4.6511326,38
135048,4.766025,7.1845546,-1
123307,4.782828,9.674294,37
8281,-8.911135,-5.900276,110
68103,2.4171638,10.051757,-1
58632,-6.260502,12.729896,67
14289,3.2583914,13.897318,-1
135242,-1.2263577,8.375429,-1
40172,9.048505,3.4427378,-1
58594,4.802225,8.996497,-1
123276,1.6263013,24.987677,53
93781,1.7963563,1.4113387,20
93777,1.8539423,16.158192,-1
76769,-5.15218,3.2261965,-1
58519,5.4646835,7.3565025,-1
134658,2.746199,8.6229105,-1
76469,2.030629,7.162695,-1
59111,-0.40516534,7.6296926,2
16495,2.3622546,9.609768,-1
36063,2.5686402,9.380177,-1
196880,3.8225584,2.877688,-1
187572,-3.9347582,3.7812064,-1
76174,12.691688,1.8491149,88
71316,4.7839746,10.475731,-1
39485,-0.38492,10.808385,-1
88250,3.8533998,-0.5616777,-1
36056,0.18753415,8.535874,-1
8511,0.65876853,11.115323,-1
39530,7.63126,-2.2819004,-1
571,-3.932699,3.7885273,-1
2728,4.3564587,12.051681,-1
39566,2.0605373,7.355322,-1
48301,1.4681333,7.4661713,-1
98195,2.3136373,9.69392,70
159590,-3.9667299,5.9265184,-1
159578,0.5566615,15.242282,93
98203,10.94833,24.090738,102
123486,-7.239798,8.21008,-1
133833,0.24992368,9.465033,-1
39430,1.6838661,2.6438584,-1
203717,-5.9531755,-1.7906225,-1
119242,3.6567724,-0.62518996,-1
203882,5.0591784,8.738398,-1
196779,-7.6096096,5.413353,-1
32706,1.767983,16.040548,35
167888,2.2138453,4.364477,-1
189897,-1.6859602,12.347725,-1
196782,10.310052,-1.8006111,47
33643,4.6782417,2.2256925,27
159930,-5.881199,0.36293706,45
88314,10.988093,24.051022,102
39369,3.1686668,9.614665,-1
12615,4.0967402,3.2282255,3
59869,-0.7233986,11.348181,-1
26299,18.022799,-7.350237,74
26296,-7.264581,3.8488867,-1
8561,4.1301236,8.052385,-1
196812,-6.0694513,-2.779468,86
128087,8.305322,10.869635,28
133644,18.667702,20.222103,88
128082,2.5925908,3.8209834,-1
91619,6.1020484,6.843077,-1
134148,-13.355513,17.608322,89
95667,12.5138855,9.006853,32
134351,-1.0889221,12.520759,-1
195282,-8.912416,-5.9016657,110
134358,5.862143,7.0787168,-1
68022,1.5710889,-3.1193867,-1
36015,0.39217195,3.4415238,-1
166671,-13.355472,17.608324,89
14340,4.680649,6.026851,-1
66954,10.1868,10.571057,-1
16695,4.86513,10.485833,-1
113162,5.3483043,-0.0024000395,-1
134503,1.6263125,24.987654,53
59196,12.250892,-8.276502,92
88081,10.448943,3.1989775,44
123385,5.804782,7.386652,-1
134583,5.3567195,0.023364738,-1
64351,-5.7562866,8.738526,-1
191585,-0.618931,12.017345,-1
59122,3.3718228,2.3269095,-1
187387,3.511569,7.9521294,-1
175973,3.3789384,14.729552,-1
98322,1.1557982,18.35189,-1
39693,-0.82916456,11.785623,78
159540,-2.2711887,6.8443637,19
196944,-1.7491776,10.144623,-1
67999,-7.0406446,3.9685626,-1
95654,10.500595,3.1298048,-1
175908,7.296703,14.383236,-1
32639,12.544055,9.0128145,32
8467,6.6578016,7.003733,-1
172023,5.0390964,8.758357,-1
88146,3.3723478,4.490135,-1
175928,3.0584104,9.604451,-1
134238,-1.93733,9.671875,-1
16621,-1.107885,18.982473,83
71266,4.9903736,5.722427,-1
159454,-16.734365,7.17929,89
90384,7.6241302,14.767953,-1
26107,3.0923295,4.853952,-1
68200,2.1360164,6.8765574,-1
73351,-1.050807,11.836944,-1
98795,1.2300309,11.884882,-1
186332,0.64190996,12.425096,-1
7926,4.330655,14.213401,-1
85708,-4.769962,3.126908,55
25271,0.04008261,10.05368,-1
41251,3.3934367,4.7427344,-1
111694,-8.054054,17.701,107
111684,3.4498255,14.399705,-1
137452,2.5803661,7.7727914,-1
17572,7.6671114,7.17443,-1
7906,0.22622985,6.932635,-1
57054,3.2987986,2.0623627,-1
92228,-3.7889695,3.805036,-1
25244,2.7912366,14.127666,-1
64784,-0.6280972,11.579427,-1
192415,5.564968,10.109774,49
137610,-3.9101791,3.7360268,-1
56955,8.46764,14.946588,-1
186203,1.6782738,15.836142,-1
25189,15.975281,-9.077074,74
35656,-4.721796,9.231602,-1
173241,0.7397165,20.757797,-1
157790,3.1249626,4.4842687,-1
41199,4.0817003,8.219258,-1
77455,2.0611765,-0.574265,-1
9943,-1.7458946,10.149968,-1
111790,9.757959,-4.65159,38
68369,16.83048,-2.4249678,63
124758,-5.5641885,7.1367397,-1
197572,-3.9346085,3.789826,-1
41126,4.954365,6.5105057,-1
176944,-1.7269014,10.153819,-1
192408,-0.27044335,5.0377727,45
826,-5.54849,7.4021454,-1
190255,-7.729486,4.1425743,-1
41143,4.0043726,4.9253383,25
25317,0.5086934,5.6721964,-1
87095,0.61434716,8.492431,77
137256,-0.038608197,8.905283,-1
73264,3.3730283,-0.16696092,-1
87084,-1.6672435,10.277974,-1
57206,-12.528829,12.83644,111
56933,-3.3210258,10.600837,-1
122949,-5.8814673,0.36260077,45
127341,0.67859894,3.188375,-1
95234,5.013767,6.1320987,-1
186109,3.5923839,0.7910993,-1
41504,-9.757511,1.239218,-1
86858,-5.582415,7.1477623,-1
86856,-1.4706728,7.6864285,16
32169,3.0938666,11.578788,-1
99981,-4.1726956,2.9957428,54
197721,2.0781438,10.495083,69
206518,5.721073,10.39815,-1
33754,5.3962135,11.595701,-1
157182,-9.443858,11.85677,66
197725,2.3589377,10.712214,-1
206523,-1.4991503,7.69209,-1
77734,3.5713642,3.898431,33
86782,-1.9494735,5.2692757,-1
157147,2.7823534,5.4031887,-1
122885,0.30776942,3.5723302,-1
77705,4.345,6.8451953,-1
177192,-6.4096293,8.146411,-1
157271,-3.73284,2.886107,-1
90712,1.5426333,10.519372,71
41409,3.0234623,11.638118,4
137676,0.6875265,4.9757366,-1
192423,9.696568,-4.5954027,38
32190,-7.407268,4.2199802,-1
137759,2.6287265,3.0579793,9
95232,0.03783739,5.3575373,-1
193882,5.0654545,8.72997,-1
41441,-8.179845,18.099241,107
386,3.5104332,7.944984,-1
77694,-15.399451,8.500519,89
186141,-0.19671486,10.427368,-1
122904,-2.8699358,1.3484867,-1
93605,0.80498874,4.9616375,-1
99895,1.9656751,3.584976,-1
117056,4.136741,14.299616,-1
7850,10.537751,10.91407,17
111537,3.5259244,7.88914,-1
68430,3.1827877,13.814516,-1
99561,-0.26657897,5.0624614,45
176880,3.8236105,2.8770452,-1
127740,-3.8214254,2.0567214,-1
176531,-14.969196,12.235714,89
135949,-0.46031278,2.53265,-1
135984,3.217481,13.850243,-1
197387,3.4880314,7.962199,-1
158396,-1.2369331,4.467085,7
135991,-3.9402256,5.833894,-1
158359,-5.749615,8.760231,-1
136039,-0.9916041,6.0505342,-1
158343,7.630213,-2.283085,-1
136052,4.767447,1.3324298,-1
158333,3.1277404,2.1690228,-1
32360,12.67505,6.6468544,-1
99022,-0.45015034,7.669329,2
12434,1.7383717,2.7270284,-1
205282,-8.912392,-5.901682,110
112175,8.835561,-12.210082,89
158248,9.04855,1.8054985,85
3150,5.3631,8.4825735,-1
64602,18.537048,-4.9168377,88
17182,2.0689394,-0.56409806,-1
186750,4.65592,9.027415,-1
7989,-1.9406669,5.290256,10
176523,-1.501778,7.691335,-1
192292,9.009575,12.376257,-1
112395,2.1199412,2.166317,-1
98830,13.804345,21.675833,102
40419,6.2884564,11.051637,1
40421,-1.6675621,5.431658,10
186812,-6.069537,-2.7795289,86
87670,3.8559842,1.6129305,27
77029,5.0475826,9.140753,-1
87656,-6.692511,-7.250974,89
25678,4.7320256,1.3312379,-1
112311,6.354912,7.909279,-1
190151,5.3651414,8.463881,-1
123152,0.4097823,6.1375012,-1
25655,6.185928,4.4975767,-1
186782,10.309362,-1.8013812,47
186779,-7.6093063,5.413456,-1
186773,5.630711,-0.061096884,-1
176518,5.720619,10.397649,-1
136371,-0.36032778,11.002219,71
40735,9.856995,10.672894,-1
190180,3.5009325,-0.57176846,18
57765,2.1356823,6.748339,-1
176750,4.612718,9.038099,-1
176773,5.631387,-0.06193946,-1
32283,-0.5764924,7.2576604,-1
190203,3.3525472,13.798708,-1
176779,-7.6106806,5.416122,-1
40929,0.37676492,7.0779443,-1
17373,1.7322736,3.069832,-1
186531,-11.304926,19.718506,89
92178,1.9022481,8.788618,-1
90659,5.70356,7.278863,-1
186523,-1.5000795,7.6904984,-1
176782,10.309734,-1.800978,47
186518,5.720579,10.397446,-1
87246,-0.7987429,7.6368446,-1
127475,-3.7387478,3.8221107,-1
176812,14.35841,4.6427703,86
168409,1.7366974,10.796834,-1
17417,-0.96798027,6.1988406,-1
3254,-7.7226505,4.142561,-1
192368,-4.291705,5.755228,-1
17350,-2.54962,11.241154,-1
173298,-1.2086244,11.151329,-1
57675,4.678023,-13.773573,61
99204,3.0824895,-0.83032256,-1
203298,-1.2094756,11.1547985,-1
40772,3.2682378,9.7697,-1
168336,2.8047395,10.214106,-1
136483,3.213344,6.3604703,42
112111,-0.5287008,10.742406,-1
3179,3.481816,-0.5671591,18
25498,5.861504,6.4314437,-1
17344,-13.061191,0.1397091,41
40854,2.9810092,9.308251,-1
3202,3.356728,13.785195,-1
25477,6.1349425,27.366741,88
203241,0.7394692,20.75727,-1
136612,6.38951,13.856098,-1
157972,16.89648,2.508891,26
57620,3.202892,16.36853,-1
1408,1.7406392,10.842965,-1
85720,3.917403,5.651756,-1
79115,2.09111,6.933705,-1
12137,2.1183155,-0.5032569,-1
182702,9.696375,-4.595203,38
81074,-13.704535,-2.989029,111
46347,3.9353697,4.9972105,-1
104205,8.464037,14.947149,-1
145854,-0.24079265,6.1921363,-1
169897,-1.687528,12.34988,-1
104215,-15.952972,2.5415633,87
94740,3.9993339,4.707803,-1
117858,-0.9022042,4.817529,-1
151459,1.372973,6.9203305,-1
104227,-4.0766816,12.374788,-1
85696,-11.757604,-4.758719,91
107090,10.663319,16.175766,-1
83472,6.559523,6.9719987,-1
20599,-4.258713,3.6417801,-1
22475,11.946067,-2.5514715,-1
206880,3.8158016,2.8665776,-1
5022,5.0458922,8.752916,-1
199729,4.3585005,12.053193,-1
22442,-11.730479,-4.7866917,91
146143,2.9045537,6.2839637,-1
170580,3.6414502,4.7965035,-1
172486,2.5362408,10.299744,70
34578,-4.7759104,3.36462,-1
22593,4.3431816,6.865342,-1
205928,3.0600958,9.604991,-1
4942,2.9442267,1.5819579,-1
104089,17.17308,-1.8254701,63
199635,4.408262,9.747377,-1
69665,3.3514824,4.372409,-1
81020,-1.3138618,3.1495926,12
69673,3.4782689,7.8047886,-1
50738,0.3322898,9.472792,-1
34598,-0.33461797,10.687437,-1
107240,2.9351509,2.2640207,-1
94760,-0.78123,12.4607525,78
69690,2.5508752,-7.7183003,102
145736,6.4426174,4.680083,34
50688,6.258713,12.0615,-1
94755,4.0014124,2.5843544,-1
83530,-0.5153005,12.059615,-1
180511,-0.050088566,12.247066,106
165668,22.145105,0.67758286,89
83411,3.3347735,13.831365,-1
83263,-2.6536195,14.51698,-1
20742,3.3528311,13.628082,-1
146462,14.188928,9.475582,-1
93029,0.74542147,4.0215015,-1
180625,17.618355,-2.204686,63
20756,-4.289674,3.661784,-1
94685,0.30516133,8.399447,-1
182486,2.537628,10.293905,70
118011,-7.354026,3.9637794,-1
81354,6.273088,4.512534,-1
72386,13.612017,9.366988,32
125704,5.328037,-4.7948256,-1
120425,-0.94682074,7.5360265,-1
172423,9.697323,-4.5941834,38
92773,18.403753,5.1189814,64
81405,0.48114628,6.9370327,68
172415,5.562232,10.105918,49
200865,4.8475842,8.966096,-1
92784,0.9839272,-10.176446,63
20821,4.7097406,3.5611975,-1
50175,3.6950932,-0.6535179,-1
146415,-11.745161,-4.7714925,91
104363,4.767796,6.128547,43
182535,-6.9341626,4.5726705,-1
200957,5.4532847,6.8672733,-1
106961,-5.055746,10.763262,-1
34468,1.4831012,1.556087,-1
151161,1.9580793,1.6154233,20
81256,-15.95423,2.5415115,87
146277,12.250476,-8.276789,92
83323,-1.5151263,4.1380424,7
194642,15.557845,24.673306,88
146290,10.172091,10.567698,-1
180580,3.6430068,4.7985406,-1
104452,-5.161869,3.0169148,-1
93035,2.4735377,9.350853,-1
106906,7.4170494,7.575999,103
20706,18.407269,5.115449,64
146366,5.353689,8.487447,-1
50234,2.9719517,-9.599046,84
146397,-3.7768655,3.8943303,-1
50831,13.413491,-0.08444243,-1
145536,-1.6673648,9.5109825,-1
169856,9.710785,10.790591,-1
165457,10.201652,10.611257,-1
20190,10.267552,10.9033785,-1
183241,0.7395671,20.75723,-1
152221,4.4688063,2.29756,-1
121455,17.59994,-1.4349561,63
107641,10.444714,18.995798,82
51391,23.593973,1.7704138,102
45768,4.6779695,-13.773523,61
120263,6.2383914,7.438671,-1
6297,-1.2133802,11.150066,-1
45773,3.6488779,4.7431235,23
169729,4.3581467,12.052402,-1
144729,-8.171935,13.620386,-1
80756,4.7409697,9.259548,-1
20224,-0.5585845,10.178654,-1
66567,3.0382168,9.7664585,-1
83941,1.550504,7.633383,-1
65937,2.1058369,9.29583,-1
194735,-2.3858364,9.646725,-1
22815,9.548467,6.8610997,46
107659,-2.54909,18.03908,101
1069,3.807869,-1.1061392,-1
144831,-6.745423,10.368415,-1
4731,-6.4552135,5.6162815,-1
69520,3.5814695,8.427526,-1
51718,-5.726438,8.775338,-1
93165,1.8394701,16.116987,35
179856,9.710045,10.790202,-1
107827,6.2080345,10.985442,1
144325,0.98287433,11.81504,-1
80602,-5.542135,7.10394,-1
69523,-1.5740919,3.104774,-1
165409,5.983178,8.799836,-1
80615,-3.969597,10.3148985,-1
194443,6.990495,14.558388,-1
144417,10.20045,10.635081,17
22908,-2.4501193,15.782448,-1
179897,-1.684341,12.346285,-1
144482,1.576542,11.726981,-1
80649,6.1789923,8.056565,-1
183298,-1.2127383,11.153457,-1
152283,3.731224,2.3152444,-1
117741,5.058763,-0.17494676,24
121437,0.7875198,6.1658316,-1
190957,5.452722,6.866566,-1
180180,3.4871018,-0.5662397,18
103906,0.9116469,4.0057063,-1
65985,1.6263163,24.987637,53
180203,3.3572187,13.798672,-1
180255,-7.722476,4.14299,-1
66002,4.217625,5.139323,25
151738,3.6916037,-0.60432374,-1
20391,-1.016505,6.2758794,-1
151737,0.4797112,7.072434,-1
4898,0.4034659,-13.765539,88
20400,4.2430243,6.92248,-1
50918,2.8254464,4.9104743,-1
83701,20.757664,-3.8013518,88
145392,-1.211912,4.5094156,-1
199609,4.0393677,9.606371,-1
125917,3.0312881,13.978607,-1
151672,20.757643,-3.801353,88
20423,1.1772754,14.817786,-1
107363,-1.2767457,2.5556076,-1
80973,0.20549527,11.67265,-1
4868,2.795042,14.249183,-1
121385,10.557177,21.507635,98
172535,-6.9591465,4.549602,-1
80885,2.8811467,1.0144457,-1
194717,4.1221366,9.5235815,-1
144876,5.6199923,7.6857615,-1
51237,-3.4482133,-6.1611032,-1
206812,14.359275,4.6427794,86
170625,0.9839067,-10.176475,63
144905,8.535726,-5.926474,-1
83867,9.521233,6.504571,-1
11793,-4.0033193,5.723335,-1
120295,0.16824315,8.880378,-1
151968,4.9097214,5.799558,-1
144984,4.154074,4.9832926,25
103857,-9.927824,0.77632236,-1
180151,5.3588963,8.466824,-1
145010,10.663089,16.175735,-1
6240,0.7395449,20.757288,-1
22729,6.211255,12.106468,-1
151936,3.3632777,4.4868865,-1
46021,5.0423985,6.114909,-1
199543,-3.7403555,3.8240197,-1
146687,-16.26183,14.468575,89
104706,3.0330067,14.013813,-1
20833,-15.354086,11.480019,89
34213,-4.336102,12.563386,-1
170255,-7.72227,4.1427145,-1
82587,0.9801808,14.449742,64
13324,0.1898192,11.14592,-1
148280,18.391161,17.585169,53
149751,14.49496,-1.051327,111
106107,20.35688,14.45114,88
181943,2.9569745,1.5791042,-1
48905,4.414969,3.0896971,-1
5407,-0.26070228,5.055417,45
21294,2.0513241,7.2516613,-1
148312,15.733785,19.812931,89
5414,5.5624595,10.106788,49
149644,-5.1800795,22.654348,102
148325,6.829062,5.66407,-1
106052,12.356493,-11.261741,88
72208,6.150187,4.3993626,-1
82525,6.2526217,10.995607,-1
5422,9.696651,-4.59499,38
181899,18.536936,-4.9169064,88
193298,-1.2109259,11.152156,-1
81951,2.2066844,5.6682005,-1
148381,-7.160574,8.300523,6
200580,3.643635,4.8041306,-1
120886,5.0686193,18.30876,-1
82676,9.964041,10.779776,-1
182023,5.0441732,8.751255,-1
106221,-18.514584,9.491596,89
149846,22.36149,7.550027,74
49056,1.8009725,9.35883,70
170203,3.3546727,13.801262,-1
118196,1.0776446,10.360492,-1
5367,-4.269486,5.776909,-1
94560,-0.94782346,6.050187,-1
11612,1.7676992,3.1395106,-1
120841,5.748712,14.177198,-1
200255,-7.721069,4.143175,-1
5701,9.696863,-4.5951734,38
21250,3.628467,13.497359,-1
47718,-7.406314,3.6125255,-1
81939,-15.952964,2.5415075,87
148169,10.662057,16.173779,-1
11597,-1.0532602,6.2353177,-1
106018,15.73382,19.812973,89
120904,3.6155996,-0.60398203,-1
48147,19.602167,1.3547248,92
148746,4.5251346,2.2185633,27
34170,-2.0869813,6.961384,-1
21454,5.3635893,-0.009858146,-1
48551,0.8814393,2.8956597,-1
181732,-6.455528,5.616733,-1
148767,6.5762024,7.42139,93
149237,-5.208089,2.9658072,55
148911,-1.0325146,11.222515,-1
105641,5.799389,14.094584,-1
181585,-0.6232713,12.025635,-1
148947,4.4194064,5.091932,25
181677,-4.1764855,12.512283,-1
82294,3.4103029,1.8455278,-1
48390,4.918916,10.471639,-1
21579,6.052057,1.8861829,-1
5534,-6.9586368,4.549537,-1
205908,7.319797,14.401197,-1
48267,5.2747874,0.08737829,-1
21446,6.2047696,10.98066,1
148673,-0.0041505047,5.641655,-1
120603,6.505652,7.8229027,-1
82039,17.6,-1.4349554,63
148447,-0.1631636,5.6458573,-1
181869,2.8209386,14.271634,-1
82065,-4.315308,-2.6295047,-1
21369,5.035609,9.728709,-1
148546,10.449159,3.1989427,44
172292,9.009621,12.376356,-1
82429,0.93128026,-4.3756886,68
21691,-3.252352,2.0764775,-1
48665,3.614672,1.1590608,-1
148619,6.1391697,7.819455,-1
48093,5.855315,2.0858045,15
105611,9.045871,16.360207,95
200511,-0.050319735,12.252346,106
5485,2.5388327,10.298995,70
82402,2.4574056,3.5242178,-1
125286,18.660933,20.227875,88
200203,3.3558657,13.800542,-1
105198,-3.7194963,2.4327385,-1
46871,1.5888017,10.482211,-1
150735,2.9109452,2.3930938,-1
49880,5.8819976,2.1400878,15
182368,-4.268639,5.7750816,-1
150670,11.705159,8.723717,-1
81540,2.255078,9.67229,-1
170511,-0.035307623,12.249326,106
150659,2.269697,9.472841,-1
81542,-1.7116361,3.8221533,48
22169,0.28672796,5.2836056,-1
93015,18.15834,6.785518,80
121010,-5.8813643,0.36266354,45
94625,3.3116174,9.687134,-1
146996,21.505608,3.7849677,61
104856,0.10791939,9.144396,-1
180827,8.347414,14.432931,-1
165850,-1.1079438,18.982489,83
47097,-7.2972994,8.200755,6
182292,9.009602,12.376638,-1
120458,10.259672,5.5026913,70
30868,10.550676,21.506275,98
199897,-1.68497,12.345509,-1
22210,1.3407499,1.9975882,-1
150436,3.7698958,1.6506556,-1
20880,12.250441,-8.276735,92
200827,8.347363,14.432888,-1
83083,1.0681111,10.3057165,-1
66210,-0.293778,9.951764,-1
91310,7.901599,8.422796,-1
150793,-3.9895003,5.706125,-1
199856,9.70864,10.790247,-1
106712,8.038603,13.911406,-1
146726,-0.44607952,12.557629,-1
182423,9.757957,-4.6514783,38
46901,2.0222023,3.8327816,22
46921,3.407,2.2827494,27
146756,-3.4094322,-3.655471,108
172408,-0.26004574,5.0547194,45
182415,5.560918,10.105477,49
104728,5.565173,10.108463,49
121077,-0.15790139,9.274255,-1
182408,-0.2602636,5.0560994,45
146819,-4.0293765,4.02279,-1
92787,0.36248654,6.450151,-1
180865,4.855745,8.9649315,-1
94603,6.5410905,4.7524104,-1
200625,13.631324,-5.5865912,63
150132,2.7642846,5.848802,-1
105021,6.1878376,13.912494,-1
30836,3.632419,-0.5016128,-1
49322,-8.098587,12.653135,87
5291,9.009645,12.376436,-1
170180,3.490624,-0.5657901,18
49283,13.727724,13.911115,111
92977,-2.1823025,9.3998,-1
30814,-11.728695,-4.788598,91
150025,3.7753692,-0.5061314,-1
200151,5.363882,8.47556,-1
147848,2.4377587,6.5239277,-1
81776,-0.28426313,8.923044,-1
120912,-0.17267698,10.819439,-1
30801,5.065174,9.939919,-1
200180,3.4717484,-0.5689631,18
82753,4.13397,6.292271,-1
147886,4.9580493,6.5395694,-1
94576,-6.6508937,0.8728408,42
105015,1.8730967,16.113504,-1
193241,0.7395532,20.757307,-1
21000,0.43809968,11.355795,-1
120507,1.7937409,1.405378,20
47217,6.6272006,4.847551,-1
94483,-4.012818,5.908615,-1
104935,4.677922,-13.773475,61
104936,-3.2946117,10.640626,-1
11493,9.045576,1.809157,85
170151,5.365648,8.466737,-1
125564,5.01583,9.860948,-1
81635,-2.823673,11.477118,-1
180957,5.4553614,6.865109,-1
147510,-2.4502397,15.782235,-1
172368,-4.2940865,5.7854104,-1
34319,4.0195923,7.8956957,-1
13375,3.028353,22.338268,50
49450,1.633603,7.696137,-1
206944,-1.7345086,10.155052,-1
21069,-2.0038922,9.725622,39
49431,3.0502257,-0.8368523,-1
10447,16.833826,2.5147033,26
103434,6.013322,6.759787,-1
80580,2.550044,3.8504846,-1
121497,0.9309656,-7.69882,77
109344,3.1988714,6.3934135,-1
154269,6.2775803,11.103489,1
31703,8.94759,16.236288,-1
126606,-5.545472,7.1197915,-1
109326,4.0720305,11.683519,-1
11269,1.8250412,2.3921263,-1
79444,-8.1650915,19.340694,107
65458,4.852554,3.6075711,-1
198714,5.896439,12.219953,-1
122095,3.2171583,2.6152358,-1
65466,5.945489,7.714151,-1
205562,4.1421223,8.058274,-1
53576,5.1732574,22.927187,40
102185,7.4086113,7.5721583,103
102203,-3.528017,6.021324,-1
202023,5.04247,8.752714,-1
170865,4.862422,8.954169,-1
85101,3.0849016,4.7299385,-1
178904,4.699369,10.813573,49
53720,3.267632,14.1938505,48
141836,-2.9485037,23.99172,74
94959,3.7540672,6.3619847,-1
95008,5.72226,14.24686,-1
205512,0.6601934,11.113802,-1
141656,1.403773,6.72674,-1
93378,0.93100953,-7.6988206,77
154402,1.9991256,3.3832111,22
154393,5.169202,22.921368,40
53887,6.112538,4.5078435,-1
178760,-1.6615187,5.455048,10
190625,17.600777,-1.43392,63
109436,-3.265096,1.2384768,30
141723,3.1968331,7.576284,-1
79328,8.01751,-3.2880323,84
205973,3.3811474,14.738205,-1
169078,3.4096713,20.547176,38
85218,-1.9187647,9.910749,-1
102109,3.6523297,14.273966,-1
85207,1.437618,6.9787416,-1
165011,3.2816505,4.3333325,-1
184443,6.991104,14.559161,-1
19225,2.6009102,-3.1522255,-1
198741,2.5559986,3.8577657,-1
109511,-4.018951,3.9244804,-1
44262,2.9430707,5.043674,-1
84943,-16.800037,17.56538,89
201943,2.9502406,1.5817317,-1
53290,-7.153755,4.3600698,-1
165099,5.1973667,6.3676248,-1
153912,3.625221,2.292266,-1
44339,3.576464,3.890303,33
79668,6.1505055,-2.8833141,-1
108962,7.264037,13.773422,-1
70642,-4.1983066,-5.3586764,91
44366,7.4109945,7.580953,103
201899,20.357117,14.451342,88
194907,0.22591923,6.9333305,-1
94943,14.494974,-1.051162,111
84871,5.203541,6.332629,-1
170827,8.347905,14.434849,-1
142578,4.497671,9.597693,-1
108896,-1.5310372,-4.6889586,58
91057,-2.901135,11.537571,-1
6881,5.0614805,8.723764,-1
117469,7.974676,16.68942,84
205608,1.8140626,1.5724125,-1
179078,3.4096532,20.547176,38
178917,8.156001,4.991799,-1
178921,3.7567637,1.5930985,27
120042,-5.266729,3.4112442,55
198760,-1.6622831,5.455954,10
193675,-0.35169366,16.33273,-1
193673,1.6266301,10.709562,-1
193671,-7.522859,2.7257917,74
142243,5.4670963,-7.0578246,77
102327,1.679769,2.8382611,-1
94424,6.421582,7.7574735,-1
165089,5.825079,7.273305,-1
184298,12.448995,-4.839064,79
69143,2.721921,3.1793368,-1
126527,6.2380404,11.428605,-1
194927,4.330575,14.21337,-1
44229,-1.9052596,9.512297,-1
153994,4.8317466,5.9607434,-1
44236,4.9801297,3.5098903,-1
169186,-2.2644234,9.524091,-1
178741,2.555987,3.8648832,-1
65614,-3.8926303,5.626473,-1
178409,1.7369951,10.815171,-1
155091,8.693948,6.7502565,-1
85650,5.091923,18.328957,51
95060,-11.727428,-4.789942,91
184851,10.534331,10.911816,17
101597,13.770807,-3.5865908,98
85605,10.397444,10.8308935,-1
43396,18.022867,-7.349762,74
122299,-0.015266236,11.925291,-1
101614,-1.24177,4.3365045,-1
170957,5.460139,6.863977,-1
18827,-12.528819,12.8364315,111
141130,1.5027932,1.6188147,-1
35228,-1.8295628,5.370828,-1
194990,-1.9409382,5.2922187,10
110012,18.022806,-7.349732,74
28604,6.8971505,14.802198,-1
85576,-4.4989753,12.91727,-1
184796,7.036768,7.593511,-1
154924,5.419238,0.042144544,-1
70767,2.2040136,9.632924,-1
184907,0.22837415,6.9399815,-1
140889,5.4468303,7.4962234,-1
85690,9.04611,1.8082957,85
18726,6.150226,8.082556,-1
68879,-1.2162296,8.364064,-1
90909,14.3339615,4.61927,86
90912,1.8126904,1.555789,-1
198409,1.7399731,10.793899,-1
78854,3.464916,8.123373,-1
155137,5.768883,14.228575,-1
166413,6.2649975,4.539845,-1
31844,5.3140326,7.398475,-1
1246,6.1867056,11.992423,-1
184927,4.342872,14.211687,-1
54533,0.56334686,11.869106,-1
101537,-0.76084995,10.20002,-1
24166,-6.118329,12.577388,-1
90919,3.6830425,7.748123,-1
3956,5.4581914,6.8633685,-1
154914,0.15355292,10.706883,-1
202292,9.009589,12.37657,-1
154444,0.7009799,6.2549925,-1
193717,-5.9532104,-1.7906098,-1
1228,-1.0108519,8.219153,-1
92418,0.35646912,9.772583,-1
43679,10.296103,10.700813,17
126671,-9.361191,-11.607792,89
192702,9.758118,-4.6513925,38
154612,4.5057263,7.4283166,43
85417,8.421143,7.4841456,-1
72931,3.7911112,3.5241034,-1
35152,6.330358,4.523624,-1
7068,16.297676,8.656395,85
178714,5.895924,12.2219095,-1
43806,3.7414825,5.326699,-1
109614,4.3756166,-7.193741,77
154467,-4.2060685,3.0282178,54
33920,-9.564703,14.011167,-1
154462,-3.3500233,10.571454,-1
53926,-0.6200646,12.012554,-1
101997,3.4732215,0.03692365,-1
31765,14.359171,4.642891,86
184642,20.75762,-3.8013117,88
65328,-3.9907074,2.3120382,-1
39302,-9.797702,22.510687,89
141246,1.1630592,8.354842,-1
10134,3.5870214,4.678302,-1
184735,-2.422298,9.683046,-1
101738,1.4366006,8.844325,36
168904,4.7165604,10.830513,49
184717,4.1243477,9.5273485,-1
168917,8.158219,4.991227,-1
85512,3.582739,14.365897,-1
85511,1.8778272,10.544364,-1
109842,-0.791536,0.25234762,-1
79068,-1.9645066,6.839593,-1
190580,3.6482787,4.7960644,-1
70739,-1.5958886,11.512346,-1
68943,4.027164,10.576113,-1
168921,3.7531648,1.5842761,27
10583,6.397188,10.603178,-1
119990,10.990419,24.048794,102
141419,0.3991572,8.727964,-1
121883,1.9825412,9.998445,-1
44409,1.385522,10.929283,71
179609,4.034324,9.611955,-1
84344,6.7140727,-10.40152,74
165340,6.2377815,11.180154,1
4584,-0.63062465,12.014087,-1
80285,-2.117307,7.0717115,-1
179635,4.4083033,9.747755,-1
108222,11.956171,-2.5687196,58
52154,-6.1106253,12.595384,67
194796,7.0442204,7.616502,-1
45166,2.7376487,4.7792497,-1
108163,1.5384359,6.540895,-1
45197,9.576209,6.9076467,-1
65790,4.020002,3.3056648,-1
126164,5.3160844,7.3639674,-1
52127,0.04556921,8.677478,-1
28814,10.444609,18.995695,82
45219,3.6621258,1.2242414,13
206773,5.634502,-0.06333881,-1
23174,0.8287617,4.9488707,-1
199279,2.198529,2.5007935,-1
52235,-0.97687966,2.880504,-1
103132,2.597856,6.041644,-1
183717,-5.953455,-1.7904243,-1
179543,-3.715428,3.8215818,-1
206750,4.6254334,9.050292,-1
6568,-4.912152,10.381888,73
52348,-1.1270602,9.57251,-1
84367,-4.768756,3.174217,-1
201585,-0.6523883,12.052585,-1
108282,-7.231048,4.2751017,-1
183675,-0.35207257,16.33387,-1
183673,1.6297567,10.719438,-1
183671,-7.52293,2.7257836,74
108273,8.243824,14.895551,-1
169543,-3.7369,3.8214157,-1
199186,-2.2834072,9.544853,-1
65765,6.6278834,12.293754,-1
152942,9.604738,0.25764698,70
34783,2.7535357,7.7688136,-1
31308,1.2298602,9.42195,-1
45228,-2.941061,11.571229,-1
199290,-1.3880004,1.0435541,-1
44990,-5.5612397,8.911094,-1
206782,10.309623,-1.8009897,47
169609,4.0334888,9.601377,-1
45364,2.7380388,8.626401,-1
80477,2.8858585,4.940723,-1
45391,2.0326934,3.7669454,22
51860,5.173035,22.926874,40
103361,6.218399,4.576613,-1
69507,-3.8844702,2.423118,-1
69512,10.04293,10.668982,17
103373,2.165288,2.528694,-1
80523,3.3388581,-0.16025843,-1
80525,-4.8891635,4.1539216,-1
144147,6.2923346,12.017142,-1
169635,4.40789,9.748084,-1
199372,2.601026,-3.1526425,-1
152507,4.263973,1.9541345,27
45530,5.730967,2.0318663,-1
190865,4.8780823,8.9892025,-1
4676,-4.176559,12.511595,-1
193569,-4.9157305,10.374378,73
84252,3.6058223,14.246175,-1
103249,-1.8553765,5.346632,-1
45328,4.4421206,-2.369572,-1
91155,6.8923283,14.802852,-1
206779,-7.6111436,5.413717,-1
121543,18.158329,6.7854104,80
183569,-4.9166245,10.374598,73
190827,8.34892,14.434844,-1
72680,-0.21800548,8.437923,-1
80380,3.7037473,1.4847342,-1
143955,13.300388,9.115523,-1
143974,3.665577,1.1379795,13
887,2.213717,4.366686,-1
80405,0.17304473,0.61694306,-1
91186,0.7565509,3.986803,-1
144015,1.3280568,9.551448,-1
179729,4.358324,12.05251,-1
93174,-0.3309941,17.86674,107
23066,4.4637966,5.240515,-1
152718,-2.5493567,18.03927,101
153081,0.7135434,2.2735178,-1
103113,-3.7237368,10.2112255,-1
91066,-7.330002,4.0397186,-1
79828,-1.5175639,10.381115,-1
94919,1.745713,3.0076158,-1
108763,1.5336735,2.8643432,-1
44578,-3.7748477,3.0718534,-1
179290,-1.3875225,1.0444837,-1
108757,14.314598,4.599433,86
153537,-18.51445,9.491652,89
201732,-6.4554453,5.6168427,-1
31462,14.333717,9.570622,32
52838,1.4565442,1.7559139,-1
142931,0.9442106,11.210344,-1
153488,5.9957447,7.2625155,-1
6716,-5.9538703,-1.7903025,-1
194851,10.543365,10.911891,17
102861,2.831452,3.7744217,-1
79925,6.2441835,4.404173,-1
94903,-9.361114,-11.607986,89
142967,-2.086261,6.814834,-1
153466,1.7741927,16.063768,-1
179279,2.199914,2.493159,-1
30279,-3.7593045,3.1126087,-1
169372,2.6010733,-3.1528146,-1
19425,6.76135,7.34911,-1
65618,2.0665061,2.9142437,-1
53103,0.26784396,11.520393,-1
169279,2.1981356,2.49191,-1
198904,4.7162547,10.830878,49
201869,2.802593,14.253053,-1
169290,-1.3873549,1.0453359,-1
84811,2.3504093,9.562585,-1
179186,-2.276204,9.526453,-1
102626,2.1820047,6.7546887,-1
126417,0.39317226,9.020388,82
184069,16.297647,8.656463,85
198917,8.159237,4.991486,-1
142711,5.0989695,18.288294,-1
198921,3.758511,1.6023614,27
53018,5.670404,-0.07411609,-1
53015,4.5160103,5.2409325,-1
19487,3.4668698,14.45564,-1
165181,3.8367233,10.217907,-1
153445,3.250891,2.629058,-1
143413,2.5292938,9.994394,-1
165234,-2.6555164,14.518658,-1
84482,1.2518404,6.7703714,-1
34026,8.244754,13.5873575,-1
52599,0.23728509,5.303866,-1
34830,2.844756,1.4227173,-1
201677,-4.179553,12.504285,-1
92574,-4.9354706,3.12068,-1
19710,1.7837814,1.9094374,-1
121710,6.8726,17.26203,-1
80090,10.577284,3.063464,44
52541,16.692705,2.5170484,26
153174,12.551982,18.33192,105
13662,-0.8734141,-3.3791814,109
52528,14.359004,4.6429896,86
52518,5.484208,7.4664364,-1
143328,7.0596375,8.227981,101
70557,-0.09844123,4.998431,45
31357,3.6360435,4.7712197,-1
93234,2.040883,9.970762,-1
143188,-13.061795,0.14434144,41
80036,10.6062155,3.0098057,-1
102902,4.111009,2.3182204,-1
191,-6.4103017,8.146324,-1
165192,1.9625717,9.564946,-1
84576,-0.400787,7.728443,-1
179372,2.6010978,-3.1534185,-1
6674,-0.35284916,16.335413,-1
6672,1.6296834,10.720224,-1
6670,-7.5232177,2.7258043,74
172702,9.696807,-4.5951276,38
34897,-0.840179,10.82919,-1
183882,5.0578914,8.731399,-1
153337,4.097154,7.996718,-1
199078,3.4095933,20.54723,38
66630,-16.799973,17.565487,89
121743,1.5202413,6.720732,-1
121739,-1.8608857,9.893216,39
23327,6.024103,16.9344,-1
121726,-0.57249564,11.58515,-1
108545,2.736309,14.189578,-1
44865,-6.21403,12.683924,67
52637,4.2724752,8.303514,-1
60003,5.1162786,18.36055,-1
118289,1.7232158,10.731983,-1
74340,2.2791562,9.266627,-1
175512,0.668677,11.108974,-1
37086,0.24653612,10.556315,-1
196203,1.6683038,15.816033,-1
9749,4.630152,9.050698,-1
89212,-0.88516897,10.824983,-1
171732,-6.456113,5.6171,-1
61811,10.989092,24.049032,102
88518,10.439463,18.990597,82
1916,8.158764,4.991774,-1
1920,3.7870464,1.6140718,27
187888,2.2128289,4.368398,-1
204735,-2.3880289,9.650657,-1
118806,0.20292197,-1.6380141,-1
204717,4.123355,9.5348625,-1
188247,6.18658,11.994333,-1
75886,18.405922,5.115572,64
29630,3.2847538,5.0508504,-1
1903,4.7206945,10.84082,49
173717,-5.953975,-1.7900791,-1
91728,0.6507116,11.792092,-1
63911,2.272643,9.223702,-1
174796,7.0338607,7.595312,-1
15963,4.1357365,3.1734223,-1
131181,3.2599177,4.32352,-1
12968,-0.2499199,-4.553878,112
15057,-3.7050655,9.860299,-1
39079,-0.9871477,6.122763,-1
36130,2.9203346,7.4716067,-1
61008,-0.9329482,6.0023394,-1
89801,2.0320287,10.383281,-1
116229,-1.4930304,4.139483,7
33042,-5.888663,8.5687895,-1
171869,2.8025496,14.253269,-1
194298,12.449429,-4.8396015,79
129687,2.1398692,4.9410357,-1
95990,13.963988,9.45148,-1
189186,-2.2699995,9.524456,-1
171585,-0.62495106,12.032272,-1
89733,-1.6965466,3.8225844,-1
60946,3.7473078,14.177245,-1
88802,8.471982,3.4370346,-1
124319,6.2514706,16.138187,-1
9108,3.5955982,0.7867627,-1
188714,5.8971987,12.219264,-1
195512,0.66564846,11.113958,-1
124316,0.31811553,9.014588,82
12665,-3.6206143,2.0033393,30
161592,-3.1512332,1.7575258,-1
132858,2.9389737,1.2974175,-1
191899,0.4116762,-13.762884,88
62788,5.1628046,18.417385,51
37934,5.045876,18.206594,-1
38624,-6.5334115,6.572192,-1
88822,1.6448966,10.562034,-1
131118,16.898115,15.214784,89
160781,-0.35895428,7.562507,2
67530,16.950682,2.4926274,26
174735,-2.4128025,9.652272,-1
37179,1.0868183,11.79633,-1
167192,-6.4107676,8.146027,-1
97835,1.5250859,10.518986,71
189635,4.4071097,9.746677,-1
116507,0.261987,11.512954,-1
128112,2.8008838,4.92522,33
174717,4.1322556,9.523538,-1
161565,5.2041154,6.335877,-1
188229,-1.0084273,8.215853,-1
37942,-1.0115062,6.042133,-1
114839,2.7334774,9.681354,-1
90175,3.4581177,1.2272294,-1
114212,2.655982,3.1000457,9
90065,5.9419174,7.7113028,-1
173569,-4.915638,10.375853,73
75208,4.7739296,2.274005,-1
27604,3.2942188,5.042502,-1
2278,2.199654,2.5062273,-1
163286,1.7969435,1.4114851,20
115810,1.7943294,1.412993,20
73596,0.8669432,9.4609995,-1
96248,8.194931,21.311062,-1
129517,3.439821,2.3478596,-1
61662,-0.58625454,11.504912,-1
36972,-1.6177422,16.59723,59
160832,2.356121,1.8812402,-1
175562,4.130096,8.060738,-1
129466,-3.7383215,3.8150103,-1
128421,-1.9656868,9.048421,-1
131410,1.3843894,6.978544,-1
173882,5.0782566,8.713338,-1
160845,9.048733,3.44255,-1
113720,6.374612,6.7824183,-1
9517,5.7222304,10.397158,-1
95873,3.3436778,2.504598,-1
133184,-1.9876138,6.6684833,-1
67588,-11.30491,19.718506,89
36562,0.35168678,11.612813,-1
128823,-11.264229,8.4344,76
2289,-1.3872437,1.0452324,-1
97916,2.0840087,8.989026,-1
174907,0.22701627,6.935906,-1
15690,5.6969247,7.712191,-1
75211,-1.6508019,5.5094223,-1
36974,3.6912594,-0.63895124,18
36222,4.740079,10.018116,-1
64165,17.008434,2.475666,26
114205,-0.29177168,10.289879,-1
97155,-0.22726624,9.055045,-1
33030,-6.213833,12.683975,67
90194,2.81297,9.682398,-1
60335,-1.812725,6.6261144,-1
189609,4.0541854,9.589026,-1
2608,4.0400352,9.604495,-1
27558,1.8031342,9.484881,70
162677,3.9800003,3.2262259,3
89823,1.8921477,3.6635628,-1
97107,3.7134542,14.576091,-1
189279,2.1782525,2.5013406,-1
89816,5.220831,-0.060690917,-1
88846,18.318403,12.450874,100
128761,-0.7025417,12.382113,-1
89826,3.214559,16.760246,8
89129,-1.494615,9.320827,-1
189290,-1.388543,1.0456377,-1
128367,-17.536089,11.475931,89
15945,-4.2739043,2.7440622,-1
75567,4.7488184,10.404707,-1
67248,-4.1080694,5.881081,-1
123608,4.6778975,-13.77347,61
114200,-7.381259,4.2926016,-1
161340,-5.2091627,2.9651716,55
95806,10.962106,26.261229,102
204796,7.032873,7.594174,-1
37016,5.9266787,2.1321013,15
174851,10.54085,10.914283,17
187827,-5.5486374,7.4019437,-1
204298,12.449146,-4.8393254,79
133049,-0.5170939,11.708095,-1
89293,4.5190578,12.937063,72
161623,2.840796,9.684695,-1
132075,1.135429,5.790147,-1
37542,-4.3511662,3.5645082,-1
195973,3.3808534,14.731058,-1
115383,3.3655581,-0.20375705,-1
10786,-7.6803803,4.1263447,-1
130636,5.838686,13.992196,-1
191869,2.8037221,14.254889,-1
9772,5.6364946,-0.06485574,-1
9202,1.6771148,15.832844,-1
60805,0.8976766,15.502494,-1
27330,2.401352,10.073613,70
93965,-2.9234269,-0.264383,-1
74872,2.0664697,2.2591033,-1
33134,1.763373,9.454335,70
160451,-3.2417197,1.3635236,-1
37706,3.3122828,1.1518723,-1
74897,0.29646534,10.775868,-1
36369,4.6648526,2.2344465,27
60637,4.112016,11.664388,-1
16045,4.8315215,9.697846,-1
74582,9.696955,-4.595245,38
26643,6.1307783,4.7692704,-1
71867,0.6100058,3.6283693,-1
37469,4.7524986,6.1803303,43
130661,1.2507682,11.92609,-1
10790,0.9840446,-10.176399,63
118886,11.019629,12.914218,-1
62456,9.6403885,10.65241,-1
16046,-0.8679947,11.707306,-1
175282,-8.911184,-5.900299,110
37488,-12.528795,12.836435,111
115405,5.1921372,10.768382,-1
204990,-1.9629835,5.287693,10
63777,10.057299,10.406848,-1
130601,-6.3660617,5.6891575,-1
174443,6.9889574,14.559066,-1
9778,-7.6095257,5.4138293,-1
74851,3.5623538,-0.69001245,-1
71415,12.250499,-8.276663,92
204069,16.297682,8.656489,85
27245,-5.570374,7.1510983,-1
166756,-10.162715,-8.136766,89
96733,4.044957,5.616315,-1
188904,4.727563,10.847692,49
160541,2.5976367,3.0345106,9
192023,5.0454297,8.751596,-1
74744,-16.26174,14.468499,89
191677,-4.177094,12.511374,-1
167721,2.0915225,10.491854,69
91910,22.361557,7.549994,74
62311,-5.571105,7.1379275,-1
124193,4.961231,9.186649,-1
15362,-1.0355012,9.520879,-1
166886,22.361654,7.5499873,74
37621,2.8381262,-2.560419,-1
188070,3.8021867,-1.1036177,-1
89403,-1.2002509,9.340573,-1
115153,2.9948409,9.8152075,-1
38835,2.336273,8.943352,-1
37564,7.0648437,8.241088,101
160547,-0.106855266,19.602621,-1
2077,3.4095454,20.54738,38
167725,2.3619876,10.716322,-1
162045,0.83300114,14.704414,-1
206141,-0.20235093,10.435686,-1
188921,3.7476523,1.5780678,27
116267,5.6995635,2.074136,-1
188917,8.158987,4.9918456,-1
124177,7.0638766,8.234429,101
118854,16.76353,2.5025742,26
38817,1.298812,10.808345,-1
36189,6.1646285,4.4293647,-1
16037,-3.6032577,6.0877814,-1
175468,6.667635,7.0086493,-1
89619,10.447566,3.20163,44
33247,12.407721,8.921416,-1
62067,9.587365,0.27800116,-1
9781,10.309882,-1.8014051,47
36486,4.125222,3.2062285,3
9140,-0.2067458,10.466851,-1
60526,2.2231283,2.04124,-1
1713,5.89771,12.221311,-1
38665,8.536798,-1.5579636,21
60899,-1.8165244,9.630284,-1
188760,-1.6647177,5.4594445,10
132713,3.0308957,7.1715813,-1
196523,-1.5039327,7.690875,-1
115546,6.63099,7.410051,-1
196141,-0.17544235,10.428294,-1
196518,5.7217183,10.398862,-1
94105,9.045948,16.360159,95
188741,2.5704775,3.861762,-1
15145,5.3624587,8.480875,-1
2185,-2.2723055,9.523731,-1
189729,4.359178,12.052245,-1
95881,9.785761,10.704449,-1
174298,12.449081,-4.839302,79
62008,-0.33106837,17.867002,107
204642,0.4046796,-13.765147,88
14455,-1.3902627,10.641411,-1
174642,12.356482,-11.261752,88
195468,6.6582146,7.0048347,-1
26508,10.762219,9.143911,-1
167387,3.506946,7.942266,-1
724,2.3653882,10.708131,-1
195908,7.3116794,14.395342,-1
163441,8.238333,15.018965,-1
10759,6.3151,4.642545,-1
60547,2.8745742,14.1363535,-1
195928,3.0554965,9.58002,-1
14464,2.8481538,6.348176,-1
9331,0.6516215,12.437744,-1
27379,20.3569,14.4511385,88
115469,8.026512,5.797271,-1
196109,3.593862,0.76449186,-1
36449,4.1158543,7.679078,-1
116295,16.856537,2.513549,26
96591,0.70339483,5.145798,-1
132634,15.225159,-6.1721754,102
38712,-0.33255965,9.996544,-1
204443,6.9926558,14.559174,-1
26544,0.064045556,4.8566804,-1
15248,12.2910185,9.066646,-1
130163,0.8611816,6.5077305,-1
166758,11.046987,12.893417,-1
189078,3.409535,20.547604,38
74540,1.8581846,9.668649,-1
74951,3.6992903,1.1667225,-1
130114,10.577098,3.0635898,44
27164,0.37181243,3.5171206,-1
130128,-5.5623574,7.120909,-1
196531,2.279252,29.056547,89
36365,1.8305708,16.13461,35
97764,-3.4095006,-3.6555948,108
33242,-1.5311377,-4.688707,58
720,2.0833526,10.492561,69
37386,18.64651,20.242325,88
62583,18.659023,20.229836,88
2542,-3.7374222,3.821105,-1
95795,4.082482,7.938352,-1
63169,-2.1012642,1.2021886,-1
130488,-3.9184372,5.9979734,-1
129322,-0.6304612,10.757442,-1
38516,-17.535809,11.476204,89
73736,2.0120628,7.16628,-1
196332,0.65028614,12.437343,-1
196750,4.6147227,9.064807,-1
162905,1.5176921,1.5391241,-1
8972,3.364603,14.748669,-1
8907,7.3118076,14.395416,-1
8927,3.044219,9.596177,-1
174927,4.3319325,14.2134285,-1
26856,22.361708,7.5499854,74
14805,0.6209728,4.122525,-1
97416,7.7542934,13.742054,-1
38339,2.6771002,6.403977,-1
114339,-0.16327421,6.1818376,-1
160007,4.954721,6.5128336,-1
113711,7.6678333,7.17444,-1
36723,17.918966,5.261499,64
63353,-2.5325434,-1.4507362,62
131634,6.2357416,11.099168,-1
10822,-0.6982581,0.25395635,-1
129036,3.0923178,9.812131,-1
162875,1.9634109,3.9610813,-1
38215,-0.9354232,6.075,-1
114297,3.0697446,11.5277195,-1
36885,4.5333166,9.119802,49
114619,-7.091602,3.9061325,-1
161080,-1.9718486,9.555576,-1
38517,13.404588,9.449472,-1
131441,5.963611,12.169883,-1
204851,10.540789,10.91378,17
188409,1.7374014,10.808753,-1
204907,0.22683677,6.935525,-1
67146,0.8300211,6.963824,-1
39213,-1.1244828,7.4367833,-1
89059,0.7577016,3.265752,-1
26942,11.04712,12.893789,-1
114690,3.3663232,-0.22036573,-1
167572,-3.9346344,3.788597,-1
206109,3.592004,0.7776817,-1
39215,4.146499,5.024832,-1
61536,14.494936,-1.0510739,111
95857,5.8395343,6.563816,-1
131826,4.2591634,10.061033,-1
131496,-0.42536822,7.716011,2
195562,4.1421347,8.040931,-1
63374,6.9621344,19.401268,73
173675,-0.35264936,16.33447,-1
166914,0.70536053,6.8891764,-1
36669,8.835636,-12.209946,89
67634,-1.9190826,5.306252,10
188336,2.8065858,10.215195,-1
60176,1.7145388,1.6019273,-1
123964,12.551284,6.7242017,-1
1740,2.555477,3.8626096,-1
9811,14.347199,4.6329465,86
116028,3.7799375,10.013592,-1
119105,-3.3987446,2.1830668,-1
64004,-4.368015,10.941467,-1
26939,6.9699893,6.8893557,-1
63357,10.245376,11.033775,-1
91863,-1.912205,6.5541425,-1
114686,-4.0787997,5.8002005,-1
195608,1.805387,1.5722555,-1
191732,-6.4560657,5.6168447,-1
131478,4.375839,-7.1934175,77
189856,9.708581,10.79074,-1
171943,2.9632668,1.5736731,-1
63296,-3.5287092,1.3399937,-1
71465,0.34090176,7.1680713,-1
175608,1.7783091,1.5404828,-1
90217,10.193812,10.701372,17
114593,19.615639,1.3631887,92
61479,1.7814726,9.32937,70
163083,-0.51573086,15.215363,10
129393,0.1730298,9.283294,-1
160848,-3.4963431,10.385347,-1
187721,2.0708835,10.484265,69
91879,3.150981,7.1460156,-1
14937,0.39957196,3.4708128,-1
189543,-3.733727,3.8243134,-1
174069,16.29767,8.656506,85
38183,-10.363918,10.063253,-1
67235,-0.2937737,12.4676895,-1
189372,2.601406,-3.1540644,-1
75311,9.349939,10.601553,-1
171677,-4.140373,12.475409,-1
1759,-1.6703379,5.456185,10
27736,-1.4929806,9.245337,-1
133329,-9.940376,0.76025534,-1
74195,4.481532,5.1243362,25
63344,6.314553,4.4979773,-1
88872,8.835748,-12.209785,89
116090,4.505932,7.427441,43
187725,2.3685684,10.719731,-1
173671,-7.5233374,2.725675,74
90248,3.5542452,4.35501,-1
163248,5.392412,7.455234,-1
114259,-3.745682,3.080023,-1
16310,2.8678625,0.99830455,-1
131864,6.312235,14.286431,-1
75982,3.2468421,7.245985,-1
191943,2.9568539,1.5808064,-1
163157,5.836034,7.3184876,-1
206203,1.6766859,15.830402,-1
128921,17.614065,-2.200156,63
16379,-1.5676358,2.3727496,31
9530,-16.799952,17.565649,89
194069,16.297638,8.656553,85
196773,5.656217,-0.06394104,-1
9522,-1.5472255,7.706788,-1
160956,1.5428008,1.5540963,-1
26360,8.712081,2.2806618,-1
173673,1.6320788,10.733473,-1
204927,4.331914,14.2135,-1
8607,1.8015634,1.5714054,-1
167827,-5.548051,7.401466,-1
174990,-1.9420578,5.2930975,10
38415,-7.259724,4.24506,-1
131904,10.110221,10.955922,-1
97208,-7.193482,3.7368279,-1
171899,0.4047032,-13.765175,88
2634,4.40947,9.758146,-1
133340,-6.1394835,12.596687,-1
2371,2.601373,-3.1541567,-1
128139,-0.38941303,11.59306,-1
60223,-0.6619474,3.1513712,-1
160913,-1.6170826,16.596655,59
73968,4.750396,1.3292977,-1
36584,4.160248,3.2600555,3
91683,3.6787865,7.9290805,-1
95826,2.0400527,9.066281,-1
36627,9.723338,-4.619836,-1
88951,0.5755759,7.383951,-1
142361,-11.263428,8.433593,76
169199,5.391773,14.226912,-1
156044,10.989181,24.049929,102
126975,2.9148989,14.142652,48
42581,1.8653917,2.5360744,-1
89368,1.1951596,7.9874125,-1
196103,-11.734663,-4.7820315,91
42526,4.97558,3.5078518,-1
6903,-4.8230624,3.9107122,55
19308,-1.5675735,2.3718295,31
128379,4.966438,3.5241776,-1
114505,2.8732612,5.1255236,-1
190459,0.44798326,7.541725,-1
124124,4.793489,5.924564,-1
79589,6.0963016,6.7708163,-1
122626,2.8877113,1.524624,-1
206162,-0.9097526,12.387699,-1
102407,2.4397438,9.25165,-1
179079,0.39776763,6.5975914,-1
97284,3.7551734,14.175009,-1
79584,2.153644,6.7559657,-1
196107,-5.874768,7.5592813,-1
35388,1.3392028,9.4690695,36
84967,1.4041442,10.143595,-1
128378,-0.24984072,-4.554068,112
93992,-1.7716116,5.3756146,10
85839,0.7716347,27.323055,74
184294,-5.1465707,13.560234,-1
165054,-0.6618889,11.978358,-1
109160,-4.1119366,5.031989,-1
169131,8.304253,10.86948,28
26876,0.75923634,11.840027,-1
38301,1.5136462,6.55426,-1
33121,7.723998,24.303934,102
184348,4.174053,3.3105423,3
74958,4.534486,9.125316,49
102230,10.0723505,10.407039,-1
44074,-9.443911,11.856785,66
94968,5.878481,2.1215763,15
63969,3.1173046,7.4144473,-1
184355,-3.8728132,1.9886922,30
28688,-5.783171,8.710349,-1
89360,-1.571778,2.3811119,31
86219,9.6912775,-4.5912557,38
44033,-3.4094114,-3.6559472,108
115021,0.7032785,6.257529,-1
115020,3.0402832,1.0922608,5
177910,5.574472,15.341996,-1
204250,0.20934814,12.160122,-1
142048,-13.7044,-2.9899235,111
7523,13.631444,-5.5865574,63
85150,-1.7579472,5.3522973,-1
65463,-1.66855,5.3146005,10
118685,6.316708,4.4759684,-1
109258,3.6462574,1.6119468,-1
44002,14.322492,-0.67260814,111
90838,-4.5730267,3.9125822,-1
169138,-5.5764365,6.8779764,-1
124123,6.2547536,11.310507,1
23693,0.76789004,7.0370502,-1
55545,1.8817353,2.5235548,-1
124598,1.1559242,18.351622,-1
154004,2.2102106,6.277682,-1
161794,-2.0535514,6.7276154,-1
154027,-3.3454435,-0.36986333,-1
65521,6.2384276,4.521318,-1
169169,7.771998,1.0931274,-1
85020,6.266759,4.6324215,-1
139567,2.7250142,5.161117,33
63863,-4.027526,5.6613297,-1
94223,-4.3152943,-2.629333,-1
126535,2.0187178,10.4005375,-1
122611,3.1777868,13.811436,-1
44187,3.4898775,6.560102,-1
9161,-0.91014045,12.3926115,-1
139603,8.835144,-12.210373,89
169158,5.913145,13.960884,-1
2157,5.9128957,13.960761,-1
79539,3.5756063,1.695748,-1
44151,4.845442,9.020365,-1
154089,6.3235874,7.1439037,-1
33986,-3.8035822,3.147068,-1
196368,-3.1552544,1.6587834,-1
42600,10.486676,3.1336894,-1
85077,-1.2464056,4.4039307,-1
119791,3.3773725,13.771223,-1
53473,0.28055272,6.1464863,-1
78322,8.835514,-12.209964,89
204438,-4.6505227,3.1074634,-1
184250,0.20885353,12.162278,-1
37764,-0.00932516,5.595231,-1
53314,1.6340444,2.815938,-1
52850,12.44905,-4.8392944,79
44586,0.73126733,4.0346546,-1
153587,5.408332,-0.0046450784,24
190413,-4.117695,5.0268173,-1
191396,3.5662308,3.6723354,-1
44620,1.4945962,7.1285577,-1
93296,5.8233256,2.1794057,15
9228,2.240811,-0.71471375,-1
121808,13.433033,16.724577,65
108746,1.7235006,9.787214,-1
93280,-4.292917,15.333443,75
102846,-7.1707616,4.2090764,-1
6726,5.1845665,10.761356,-1
75424,3.0662923,5.1611676,-1
194200,-5.271502,3.4110384,55
42287,-0.74643266,0.25889286,-1
90141,3.5893958,7.946521,-1
102716,-1.6581446,16.338858,-1
142784,0.9423205,5.627796,-1
121844,16.991821,2.4852304,26
23502,-0.31169057,5.492662,-1
123904,-1.7767148,5.388984,10
72811,-0.99983174,6.043895,-1
2130,8.304823,10.869717,28
19499,3.3901207,2.4241278,-1
131848,-3.1395574,1.3682842,-1
62244,2.1959307,9.925624,-1
142795,6.3340883,4.594367,34
179273,5.881999,2.1449487,15
4395,3.566288,3.67596,-1
156378,3.3892863,5.005738,-1
74818,2.6711016,3.1232724,9
184010,0.31187147,8.327969,-1
183978,20.774702,9.75446,92
24725,2.9271493,4.987316,-1
37727,0.1900156,10.892126,-1
78163,1.5390855,6.658136,-1
114439,4.216274,3.1362228,-1
84623,14.358901,4.642984,86
121782,-14.969217,12.23572,89
100547,4.7731543,5.899933,-1
165179,2.1980507,-0.45446217,-1
124189,1.7361324,8.689422,-1
29381,10.437071,10.560507,-1
84606,-14.929691,6.2662854,89
118830,-1.5687832,9.602221,-1
142994,1.6534288,12.307953,-1
174524,17.61778,-1.4332515,63
24746,5.79942,9.024465,-1
55882,1.6624739,2.3409054,-1
177639,7.2694354,7.6347113,-1
122718,2.117116,10.185308,69
86402,-13.704515,-2.9899263,111
114441,5.301937,7.385361,-1
36391,15.340842,-8.8230295,74
52823,0.82086617,11.91163,-1
108713,-0.9511879,6.027066,-1
55811,2.5267897,10.006149,-1
33164,5.09579,18.335928,51
118350,5.323929,8.8558,-1
192876,5.579605,15.325369,-1
126356,0.4805085,6.9231,68
93506,-7.022571,3.621255,-1
61231,-1.6268551,5.524243,-1
1321,-0.5166587,15.217139,10
79914,6.3229566,7.696324,-1
139179,-4.5414624,12.890398,31
204469,1.0052799,2.4963355,-1
153477,-5.7758,12.402075,-1
79933,2.8883595,9.537831,-1
53023,-18.514278,9.491784,89
206681,-1.6399136,7.862809,-1
115079,-0.83431286,0.17165533,0
142510,2.8624597,4.849486,33
198058,0.29105604,5.0366726,-1
79684,-9.912399,16.111992,-1
88998,5.300694,7.376989,-1
15439,3.0639875,11.571781,-1
70918,2.1110137,-0.5281935,-1
153884,3.3753357,2.6931362,-1
179138,-5.584797,6.8926363,-1
126453,-12.528792,12.836451,111
142543,-0.9859672,6.024854,-1
166836,-10.3625,10.061334,-1
205557,-2.773414,6.169093,-1
121896,2.9863634,1.1687822,5
156281,-0.97726595,2.8784282,12
61297,9.043253,1.8115699,85
179131,8.304414,10.869818,28
156128,0.041881815,13.987768,-1
79640,10.165451,10.618407,-1
44302,13.432806,16.724308,65
35427,0.7654401,3.091271,-1
201937,-2.6673985,14.499622,-1
35428,3.3486686,-0.19081119,-1
184200,-5.2746654,3.4119964,55
110778,6.1113715,6.989517,-1
126457,0.2679502,6.9814825,-1
44328,4.9694037,6.496822,-1
53230,12.344994,8.899701,-1
53229,3.4141793,7.919239,-1
185498,-1.9199079,6.8234205,-1
44344,0.6068968,6.5235224,-1
130631,1.9536114,16.15968,-1
2137,-5.5849595,6.8929396,-1
201822,0.93661475,10.488348,-1
142599,-0.21624713,8.441177,-1
184087,0.551466,5.256963,-1
185557,-2.7812357,6.158919,-1
179199,5.395935,14.226292,-1
68629,0.4377191,5.558718,-1
110831,-1.2468597,4.39617,7
62206,10.235515,10.626116,-1
28729,3.9166574,2.2336586,27
142712,7.7045,8.690802,-1
53057,12.506466,9.007025,32
4360,7.9747524,16.689447,84
24687,7.9741163,16.68897,84
30272,1.8387059,15.986924,-1
53027,8.56875,2.6543055,57
118694,10.354989,21.45875,98
179169,7.773668,1.0946931,-1
23551,1.6290244,16.409363,-1
169273,5.8630023,2.121804,15
179158,5.911688,13.961046,-1
102546,6.284157,12.012621,-1
42366,3.209545,13.485292,-1
4339,1.9948895,2.0287015,-1
184104,6.386906,6.515686,-1
202644,-1.5311065,-4.6890373,58
102616,7.353602,9.37452,-1
124548,7.9012756,8.425,-1
196079,-9.940526,0.7600885,-1
18200,2.5101972,3.5816453,-1
38405,10.961801,26.26137,102
121853,5.293129,-0.023442624,-1
86092,6.6466537,13.895093,-1
6977,20.037989,1.4201676,92
178375,-1.5669633,3.0967624,12
85640,9.676489,10.671903,-1
141021,8.244832,22.406178,63
155079,-0.33105204,17.867119,107
85909,6.3308992,4.4833407,-1
101586,-4.494633,3.5339136,-1
141039,1.898484,3.6495974,-1
38213,-7.868129,11.739002,75
78567,5.9147954,2.0673811,15
78562,4.9873137,-0.15594544,-1
114840,0.43003663,10.755174,-1
78899,0.47945,10.632919,-1
24116,-0.3309371,17.867134,107
174945,6.421013,4.650034,-1
85599,10.989294,24.049797,102
154999,22.145174,0.677636,89
101551,0.2155197,8.430441,-1
24358,-11.989998,4.101063,94
155098,3.5853472,3.8882425,33
122306,-9.94067,0.75992215,-1
110389,1.5439413,12.211023,-1
43282,3.2869494,6.3832107,-1
66762,8.307671,10.868901,-1
196291,-1.2823262,4.396121,7
7249,0.20840211,12.164358,-1
126756,1.7754735,1.4268982,-1
78855,-3.7471998,3.5552323,-1
85904,6.4089518,4.5968075,-1
196229,2.234005,-0.71673894,-1
174826,12.551255,18.332973,105
54505,0.195061,11.044379,-1
198263,3.1003768,0.07202987,-1
202470,3.7643905,19.32945,-1
140996,-1.6941185,12.34884,-1
141105,1.3311474,1.6969848,20
178124,-0.46447182,7.033718,-1
42917,7.174928,7.373269,-1
117323,0.106792465,10.32825,-1
61792,-2.9483035,23.991297,74
153438,5.263472,9.4571085,-1
54297,-2.0753884,6.6216645,-1
54292,14.3320675,-0.6938351,111
126701,-0.22446729,5.0433173,-1
54266,3.162578,5.3299184,-1
161160,-7.2681646,8.215667,-1
43561,-5.878772,0.36626223,45
131523,5.695478,7.711978,-1
97064,-0.89507383,5.999076,-1
202495,0.17980596,0.61831325,14
205498,-1.9198742,6.824796,-1
196316,13.770745,-3.586231,98
7437,-4.6734905,3.1168776,-1
90855,5.1627836,18.417305,51
7199,-5.274553,3.4109213,55
184826,12.5515785,18.332216,105
178115,5.6587873,0.037115984,-1
164815,2.5556364,3.6894462,-1
54388,-9.564771,14.011172,-1
3995,4.6766486,8.400726,-1
89061,2.1235144,10.200153,69
126735,8.663853,6.78522,-1
110006,10.32277,10.764636,17
4000,5.3778496,7.3698263,-1
31814,12.078652,-0.6813747,-1
141168,6.122215,6.765404,-1
155703,0.9310514,-7.698646,77
110506,-1.265033,4.4173303,-1
68916,5.4206414,6.8778315,-1
140938,-15.399507,8.500564,89
167489,-7.305198,8.208819,6
11240,-0.82341087,12.521813,-1
114785,6.274228,11.01684,-1
1262,3.100718,0.06828934,-1
26971,-2.0835142,6.714584,-1
18578,0.75385165,14.376424,-1
54747,0.3367019,0.7156572,14
170996,4.6779284,8.400261,-1
171001,5.377964,7.372913,-1
110195,-2.5312154,-1.4539733,62
178322,-0.51649535,15.21731,10
117259,6.4869866,7.804397,-1
70779,21.505444,3.7850516,61
3921,0.21762137,0.5976475,14
101276,4.6882296,6.546078,-1
13904,14.358552,4.642834,86
140785,6.9011846,14.867462,-1
191937,-2.6675856,14.499826,-1
78715,3.9734395,8.285469,-1
198322,-0.5170535,15.21717,10
89089,3.5144756,7.9510407,-1
110252,2.39834,-0.41464767,-1
117254,8.314906,7.289174,-1
155419,3.989981,2.0930455,-1
190522,5.3001175,0.046988092,-1
188578,3.1990745,13.720652,-1
178263,3.0863543,0.092587955,-1
7347,4.189444,3.2976832,3
110228,1.1485507,14.079554,64
63929,3.9037375,-2.6486878,72
122391,0.55898154,15.242186,93
92363,2.1401887,2.0455792,20
155312,-4.2266555,11.237933,-1
12160,0.44279474,11.349225,-1
85806,-4.143238,4.1785126,-1
155222,2.377816,10.144124,-1
35273,1.7171272,9.845104,-1
93442,3.4368327,2.5322664,-1
33882,-4.001893,5.7154326,-1
122345,-16.799927,17.565622,89
78812,11.420126,5.209195,70
95068,-2.9748185,11.58321,-1
161337,1.0306785,10.525979,-1
12136,-0.07530407,12.264437,-1
43263,8.546352,3.6854243,-1
164799,3.2582238,2.4097211,27
128404,2.4198043,16.38883,-1
124880,1.0062569,10.463261,-1
202465,1.7797326,8.735961,-1
192644,-1.5311471,-4.688843,58
118399,3.2856479,9.509046,-1
15654,6.8055606,5.633692,-1
184945,6.383284,4.618406,-1
198375,-1.5649221,3.098779,12
2272,5.8554378,2.1443145,15
140833,2.2793396,29.056593,89
7293,-5.149198,13.562299,-1
131356,-0.3627889,7.5660434,2
43057,-3.9010577,3.543531,-1
193727,5.189324,10.758561,-1
164764,0.39057067,9.074605,82
124582,-17.535574,11.476493,89
155199,6.7140822,-10.401439,74
3930,0.28743944,11.495853,-1
202456,3.3341825,8.317985,-1
188608,8.835573,-12.209875,89
204294,-5.147634,13.560555,-1
9030,-0.17649725,10.82208,-1
12171,5.1368365,0.17007351,-1
12172,3.2377403,11.397724,-1
178058,0.28783014,5.035824,-1
97062,-4.4675245,3.8949895,-1
12052,3.1106153,13.932806,-1
173727,5.1827044,10.7589245,-1
196162,-0.91322136,12.391165,-1
79309,-1.578836,10.0313635,-1
163587,-3.7488549,3.0738912,54
198124,-0.47214574,7.035681,-1
154372,15.975148,-9.076889,74
185326,3.3473558,14.161203,-1
154360,0.5573934,15.046669,-1
75006,2.5793076,4.742042,-1
53821,4.201098,10.267683,-1
96926,1.4718562,8.1139965,-1
155868,2.2352126,13.12816,-1
126612,-4.7845798,3.1088226,55
184469,1.002056,2.4959586,-1
7354,-3.8760667,1.989216,30
42748,3.6747382,-0.62541413,18
141677,4.6750116,7.492728,-1
23883,-4.9357667,3.910847,-1
110635,5.976971,1.8249246,-1
94042,-0.7628616,12.963582,-1
164910,-3.518014,2.054414,-1
170922,0.21788406,0.5975233,14
2198,5.392401,14.227089,-1
11257,6.27258,6.813034,-1
126638,-4.0253,3.3880017,-1
14588,4.320307,9.73002,-1
109512,10.247306,10.708692,17
122185,9.654117,14.067796,-1
93479,-2.6722906,14.54357,-1
55287,6.175579,4.4444156,-1
29579,3.6652918,2.1045554,-1
131619,1.7691222,9.065047,-1
184524,17.172997,-1.8253596,63
154310,0.26166382,10.326755,82
169079,0.39464983,6.5998297,-1
43934,1.4615792,7.465034,-1
61424,4.774958,6.1249356,43
42702,17.858807,8.221995,77
139813,5.980182,7.6131334,-1
65434,0.27772728,11.481547,-1
24511,-15.356913,10.271629,89
174633,2.8379803,-2.560575,-1
62068,2.263797,10.120427,-1
30084,-2.4478242,15.779329,-1
198115,5.614771,0.028903866,-1
171039,1.1418904,2.8428583,-1
117224,-2.721226,7.8017464,-1
53688,3.422539,2.3530817,27
2168,7.773957,1.0945677,-1
43987,-4.707825,10.819761,-1
141945,1.8217946,3.0584488,-1
154276,4.5951133,2.0834851,-1
29590,-0.2898146,5.872358,-1
79352,-1.3321862,4.3108525,-1
194945,6.4022374,4.6358733,-1
19118,-1.2227665,9.548801,-1
4176,9.04579,16.36006,95
7009,0.30284363,8.328011,-1
3760,6.235244,8.862603,-1
27133,18.022741,-7.349785,74
131646,6.1708913,4.51966,-1
35066,13.639128,9.348895,-1
114995,0.29396582,3.6306567,-1
184438,-4.679385,3.0857775,-1
130797,3.4052598,1.2700814,-1
43958,-9.443988,11.856806,66
177981,-3.2434402,2.1748266,-1
154280,2.015151,3.4035408,-1
61943,14.495696,-1.0521363,111
190612,10.577236,3.0636644,44
18898,1.4312124,1.6229364,20
198608,-17.535282,11.476774,89
116408,-7.3004966,8.202161,6
184694,-1.6840825,10.939992,-1
79080,3.4760592,-0.74696755,-1
178578,3.1963258,13.703126,-1
18434,9.669466,10.665848,-1
7468,0.995987,2.5032709,-1
161150,-5.7978034,8.657702,-1
190586,0.97444767,-10.184912,63
54133,5.4028773,0.012161577,-1
204348,4.173771,3.3087122,3
68951,5.5712457,0.028458957,-1
109749,-5.7693305,-5.804024,81
204355,-3.8618543,1.988925,30
61835,2.0817292,-0.4585224,11
65156,-0.2960561,10.643027,-1
9078,-9.94078,0.7597847,-1
54210,0.3815964,9.080978,82
75103,4.292095,9.88184,37
140181,0.7665859,3.0391457,-1
43576,0.19004026,0.6210678,-1
54217,16.996069,2.4834826,26
109867,2.0602312,3.1353772,-1
65160,-6.864899,5.128621,108
184704,18.318527,12.005091,100
91840,-1.0762204,7.6199503,-1
24432,0.21634772,5.507945,-1
4038,1.1516958,2.8356318,-1
114866,-6.9436073,8.124473,-1
154809,10.762329,9.143868,-1
12192,-0.46544415,2.5428338,-1
122244,2.6553755,9.274391,-1
141443,2.5289352,4.6253953,-1
178608,-16.799906,17.56562,89
9102,-11.756729,-4.7597165,91
190488,-10.162637,-8.13681,89
126905,2.8228443,9.788385,-1
110588,-13.35543,17.608324,89
7086,0.55158687,5.256707,-1
170931,0.27498257,11.501097,-1
28631,-4.1194816,3.6012275,-1
174694,-1.685927,10.941539,-1
78435,-3.734345,3.1819816,-1
95049,5.256836,9.53862,-1
68989,3.5949993,4.791568,-1
101913,0.3448753,5.7398214,-1
172876,5.5759516,15.323004,-1
9106,-5.8730993,7.5595784,-1
109629,2.51596,9.130316,-1
71602,3.3969507,2.2675877,27
202200,6.006773,20.765354,80
85476,-1.9210596,10.388613,-1
24443,3.009806,1.1024164,-1
184633,2.8379333,-2.5607026,-1
23989,6.8037314,7.438318,-1
10142,8.4258,7.4982533,-1
43663,-8.912174,-5.90016,110
79157,4.9161873,10.4874325,-1
43668,-14.969123,12.235712,89
43674,3.0939898,7.43901,-1
92428,0.35243997,9.5247345,-1
7103,6.3869524,6.515028,-1
198578,3.2011125,13.719089,-1
119838,12.218231,9.070152,-1
110576,-4.9307404,3.9613104,-1
174704,18.318573,12.004413,100
43691,-4.5491786,12.84752,31
189889,5.785807,9.607511,-1
130317,10.961546,26.261806,102
23378,0.6375761,0.96593446,-1
120442,16.785345,-1.7159362,63
129473,7.6660733,7.1754847,-1
180761,6.234479,8.8656845,-1
150746,12.719973,6.6424026,66
174104,6.3861747,6.5140715,-1
96210,15.616237,6.32879,52
193194,9.697345,-4.5962834,38
199889,5.783374,9.608106,-1
170090,18.40696,5.1154227,64
204826,12.551225,18.332943,105
909,5.5750074,15.341384,-1
91718,7.745393,13.737283,-1
163275,5.633979,7.2694635,-1
191340,1.9875307,2.038084,-1
165777,-14.9666395,12.2402525,89
69849,-1.67216,5.4613028,10
146866,-6.6928053,-7.2517266,89
121040,5.002616,3.490393,-1
22187,-4.309606,3.5848448,-1
174087,0.5495806,5.2549686,-1
74245,6.486082,4.7716584,-1
106707,2.385371,16.379093,-1
121029,2.0308993,2.0286539,-1
116198,5.676838,7.265159,-1
199831,15.771442,13.737275,96
93024,4.601009,14.408911,-1
182456,3.3374817,8.317186,-1
11479,5.8196645,7.442007,-1
69833,7.948359,1.2684186,-1
194294,-5.1477485,13.560594,-1
20830,3.0577724,11.600257,-1
83092,-2.402773,9.653441,-1
22237,0.26250732,9.718808,-1
129480,-8.165162,19.340895,107
20849,3.8926702,5.026554,-1
146728,0.9999339,7.247805,-1
106711,-0.24981503,-4.554212,112
146735,22.361853,7.549959,74
49960,13.43276,16.724169,65
74212,-1.9739956,9.538733,-1
30549,16.972689,2.503907,26
146624,10.170804,10.659506,-1
92814,4.3502564,8.773488,-1
147299,5.3275814,0.044800468,-1
150396,1.6953086,1.4849868,20
63609,0.59854794,8.591834,-1
180922,0.21720017,0.59731257,14
150385,12.551212,18.332924,105
180931,0.27563044,11.5041275,-1
170488,-9.361029,-11.608182,89
147466,8.381266,7.380842,-1
49534,5.734892,10.424506,-1
104977,-4.9006577,-0.7552366,104
13383,18.158823,6.784121,80
150250,1.6062595,9.775158,-1
81652,-5.637668,25.451014,89
129319,1.9831,2.7601361,-1
47349,-3.9096704,5.5403824,-1
63242,8.414823,7.4836006,-1
47361,-3.8483489,2.014915,-1
30863,2.0348153,3.4063826,-1
104895,2.199282,9.764409,70
5199,6.0065966,20.765568,80
147206,3.6706548,4.6756234,-1
96177,-6.7305174,10.355819,-1
162838,3.157927,3.6636357,-1
49803,4.6003623,14.420442,-1
980,-3.24361,2.1743171,-1
22171,5.93905,7.714564,-1
49790,2.486342,9.863278,70
106628,-5.2723594,3.4108582,55
150648,-11.982019,4.1088777,94
20935,3.1950746,11.463577,-1
49781,8.9012,4.797903,-1
47037,4.761663,9.563958,-1
104827,2.7465434,3.887983,-1
118123,7.835103,13.890811,-1
94615,2.1815443,9.811505,-1
5875,5.581383,15.321183,-1
129398,-5.8944416,8.572207,-1
200761,6.236366,8.862713,-1
195699,3.3733103,2.2488286,27
182465,1.787447,8.695474,-1
20792,9.604856,0.25748688,70
183904,-4.8133574,3.908806,55
190996,4.6734242,8.398981,-1
201001,5.3791504,7.3698077,-1
50448,2.1630378,16.239927,-1
191361,7.974098,16.689,84
121206,-0.20551164,-4.5091057,-1
191001,5.339888,7.3391585,-1
180488,2.276842,29.057253,89
125801,3.2299116,2.371031,-1
200996,4.671007,8.398578,-1
20621,-1.4556669,2.4871674,-1
172465,1.7800974,8.706048,-1
182644,-1.5311909,-4.688855,58
83425,-1.4180447,7.660675,-1
189273,5.8653417,2.125644,15
180522,5.291902,0.038912162,-1
83391,5.321977,7.3825474,-1
30981,3.2017376,13.77714,-1
66544,-4.1875615,5.0185,-1
151252,1.6053113,12.271891,-1
104406,0.98344547,-10.176993,63
151441,5.20638,8.46554,-1
81128,3.633015,7.782633,-1
172456,3.3348014,8.30876,-1
172470,3.7644958,19.329426,-1
117854,2.4323108,6.4433904,-1
162617,5.089862,18.335049,51
81103,-1.5450035,9.225775,-1
174200,-5.276366,3.4114978,55
151475,18.53684,-4.9169803,88
104212,3.351776,14.185495,-1
180459,0.450824,7.523261,-1
199683,2.7236466,3.6753366,-1
28916,4.085673,6.2334228,-1
145915,17.036407,2.4431977,26
50549,3.2776074,-0.31682572,-1
20571,3.0006287,8.838152,-1
117882,1.7872878,16.111883,-1
20576,6.0244627,16.934462,-1
62913,2.0430267,9.256486,-1
70349,4.0314813,2.587511,-1
104226,0.52456534,6.394893,-1
27838,0.9361421,12.132587,-1
20587,15.733835,19.813036,89
151212,-10.272207,-1.6857132,77
117948,6.268168,4.5789275,-1
83178,-5.9545803,-1.789579,-1
191039,1.1422247,2.8450334,-1
162699,3.2369118,4.758568,-1
50168,6.3271894,4.512771,-1
125719,3.085885,0.0826393,-1
182495,0.16995192,0.62866664,14
205763,-1.3335423,5.9794555,-1
117992,6.424851,4.660872,34
194633,2.838019,-2.5599873,-1
200922,0.21910451,0.5944261,14
96007,1.2734094,9.393229,-1
120411,0.95717514,7.400613,-1
129560,-1.2359459,3.1693838,-1
83193,7.8746476,1.1888864,106
125714,-3.8456995,5.9369345,-1
46759,-4.28576,3.6151314,-1
129553,1.4774816,1.4787474,-1
182470,3.764521,19.329496,-1
170522,5.3000073,0.044466153,-1
146606,3.3667312,5.02724,-1
81398,3.3271124,8.278309,-1
125722,0.47423884,7.6464534,-1
128764,12.4121275,8.947825,-1
29146,0.12907,11.737242,-1
180612,10.445217,3.2020574,44
89821,1.9410062,4.085168,-1
146280,7.270582,4.3892784,-1
146291,4.3527484,6.807591,-1
46638,5.3178024,7.3720207,-1
81271,5.3790956,7.3116026,-1
15023,5.5057535,14.3273115,-1
22370,3.5914383,-0.4921162,-1
34454,-0.21666364,5.379273,-1
195763,-1.3356041,5.9740934,-1
180586,17.600073,-1.4344938,63
13455,6.1346602,27.366844,88
151083,-5.0467706,10.757715,-1
125727,7.6310577,-2.282455,-1
129616,1.5932078,6.5462995,-1
37021,-4.215281,3.142278,-1
63657,12.250537,-8.27662,92
200931,0.27193758,11.514907,-1
30959,-4.6720138,3.5725763,-1
182200,6.006552,20.765478,80
180996,4.673605,8.399671,-1
63261,3.996031,8.214802,-1
70042,3.6355095,1.1644388,-1
200370,8.163062,7.9625683,-1
105606,13.807818,21.675339,102
181822,0.9374241,10.482006,-1
194524,16.785622,-1.7166327,63
170299,3.2028203,1.5996214,-1
170413,-4.1176133,5.0295453,-1
67121,2.6620948,3.9007316,-1
48095,3.8259776,6.3616405,-1
82119,-0.24130781,5.149942,-1
206107,-5.8787045,7.5634327,-1
63499,3.292434,8.30992,-1
70071,-1.4078522,3.2196271,12
82400,-4.3876023,12.717308,-1
105883,-9.360963,-11.608372,89
149292,-1.327777,9.23982,-1
63504,-4.199,12.535845,-1
21445,3.7709377,1.3149097,-1
181511,3.2312806,-0.5101635,-1
72201,12.879559,8.914937,-1
149365,4.127084,5.0513215,-1
13267,6.006763,20.765394,80
5469,3.7646737,19.329895,-1
163079,-10.162563,-8.13685,89
189495,4.415778,6.964654,-1
47891,3.8176136,4.3897157,-1
170282,1.7701161,1.1461987,-1
149587,-5.7269616,8.7747555,-1
5643,-1.5312376,-4.6888533,58
82050,3.4609914,4.5203695,-1
149566,-2.5496662,18.03959,101
82489,5.6709895,2.093936,-1
181396,3.5511942,3.6802444,-1
148481,3.3326786,7.3621507,-1
105512,0.3117877,5.70001,-1
200522,5.3008027,0.04495205,-1
5455,3.340985,8.302388,-1
47995,-2.5431316,11.258819,46
5464,1.7901875,8.708635,-1
173978,12.250591,-8.276586,92
148554,3.636054,-0.49527276,-1
21380,0.84735435,4.8659506,-1
128962,-4.042079,-2.1571481,-1
200090,-10.54879,6.094725,64
181579,9.6046915,0.2579221,70
128924,-5.9303765,8.499101,-1
166099,-15.952959,2.541534,87
21585,-16.261747,14.468461,89
170370,8.16237,7.9638195,-1
206103,-11.761924,-4.7546225,91
70110,18.381956,12.360054,-1
118716,2.0196543,3.7879524,22
200459,0.45061028,7.5219855,-1
82298,-1.1405979,10.152388,-1
166894,-4.475505,3.739106,-1
48261,-1.870386,26.869553,89
63550,-2.5933409,14.417331,-1
48276,7.845359,8.41275,-1
70120,6.5203834,12.219344,-1
14755,3.211194,5.3386607,-1
21557,-7.167826,4.223743,-1
10516,14.205097,9.472276,-1
181616,-14.929649,6.2662344,89
30641,9.672217,23.368021,102
181573,0.8748458,3.932811,-1
5494,0.17794551,0.6173839,14
181572,0.93687385,11.375529,-1
70166,-7.239123,8.181675,6
148799,6.5556736,12.248523,-1
48503,-2.278279,-0.31418833,-1
148818,0.33648464,10.69661,-1
148847,20.757685,-3.8013008,88
118229,-0.41396335,7.6321554,-1
200413,-4.1166635,5.0315022,-1
105638,8.047583,3.1549227,-1
149212,-16.799849,17.56568,89
96076,4.8709526,9.14604,-1
120723,-0.3017635,5.418404,-1
149205,16.487398,4.6989985,80
181556,3.2701306,9.774938,-1
10500,3.0622196,11.520946,-1
125315,2.7027228,5.1724896,-1
48219,3.9826694,7.795677,-1
105639,7.8477116,13.8592825,-1
200488,-13.355386,17.60833,89
181361,7.973972,16.688992,84
170275,-2.582924,16.621223,-1
21762,3.9053116,9.843667,-1
82822,-9.360892,-11.608558,89
147781,9.548849,6.861048,46
63297,2.0529692,9.104603,-1
106357,-1.1982445,11.393753,-1
163215,15.225297,-6.1723113,102
147818,-6.6511636,0.8727089,42
47504,-5.1800523,22.654333,102
81782,1.6643543,2.9155068,-1
195557,-2.7774498,6.16348,-1
72225,5.7040873,10.398161,-1
11629,18.318304,12.450618,100
94577,-6.8580146,10.4441805,95
147870,-11.745554,-4.7711763,91
171937,-2.63636,14.465338,-1
120561,1.6009463,6.567962,-1
14867,1.4873052,2.019057,-1
63330,3.233072,5.2389665,-1
105129,0.45004722,7.6703606,-1
12929,-5.576956,7.1095934,-1
194469,1.0011072,2.4878488,-1
149615,3.7868097,5.271629,-1
191177,9.045701,16.359947,95
29388,-2.0413637,-12.330047,89
181001,5.375728,7.372314,-1
125524,0.30676076,11.662015,-1
49392,-13.355375,17.60827,89
204945,6.401731,4.637546,-1
21088,5.586257,-0.16440535,-1
34300,-2.0185583,9.638817,-1
29040,3.8663247,2.2112215,27
81730,-7.1953998,4.129622,-1
74119,-0.83435196,0.17563683,-1
49349,0.9311728,-4.37574,68
47442,3.6539645,4.7266364,-1
165914,0.809923,12.223293,-1
181039,1.1445383,2.8307388,-1
150077,5.367092,0.017821308,-1
81750,3.0772884,11.563608,4
94503,4.237001,2.205908,27
66374,-3.957415,3.1265886,-1
82699,2.7267802,5.1462536,33
200612,10.4467945,3.1992698,44
115977,-4.870304,3.2791188,-1
200282,1.7702307,1.1616554,-1
116053,6.32987,4.664168,34
14827,3.5326016,7.918624,-1
21286,4.265672,10.532873,51
82540,-9.225244,8.250587,99
13323,2.93905,9.819433,-1
181937,-2.6655734,14.497549,-1
11602,0.08941563,8.6643505,-1
11601,-10.548544,6.094972,64
47842,-3.8099806,5.8441567,-1
72213,2.8682206,5.176894,-1
63432,0.8669523,5.6025357,-1
21771,-0.41515386,12.508198,-1
63439,10.577501,3.0634449,44
148339,6.21797,12.035248,-1
200299,3.1977246,1.5962667,-1
47860,16.997076,2.4831347,26
149617,3.0793557,4.3450565,-1
181340,1.9890153,2.0382812,-1
200275,-2.5829258,16.621222,-1
91393,-1.2160116,1.3688791,8
166133,3.6728177,-0.62524486,18
21884,0.645958,13.820796,-1
170459,0.45249027,7.542775,-1
165970,6.18618,10.96167,1
47656,1.6938155,15.821659,-1
174010,0.31419963,8.322618,-1
105231,2.6787975,3.1918528,-1
148067,6.4915485,14.9064665,-1
181177,9.04594,16.360392,95
69972,1.2775707,6.598091,66
173904,-4.820328,3.9050865,55
92842,5.7084928,2.116469,-1
149799,7.7104855,14.390332,-1
200586,0.9834636,-10.17692,63
124476,2.667742,4.389002,-1
128854,0.5076983,7.3581862,-1
21833,5.3995543,10.008779,-1
47736,6.429159,11.020195,-1
129091,-1.9446589,9.579259,-1
180413,-4.117849,5.0303183,-1
46359,20.77472,9.754512,92
81077,0.75145936,3.1010637,-1
128593,5.4385743,-7.0300627,77
103221,-2.0453837,6.9940033,19
201556,3.27326,9.77644,-1
121572,1.0575293,10.416888,-1
115413,-3.5839663,2.143255,-1
11375,16.998634,2.4822097,26
31283,-7.148508,8.274712,-1
121566,9.046052,1.8094603,85
62488,-4.651547,3.854064,-1
74608,-5.549321,7.404872,-1
11378,7.97594,14.876351,-1
80363,4.824872,5.91741,-1
199273,5.8274837,2.0824077,15
9680,-1.6424477,7.864373,-1
179683,2.7227695,3.6694736,-1
9315,13.770756,-3.5863774,98
62496,-2.7159634,7.7969394,-1
179642,6.6969466,4.4309187,-1
89534,1.037292,8.268551,-1
183570,-1.5693452,2.3676715,31
80288,5.9069815,6.8501525,-1
108271,6.235301,6.51451,-1
143630,-11.3048525,19.718365,89
199199,5.3888493,14.226505,-1
4571,0.95293224,11.370204,-1
19833,-1.0592688,3.196079,12
4572,0.8620471,3.9290216,-1
34784,0.6374115,10.558518,-1
66611,-4.942947,3.1409945,-1
108251,3.7543128,7.199032,-1
143665,5.7536206,11.876896,-1
201573,0.89488316,3.9040525,-1
130306,10.166516,21.448048,98
171822,0.9353804,10.492077,-1
201572,0.9515102,11.372521,-1
65774,3.4353404,3.51857,-1
9290,-1.2832462,4.3953185,7
4578,9.604757,0.25787646,70
37512,5.3496337,7.2644243,-1
143706,7.95117,10.585939,-1
115456,4.676854,6.4893575,-1
143924,2.0433984,-0.54756355,-1
51752,3.7303894,1.0379606,-1
84244,-11.304841,19.718357,89
51908,5.140657,9.524705,-1
115486,1.4119914,7.3930335,-1
108018,3.4727776,0.8668507,-1
45384,2.7957723,5.018388,33
51872,-0.16482106,8.854379,-1
152612,6.0327196,6.851512,-1
107972,-3.647226,6.0610046,-1
162207,-1.2549839,4.4161806,-1
94803,0.7716659,27.323044,74
45432,-4.57329,3.036481,-1
189079,0.3970817,6.6063495,-1
124274,5.9984803,1.9110088,-1
62576,5.091572,18.336548,51
152534,18.536612,-4.917488,88
34725,-11.604102,9.686979,-1
84170,2.4374216,4.9876423,-1
14656,2.1409397,2.0525913,20
121501,-17.53465,11.477685,89
169642,6.700379,4.4323974,-1
96566,-5.8792157,0.36584574,-1
124272,-1.5684978,3.098756,-1
70497,15.733813,19.813065,89
152711,3.8135803,9.240461,-1
130267,0.6872453,3.1014977,-1
19946,2.1253803,11.361892,-1
108110,4.8105936,9.716088,-1
45259,1.6758277,2.71194,-1
183553,-0.6746013,11.989585,-1
31263,3.3842268,-0.27208185,-1
205699,3.3724277,2.2483585,27
4615,-1.8699162,26.87003,89
15247,4.0711546,8.148121,-1
152771,-6.9226336,5.7880974,-1
193570,-1.5691183,2.3679373,31
51974,10.481998,3.1325173,-1
201511,3.232862,-0.5120348,-1
84270,1.49694,6.8189054,-1
130220,-0.32492435,3.0221236,12
144032,-1.9731808,9.574802,-1
15241,1.0625774,10.484292,-1
152720,-16.734367,7.17926,89
130211,2.9718997,-9.599045,84
195498,-1.9098431,6.8240743,-1
71790,-5.605044,8.850669,-1
61229,3.7000616,-0.6321414,18
74718,2.9171073,5.105089,-1
84478,2.412933,9.606669,-1
108511,18.316662,12.000294,100
103048,3.6058035,1.9754117,-1
170761,6.2363143,8.865646,-1
189683,2.717759,3.6740522,-1
190761,6.2392626,8.8611555,-1
194826,12.551214,18.332901,105
74697,0.42904845,3.4287045,-1
93238,4.0569396,8.757339,-1
1114,5.6153092,0.029036926,-1
2078,0.3935458,6.6025124,-1
153195,3.9920852,4.928423,25
143255,0.8310135,10.513357,-1
4510,3.2343638,-0.50878936,-1
72720,-0.9910767,14.923061,73
174469,0.9950718,2.4973216,-1
19725,16.951918,2.5102832,-1
194438,-4.6716123,3.1015935,-1
80044,-1.8297607,9.708795,-1
90123,-1.8306625,9.615366,-1
52294,3.5085135,14.383493,-1
80032,-9.225232,8.250307,99
196031,-0.17656682,10.822461,-1
44783,10.439365,18.990479,82
44794,14.370649,-0.73506755,111
120106,8.105672,10.819547,-1
84551,-3.4481282,-6.1609154,-1
74750,0.23490204,10.369154,-1
165211,0.59323424,3.4749615,-1
84542,-0.30561042,11.11192,-1
124204,4.5184445,2.3999195,-1
19642,7.9560833,10.582938,-1
93254,5.0154176,18.174465,-1
199079,0.4036459,6.60635,-1
1123,-0.46634448,7.034619,-1
153335,16.652899,2.5207376,26
143120,2.7173157,3.8399174,-1
19658,-1.7113615,10.176751,-1
44841,18.022717,-7.349843,74
163487,4.539938,3.0273552,3
23266,2.4583466,10.002798,-1
71667,0.60148835,5.895155,-1
179495,4.412219,6.9652977,-1
199131,8.3046255,10.870864,28
91136,4.0487537,6.195715,-1
34794,0.6187682,9.428466,-1
162107,10.166658,21.448128,98
4555,3.2690017,9.773719,-1
72705,12.721086,6.641456,66
93201,18.39099,17.5856,53
6569,-1.5690395,2.3673866,31
120180,-0.26311976,5.034053,45
166271,5.703873,7.693051,-1
199158,5.8931785,13.936167,-1
31324,4.7325873,10.411095,-1
52325,2.3010602,9.666692,-1
143597,-16.734056,7.179212,89
80227,5.2070575,6.461437,-1
130333,4.567581,10.341398,-1
201579,10.260039,5.502925,70
52296,2.6178074,6.7142715,-1
6552,-0.69544643,11.954574,-1
199169,7.7740974,1.0943694,-1
52401,-0.70109874,3.132431,-1
19776,-4.808013,3.534438,-1
91132,1.7888776,8.719635,-1
174438,-4.6640773,3.1052384,-1
15320,5.2206235,6.642097,-1
52508,23.593933,1.7703477,102
19741,0.20435905,12.944972,-1
37551,-0.4415187,9.663281,-1
204524,16.830452,-2.4247656,63
199138,-5.5828185,6.8871517,-1
169495,4.429733,6.9610105,-1
117617,0.5193498,3.7141933,-1
183727,5.179824,10.753388,-1
52419,3.9968493,9.574081,-1
153085,0.18455209,8.510274,-1
30339,-0.461453,2.5398893,-1
80146,3.2798898,4.555994,-1
201616,-9.797489,22.510475,89
172644,-1.5312122,-4.6892767,58
33210,1.2917438,9.446177,36
15307,-7.1654716,4.338354,-1
179831,15.771429,13.737193,96
116257,2.5313678,9.997561,-1
107197,0.17071615,10.353511,-1
46074,-4.8058333,3.4879386,-1
46081,3.0283337,22.338251,50
201177,9.045773,16.360062,95
74433,-0.04751887,11.965119,106
37212,0.79850376,3.1902404,-1
172200,6.0067854,20.765472,80
83713,1.5317138,16.032637,-1
50981,-6.746465,1.9922185,-1
31063,3.0563517,11.624139,-1
189642,6.6995926,4.4287047,-1
189199,5.3927307,14.224595,-1
50962,3.6832983,7.7583804,-1
180275,-2.5828843,16.621222,-1
180282,1.7727427,1.1358457,-1
91232,2.2558389,2.040239,20
80940,5.2514834,9.541355,-1
145349,0.8597361,6.5706577,-1
121362,7.440223,13.562926,-1
6193,9.757184,-4.6511216,38
46178,-4.1598186,3.440484,-1
170612,10.446935,3.2008169,44
11783,-0.5097235,11.615232,-1
174250,0.2086538,12.151169,-1
165536,2.041146,-0.5450451,-1
37279,5.10721,9.53729,-1
190931,0.2751408,11.505747,-1
191822,0.9339778,10.490218,-1
83825,13.42601,16.716457,-1
117773,-1.4705387,21.366184,60
162387,2.187917,9.774811,70
115604,6.52175,6.807476,-1
13226,-0.431293,11.454778,-1
189158,5.9098525,13.959553,-1
129909,-3.4397442,1.8548266,-1
46022,0.40469986,-13.765191,88
189169,7.774297,1.0942935,-1
34626,8.510936,6.896208,-1
129905,-4.5030127,3.4861252,-1
103889,3.106651,2.6931279,-1
169831,15.771449,13.737432,96
1057,0.28474087,5.0396237,-1
93075,-0.9212551,6.0163393,-1
180299,3.1942005,1.5906694,-1
144287,2.9581184,2.2376425,-1
199642,6.701084,4.413922,-1
169889,5.7830305,9.608883,-1
180370,8.162824,7.9630666,-1
125207,-2.948218,23.99132,74
22565,2.5554903,4.693601,33
194694,-1.6849154,10.9421835,-1
37147,6.383811,4.616033,34
66052,1.8508378,-0.8818625,-1
182876,5.579998,15.318302,-1
172495,0.1789655,0.6174679,14
170586,17.604187,-1.4328959,63
145725,10.191363,10.547159,17
94203,0.30353135,8.746649,-1
81065,15.587161,11.289031,97
163348,4.85975,8.970054,-1
201039,1.144753,2.8418248,-1
69695,1.9958239,1.4809483,-1
30484,8.415325,7.4857187,-1
72519,4.466794,5.405184,-1
20482,-4.421409,12.809664,-1
204704,18.318365,12.001369,100
63694,2.754291,9.663897,-1
151648,-1.1421942,7.5481954,-1
121358,8.418175,7.4864664,-1
120320,-4.160493,3.393751,-1
107369,-4.225776,3.0788558,-1
74421,5.446149,8.3659935,-1
163377,-3.0263035,14.877343,-1
37196,2.6676846,3.124149,9
204694,-1.681747,10.943698,-1
28889,-0.3516045,9.015138,-1
194250,0.20842688,12.168428,-1
107340,-0.373518,10.499629,-1
145464,3.645524,14.1220255,-1
20436,-1.608527,10.971461,-1
80995,-5.2086706,2.96126,55
22604,3.8586245,10.234624,-1
50856,-1.6645287,5.501542,-1
194704,18.318352,12.001549,100
13524,3.086262,6.4094176,-1
4936,-2.6654017,14.497432,-1
62735,7.789534,13.87594,-1
83839,6.171624,27.352097,88
4821,0.92841685,10.48283,-1
91199,2.5855234,1.9326749,20
152284,3.8563266,2.8445606,-1
201396,3.5699365,3.6762915,-1
9367,-3.154176,1.6555144,-1
34696,9.697506,-4.5959187,38
51506,2.2083602,16.264997,-1
45711,-3.995998,10.32165,-1
84032,3.949806,9.601369,-1
51498,10.192382,10.659021,17
80685,-3.8531244,5.5739856,-1
51488,-0.29521695,3.0321598,-1
152256,0.92882264,-4.3716483,-1
72633,6.378712,13.827579,-1
144574,-4.224951,11.237525,-1
96506,4.659259,9.034769,-1
152245,3.9078662,8.637809,-1
103630,3.569703,14.69023,-1
117700,1.2948092,6.589224,66
51441,-0.30265278,11.8674555,-1
80657,-0.13799268,13.904847,-1
103523,-9.360727,-11.608986,89
174294,-5.1477757,13.560805,-1
174348,4.174677,3.3098226,3
27867,-3.1374216,1.6280655,-1
84131,12.22217,9.073612,-1
62606,13.404478,9.449537,-1
163442,7.230297,6.050214,-1
22935,-1.6884875,9.202719,-1
45619,6.3070464,11.054617,1
20102,13.372199,16.67212,-1
22930,0.677255,3.1544259,-1
152371,-0.24978888,-4.554248,112
70470,-4.3702765,3.5180047,-1
193553,-0.6764394,11.97947,-1
126060,2.8367677,4.7615166,-1
169683,2.7252934,3.694744,-1
130104,3.2133644,13.238004,-1
179889,5.8025393,9.603117,-1
107788,-0.55926555,11.9408245,-1
144407,17.858622,8.22195,77
174355,-3.8871183,1.9910222,30
166232,-1.2344482,4.466501,7
22862,-1.4341013,5.370892,-1
62670,3.0773032,6.139736,-1
199495,4.4289746,6.9609127,-1
118317,2.865379,-0.5120099,-1
30437,4.1133604,11.669301,-1
45877,0.51567525,11.447328,-1
144846,3.3846,2.3457215,27
83886,3.0980544,16.480118,-1
103769,1.5860484,10.438471,71
65946,1.4700888,1.8721452,-1
70447,4.736794,1.8129734,27
180090,-10.54721,6.0952907,64
190922,0.21892565,0.594434,14
80823,-4.292814,15.33341,75
45906,-16.734259,7.17947,89
20292,-3.3214936,1.9184124,-1
107547,0.2901703,6.969849,-1
144943,5.4449906,7.351333,-1
103824,-1.9064069,5.343643,10
144946,-6.7686434,10.348886,-1
80836,5.890202,2.4197018,-1
93128,0.42532542,10.779418,-1
189138,-5.58375,6.887855,-1
165480,-0.6222724,11.173925,-1
62677,-4.3100047,4.0690875,-1
120262,0.67477715,12.430323,-1
204633,2.83801,-2.5607624,-1
201361,7.974501,16.68964,84
144704,-7.308417,8.203127,6
62689,-4.0201426,-11.3986025,89
115572,6.1860175,10.7713585,-1
162317,0.6954504,3.3228407,-1
107623,-7.15915,8.290257,-1
83939,2.9327812,2.2303824,-1
80772,-1.5523639,9.74359,-1
201340,2.0181522,2.033291,-1
189131,8.30624,10.868094,28
74463,1.9050292,2.1250734,-1
28864,-4.078077,5.7481575,-1
45818,7.723845,24.30406,102
62713,-0.5155199,11.683531,-1
183194,9.755584,-4.64896,38
139070,-9.360708,-11.609071,89
67122,0.22925715,0.6073048,14
137874,-0.42314056,11.4874325,-1
2888,5.7829213,9.607952,-1
76852,7.7238526,24.304253,102
171572,0.9272131,11.375751,-1
76326,0.12661818,10.276351,-1
3274,-2.58293,16.62126,-1
12698,10.2476425,10.305147,17
171177,9.04598,16.36023,95
39759,6.3003955,11.076654,1
40813,9.756644,-4.649936,38
112534,-1.5312755,-4.689236,58
202876,5.579722,15.316977,-1
111211,-5.6377087,25.451056,89
160782,3.316587,14.119129,48
16661,2.295727,9.564534,-1
138453,-13.064458,0.1437311,41
92303,-7.082161,3.628334,-1
119116,5.594332,7.927885,-1
186107,-5.8789215,7.565941,-1
127438,4.326689,10.178977,-1
191579,9.604818,0.2578111,70
90749,-0.9116531,8.169902,-1
91612,3.6934376,7.878093,-1
156858,3.4586112,9.5441265,-1
32590,-3.9090059,5.6196046,-1
58847,-0.17451568,5.54164,-1
164290,-1.6675432,15.477867,-1
138563,9.750377,10.693921,-1
206079,-9.940967,0.75961435,-1
60362,6.188702,4.4895916,-1
57330,10.212118,10.6465025,17
157527,1.8410612,15.795514,-1
61102,6.2596254,11.323106,1
138561,2.1414404,1.5902973,-1
118628,-0.26335242,12.450518,-1
3521,5.302679,0.04468924,-1
86867,-1.1574302,11.19432,-1
68171,-4.7506413,2.781454,-1
17711,2.0716312,3.4348252,-1
57320,10.961268,26.26175,102
68227,-0.25582418,9.997244,-1
35966,6.3072705,6.5661564,-1
14139,10.518029,3.0924797,44
1374,-1.5638427,3.0995007,12
138400,-1.547937,10.371121,-1
114244,-3.4020944,-3.6662965,108
41252,3.7044275,5.256744,-1
159338,9.045872,16.360086,95
77713,-0.085623845,13.912489,-1
186291,-1.2830963,4.395088,7
113929,3.4880924,8.056759,-1
113202,-1.1193875,5.8964953,-1
66870,-2.5498695,18.039822,101
76373,-9.912367,16.111898,-1
168578,3.204057,13.718726,-1
190282,1.7717996,1.1610535,-1
205326,3.3680182,14.145536,-1
132106,12.080731,-0.6806019,-1
203727,5.178052,10.761085,-1
76389,0.37906784,8.461597,-1
157543,11.047245,12.893766,-1
160599,1.0771117,6.5954857,-1
14425,-5.7956796,7.4686584,-1
186103,-11.745868,-4.7708664,91
11074,3.7293139,1.2377037,13
60224,-6.0649724,8.552701,-1
58199,0.5838378,8.554347,77
168124,-0.46773723,7.0409374,-1
41084,-0.40532643,11.102459,-1
137903,6.7140884,-10.401439,74
137905,1.9422596,12.6341505,103
25764,13.994205,9.405825,32
59290,-1.170066,11.387758,-1
71158,-6.8854394,5.1752806,-1
3281,1.7724667,1.15837,-1
157245,-6.8612,10.449317,95
24962,0.81837726,3.9142504,-1
97861,2.8034894,-0.6945622,-1
39792,-1.0406103,7.4878817,-1
160844,-13.35537,17.608234,89
28433,12.417349,8.999638,-1
36157,1.0220591,10.459671,-1
3412,-4.119455,5.0257387,-1
99528,5.570443,10.109022,49
73325,-1.5583508,5.7905045,-1
29763,15.9751005,-9.076811,74
88176,3.2938673,4.3541746,-1
10648,2.0834398,-0.51790947,-1
128024,-4.944322,3.870518,-1
58131,3.6265442,9.592166,-1
57381,2.0985563,9.751385,70
58133,4.3607078,1.8138397,27
41487,2.1186156,-0.54992217,-1
41949,-6.6926374,-7.2512894,89
159494,-13.704617,-2.9899132,111
28356,1.6571752,16.376219,35
127897,1.9755174,12.614055,103
33639,-2.27276,-0.29388636,-1
29768,5.699611,2.3161275,-1
128144,-4.7226605,9.231699,-1
119445,17.598423,-1.4346546,63
171573,0.86750317,3.9329395,-1
39686,-4.5019746,3.8110304,-1
168608,-17.534714,11.477378,89
167981,-3.2396576,2.1719232,-1
191556,3.263464,9.772724,-1
93582,3.0617201,9.798263,-1
3089,18.40694,5.1157,64
111561,-3.2881944,1.9110016,-1
57407,0.74340785,3.0544038,-1
171361,7.9740763,16.689352,84
58105,-1.4705243,21.36631,60
193978,19.603811,1.3554232,92
118535,2.2784307,29.056728,89
157300,6.292139,8.055703,-1
111683,-8.0544195,17.70027,107
190370,8.163267,7.9632974,-1
1607,-14.929652,6.266233,89
112804,3.9373965,8.305846,-1
136976,-4.2104874,3.107891,-1
35528,3.4013011,9.550131,-1
7703,18.318336,12.001749,100
68387,18.527056,-4.917265,88
28153,4.677847,-13.773429,61
114351,0.7557487,3.0353148,-1
128242,4.244498,2.2157679,27
188322,-0.51711506,15.217305,10
59350,2.2153325,6.279337,-1
99503,-1.7326905,9.29937,-1
123219,0.20868759,5.7067847,-1
114341,2.8957732,-0.36461288,-1
111190,-1.9511433,9.637861,-1
138578,12.551869,18.332043,105
40495,4.949868,9.247307,-1
135830,-16.261585,14.46824,89
127290,-4.174731,12.493617,-1
160760,-11.604244,9.686973,-1
90387,3.0283186,22.33826,50
100304,20.037851,1.4203736,92
135821,6.2012825,4.9479246,-1
134311,-0.33966243,10.593176,-1
206316,10.166623,21.447931,98
133219,0.2518956,10.977678,-1
92019,4.02423,8.159423,-1
40070,1.2364423,5.768979,-1
136993,11.419977,5.209704,70
14058,-1.5957055,11.512339,-1
163977,5.004049,3.4922442,-1
88599,3.1426873,11.569301,-1
40082,7.667897,7.175172,-1
137003,-1.6176215,16.597137,59
119684,-1.2863777,4.3529105,-1
160877,-1.8211247,5.377224,10
64160,3.5128891,-0.50826615,-1
160685,20.356943,14.451137,88
58156,-9.360689,-11.611128,89
160090,6.470724,7.832315,-1
113316,-7.3489523,3.963569,-1
91877,2.5122519,3.8840616,-1
98906,4.0795407,2.3136246,27
113718,7.0669937,14.907739,-1
59239,6.3869643,13.823436,-1
2641,6.675714,4.4481945,-1
99982,3.101281,4.1469398,-1
176368,-3.165384,1.6182246,-1
17079,-2.4293592,-1.2913749,-1
76506,-1.4704477,21.366482,60
76631,4.7836437,10.020117,-1
88847,-7.11255,5.2611465,-1
123200,1.804487,16.13694,-1
204104,6.3978353,6.5090733,-1
137287,14.358688,4.6429415,86
41805,-2.0330448,9.718063,39
1577,3.20315,13.715734,-1
157142,-2.064474,8.88117,-1
638,7.2675557,7.6354127,-1
124767,3.3905525,4.455678,-1
57189,-7.174752,4.337696,-1
128220,1.5272183,9.801434,-1
75896,0.4046954,-13.765216,88
73603,10.163675,10.70299,-1
204010,0.31633067,8.328745,-1
26521,-9.797316,22.510286,89
10863,6.368093,6.53756,-1
98804,3.3168702,9.637582,-1
39993,-5.7445073,8.759191,-1
119635,-3.4481244,-6.160929,-1
35649,18.406666,5.1155596,64
100081,0.23423468,0.6129608,14
159212,3.31353,4.3332148,-1
194010,0.3101764,8.324502,-1
137253,-3.5833545,1.7090281,-1
7944,6.4146647,4.6486454,-1
133111,-1.2757517,4.3810315,-1
76502,6.162891,12.225815,-1
88577,4.569995,7.2824054,43
164326,0.07995928,7.32295,-1
60540,2.6586235,3.1184413,9
206229,2.23484,-0.7173061,-1
26430,3.9643052,4.8172793,-1
166824,3.2921822,9.687389,-1
3458,0.4538997,7.5354037,-1
166659,-7.184033,4.425205,-1
88843,2.006394,8.917217,-1
11009,-1.8719273,26.867174,89
192456,3.3398037,8.308833,-1
137327,6.2626143,12.014934,-1
157193,10.989514,24.049526,102
157183,2.3656135,1.7442853,-1
112486,1.7138027,8.775156,-1
39139,-2.2915072,-0.16453049,-1
12721,-9.797137,22.51012,89
137314,-0.134214,12.0706,-1
88563,1.7946436,2.4333658,-1
191616,-6.9848237,-9.0546255,89
58337,-1.6492709,12.320022,-1
157174,-3.8077924,5.5610757,-1
171340,2.0013382,2.045041,-1
88014,4.5918446,7.26704,43
186316,13.770926,-3.5866284,98
73436,-4.1383247,5.9136367,29
137298,5.982937,7.7095423,-1
133062,1.5190089,6.9610467,66
111735,-4.005672,3.4042842,-1
97792,-1.7164803,5.495737,-1
64379,3.9962316,5.185794,-1
88738,-5.755076,8.758745,-1
133083,8.29494,10.869227,-1
14440,-1.4704568,21.366636,60
188263,3.1002884,0.07124986,-1
176103,-11.731894,-4.7854066,91
176107,-5.8741894,7.5602994,-1
197588,5.0579023,10.62983,-1
123633,3.7758145,-0.54404765,-1
157153,-1.7197169,5.3405457,10
90432,2.746515,5.9727554,-1
175557,-2.7776372,6.165278,-1
76572,-3.53727,1.467848,-1
186079,-9.940963,0.75954276,-1
111466,0.67214984,14.065743,-1
39912,13.727573,13.911244,111
196681,-1.6431196,7.8635054,-1
112369,4.7657704,9.33411,-1
11076,7.9008627,10.529094,28
38731,5.1778812,7.3513846,-1
188124,-0.46593955,7.0409274,-1
58226,-1.9044659,9.591392,-1
132393,0.70322806,4.939944,-1
3298,3.1945899,1.5863371,-1
86701,0.26408926,3.6014075,-1
119350,1.4235034,2.7047281,-1
3487,16.898232,15.214838,89
10955,18.158503,6.7851315,80
38999,7.2467937,13.777803,-1
176162,-0.9068448,12.396664,-1
39864,6.7141237,-10.40137,74
194348,4.181296,3.3103056,3
164450,-3.966408,5.67948,-1
168058,0.29698935,5.026495,-1
192470,3.7645855,19.329815,-1
164451,7.7427397,7.0606494,-1
29825,2.4922276,6.560673,-1
160122,10.961009,26.26193,102
137378,1.9550982,1.4925605,20
123848,-1.2179319,4.4298944,-1
114227,0.35748765,9.477928,-1
176031,-0.21004751,10.800389,-1
100193,-3.9907959,3.0827637,-1
39840,-4.2928414,15.333419,75
41115,18.31834,12.450222,100
67843,4.0747657,1.8356587,27
36010,6.7041473,15.610815,-1
160834,2.1792612,2.5039222,-1
133187,3.7567406,10.2359705,-1
39845,-6.174184,12.651554,67
160600,-0.36816865,12.315221,-1
39851,-4.1857467,5.9107676,29
35681,6.401773,10.580041,-1
159290,-5.8812666,0.36248094,45
166596,0.7872962,9.405926,-1
122877,23.593904,1.7702615,102
98354,6.220478,15.016865,-1
8325,3.3331687,14.161846,-1
112526,5.196245,7.3643203,-1
192465,1.8055884,8.68461,-1
67899,0.055715512,4.790354,-1
173570,-1.5692524,2.3671007,31
116489,4.0030794,8.662957,-1
36003,-0.32430324,11.250204,-1
176079,-9.941154,0.7595611,-1
32174,0.34852108,8.988549,-1
73191,1.3700722,9.165394,-1
2830,15.771317,13.737279,96
192200,6.0065765,20.765545,80
56545,0.27002147,10.745209,-1
168263,3.1059234,0.06801799,-1
26007,4.3761115,-7.193252,77
138209,9.792935,-4.686264,38
186031,-0.18263133,10.8212185,-1
7825,12.551429,18.33241,105
100087,-1.262505,4.417876,7
186368,-3.154461,1.6581784,-1
111319,1.0029912,14.448793,64
41738,3.1701505,4.272202,-1
90583,2.7576063,5.1669836,-1
17036,5.3167777,6.537218,-1
25019,3.058395,-0.7857195,-1
41139,5.2162404,7.320059,-1
135726,4.363277,1.8057559,27
38729,2.1779764,9.730814,-1
167588,5.0579686,10.629895,-1
168115,5.6183515,0.029600952,-1
127729,1.4486247,1.4906036,-1
194104,6.3903427,6.5164447,-1
111753,4.4745703,9.871484,-1
187981,-3.2385375,2.1663609,-1
190275,-2.582901,16.621313,-1
191572,0.9476595,11.376806,-1
113086,3.313215,7.2038345,21
93554,6.5683317,13.898552,-1
16831,12.721194,6.6414247,66
136952,1.9328086,2.321921,-1
171556,3.2837987,9.774207,-1
133001,5.4258513,-0.019967597,24
168322,-0.51678234,15.217481,10
26290,1.9931475,9.026035,-1
171579,9.604927,0.25776845,70
158175,3.5804906,3.89034,33
204200,-5.2837954,3.4116037,55
77305,6.301104,4.4910173,-1
40722,1.0349419,10.466421,-1
57586,-3.8619645,3.0858932,-1
73533,6.2466893,4.5623784,-1
93517,0.22820252,10.380792,82
12405,1.1840209,10.736064,-1
87282,0.7432977,3.1003218,-1
68269,-0.5312851,11.424429,-1
71126,2.7600088,5.9787903,-1
119240,5.0065064,5.7310195,-1
64262,2.2546213,-0.45215058,-1
133683,21.50531,3.7851856,61
138898,0.4335069,7.11176,-1
197639,7.2687817,7.63562,-1
167639,7.2630773,7.644791,-1
3369,8.163409,7.963104,-1
90268,0.6281735,6.9480886,-1
112034,-4.6496067,10.820312,-1
176316,10.546537,21.505447,98
156587,1.7932141,1.4060204,20
127149,6.0398765,-2.5664806,-1
67920,-9.223738,8.251092,99
195326,3.339878,14.156623,-1
8556,-2.7756925,6.1650305,-1
136365,-0.99956113,6.272465,-1
77607,3.6445794,13.555943,-1
77203,2.0941913,-0.60855335,-1
91969,5.259264,9.501295,-1
136661,-1.6471384,5.508445,-1
190299,3.1920319,1.5925102,-1
58659,2.2150254,10.08203,-1
117052,12.327896,9.023752,-1
119506,1.4358848,1.6206008,20
40227,7.938195,10.492254,-1
160029,10.578432,3.0624142,44
98537,6.3597455,4.535271,-1
206368,-3.1527185,1.6556894,-1
186229,2.2417188,-0.7214448,-1
133814,16.980444,2.491582,-1
100459,-1.2951896,2.673997,-1
56074,-5.3855166,10.49723,-1
67789,1.8569427,16.17142,-1
135124,1.6070486,2.9556186,-1
111061,1.6601349,2.7550862,-1
113961,5.1728992,22.926764,40
76149,6.6745496,4.765709,-1
36108,5.5376678,6.9078417,-1
135117,1.0931451,11.825801,-1
76157,6.0798755,4.5745296,-1
197489,-7.310582,8.205066,6
204087,0.5513695,5.2563744,-1
135108,0.4749853,11.321703,-1
73519,4.999885,3.4916596,-1
191511,3.2449937,-0.5257434,-1
88277,-0.9505691,6.0619597,-1
99079,-3.3105266,1.4372518,-1
186681,-1.6410433,7.863218,-1
8698,3.3717587,2.2465165,27
8762,-1.3655363,5.963428,-1
116664,0.9310952,-4.375098,68
26802,-5.8554454,7.2756515,-1
203570,-1.5691862,2.367153,31
39012,2.150561,4.3437276,-1
158235,4.9918933,5.7111254,-1
36076,17.614178,-2.2000506,63
187588,5.058283,10.634677,-1
163771,-0.770244,12.456522,78
133792,8.565329,2.670877,-1
57545,0.2053079,12.942863,-1
41326,2.9059932,4.7181745,-1
175763,-1.3478663,5.955956,-1
78092,-4.050317,5.818302,-1
127320,3.9582384,9.481652,-1
71412,-4.4631553,3.645454,56
160722,0.84673476,3.8320017,-1
88534,0.5238408,11.854746,99
40779,1.0615278,10.440294,-1
86447,5.067524,9.603259,-1
164366,2.1690595,5.6901536,-1
7632,2.8380582,-2.5608437,-1
78112,2.5964057,4.768319,-1
191573,0.86538017,3.8824666,-1
131884,18.406857,5.115731,64
133515,5.8204308,7.309769,-1
587,5.0585213,10.629989,-1
32319,11.419915,5.2097573,70
137611,-0.3530046,16.333975,-1
176291,-1.2821434,4.392708,7
75761,-4.1715026,5.991345,-1
173553,-0.65703166,11.980961,-1
40837,2.8131135,3.7210708,-1
168375,-1.5660204,3.0999792,12
56954,17.172972,-1.8253405,63
11049,4.1070533,5.089272,-1
90778,3.0727909,5.95349,-1
127572,5.315597,5.969581,-1
73562,-1.884743,9.991126,-1
119415,-6.768833,10.348925,-1
188058,0.29113236,5.0274167,-1
38655,6.542894,4.78006,-1
39293,-2.6542258,14.512007,-1
98578,0.51622677,7.1569424,-1
75436,-10.27221,-1.6857246,77
42183,-3.5874767,2.1540344,-1
75758,4.0194097,1.9183571,-1
135325,1.132788,8.22081,-1
175498,-1.9193605,6.8240643,-1
71974,-0.13325644,3.7902346,85
128109,-5.8810167,0.36256492,45
176681,-1.6427623,7.862759,-1
35937,-0.038083926,10.533313,-1
187910,5.574248,15.341053,-1
3611,10.578355,3.0624623,44
113969,2.5051079,4.595949,-1
58608,4.650862,9.561176,-1
177588,5.058488,10.630863,-1
190090,18.405828,5.1138363,64
76068,-2.6536317,14.523589,-1
76073,1.3527209,9.46818,-1
59875,18.406734,5.1158085,64
42149,1.8123987,1.9426178,20
58631,0.4815766,6.929064,68
75999,9.882385,4.0541444,57
185699,3.3482568,2.2155282,27
113973,6.02447,16.934593,-1
58634,-1.9729829,5.2596226,10
175326,3.3802094,14.194147,-1
187639,7.2639995,7.6365433,-1
188375,-1.5690835,3.0980785,12
167910,5.570649,15.3422,-1
197981,-3.243592,2.1716902,-1
160724,-8.911971,-5.9015064,110
135189,1.633837,2.7631907,-1
56976,10.989776,24.049236,102
88656,4.1045713,4.715793,-1
39347,5.0472,10.62917,-1
86453,4.240207,5.0468836,-1
40856,0.75465447,4.955591,-1
133532,7.475481,10.535705,-1
76042,3.5837445,7.950024,-1
77281,2.0413768,10.23271,-1
91911,6.3104577,4.4793553,34
189831,15.771243,13.737261,96
123069,-17.53443,11.477638,89
175699,3.3711882,2.243386,27
76064,10.260242,5.50285,70
2682,2.7568884,3.6507576,-1
59891,2.3724778,6.344677,-1
171511,3.2424982,-0.54890996,-1
2494,4.4241943,6.96163,-1
59885,10.216395,10.644568,17
136243,-4.9705462,3.3554022,55
25440,5.887924,8.876042,-1
159736,8.381659,7.4736204,-1
15886,11.33759,-0.7175482,37
60623,7.9242954,10.538957,-1
186162,-0.91299677,12.3983755,-1
157486,12.721312,6.641349,66
10642,11.865707,2.5624263,-1
164395,6.1504626,-2.883255,-1
87564,2.055294,3.2568789,-1
124724,5.6643214,-0.47725406,-1
86915,14.547841,-1.1048918,111
87925,18.406483,5.1156764,64
8497,-1.9188969,6.8245215,-1
203978,20.774687,9.754457,92
194355,-3.871877,1.9887089,30
203904,-4.817428,3.9141304,55
135011,15.340426,-8.823078,74
58038,8.185521,7.8485494,-1
40969,8.030106,-3.2926352,84
39247,3.32215,8.321297,-1
171396,3.564001,3.6357396,-1
127509,-4.289794,3.71079,-1
92310,2.0486271,-0.5198906,11
203194,9.756947,-4.650226,38
197910,5.570768,15.342445,-1
157482,10.537652,21.503319,98
137531,-2.4504476,15.781716,-1
87233,6.272933,12.01131,-1
176229,2.2618077,-0.7496579,-1
39007,6.3308883,11.027686,-1
116591,3.8454497,2.8152401,-1
164360,1.2428491,6.722301,-1
29323,2.555039,4.97282,33
163751,-3.749082,3.0584111,54
26456,-1.4811428,11.459742,-1
26371,-3.5629022,1.9947915,30
71290,3.6589465,-0.63019204,18
134076,-9.79699,22.509975,89
111900,21.505089,3.785398,61
187489,-7.2966604,8.209284,6
38765,1.9690374,10.513201,-1
17190,-1.6498626,15.469803,-1
35612,1.3933816,10.92252,-1
88199,10.101963,10.432459,-1
203553,-0.67625064,11.979179,-1
158398,6.2606177,4.4560275,-1
98696,6.3176565,4.4910865,-1
26164,-5.6377535,25.451101,89
137810,5.6677437,1.9111295,-1
7693,-1.6839875,10.936595,-1
157847,3.741991,1.0862373,13
194087,0.5536788,5.2548656,-1
123478,-9.353146,-11.628717,89
99778,6.2987804,14.278843,-1
13025,2.9467714,7.5682,-1
113394,10.20509,1.4623246,-1
171616,-1.8704959,26.869213,89
73692,7.9457774,1.260155,106
188115,5.6526136,0.061967585,-1
24886,6.2080264,10.969133,-1
173194,9.683511,-4.5820227,38
86508,0.21514781,0.5918204,14
127175,22.361904,7.5499535,74
60391,12.356513,-11.261782,88
124662,1.3522062,9.455655,36
92147,6.1483808,6.370018,-1
40564,5.7376714,14.285482,-1
156761,3.6612675,-0.63175225,18
206291,-1.2816614,4.3951635,7
488,-7.300733,8.203932,6
17193,2.5349598,3.783979,-1
58444,1.5395371,6.9367113,66
97556,6.353811,7.067348,-1
177489,-7.312051,8.189032,6
98188,0.21047708,8.620542,-1
136136,5.3555136,5.980513,-1
185763,-1.3357818,5.970145,-1
99784,-0.042923555,12.228034,106
26212,10.8393135,-0.25765178,-1
93900,0.19566065,13.01583,-1
160259,1.8495011,16.140923,35
76198,-7.986026,17.842455,-1
93636,0.2314202,9.310587,-1
12595,-5.730318,8.772539,-1
93518,-1.197482,4.38099,-1
77365,6.1654015,8.070021,-1
57953,-7.1956573,3.7961297,-1
35501,-4.5009465,12.8882675,-1
98536,1.864294,7.0660667,-1
87549,-5.082969,10.658584,-1
193904,-4.8211813,3.9197667,55
26362,4.478616,5.1035366,25
135090,18.658821,20.230005,88
3585,0.9837377,-10.176667,63
77177,-1.3452889,9.2395735,-1
32345,5.172834,22.926025,40
93874,18.318003,12.002042,100
57913,-5.401212,6.9011674,-1
39490,1.0780656,6.709892,-1
93695,-3.448129,-6.1609592,-1
64584,3.5506575,2.3303783,-1
86484,3.2438765,13.862301,48
206031,-0.19216865,10.8215065,-1
133327,3.6063042,1.2772728,-1
136809,6.962178,19.401499,73
123339,3.2925532,-0.09490431,-1
93960,-2.7201035,7.7991076,-1
38443,6.1799345,4.4202952,-1
77174,0.27129477,10.681641,-1
192495,0.1807981,0.6164687,14
112607,3.3766594,-0.20429103,-1
160928,16.830042,2.5188339,26
98700,-1.8215665,9.6513815,-1
115613,-4.406092,3.7644553,-1
186981,7.9467497,1.2627937,-1
165482,9.604169,0.25727904,70
26486,13.413488,-0.08431022,-1
34631,9.882368,4.054061,57
199567,3.4370604,5.6936946,-1
128710,-6.2355814,12.705834,67
6249,5.6240687,6.195507,-1
94774,4.827645,9.709914,-1
119166,-1.9724042,6.5751977,-1
180103,6.436485,0.7760927,-1
83800,6.714113,-10.401341,74
58437,4.1673017,5.255531,-1
169832,0.1664468,11.133225,-1
70445,4.0048146,5.279324,-1
171586,4.979414,-0.15012895,-1
20336,-0.13199423,3.7893734,85
12664,2.99907,9.668047,-1
132822,0.23957184,10.305166,82
96385,-2.0450351,6.6855063,-1
190103,6.436985,0.77559525,-1
158798,2.9562905,9.861927,-1
27453,0.41850397,5.5500827,-1
11817,4.250954,1.9361011,27
144945,10.546012,21.505346,98
17052,4.718285,5.8650937,-1
6270,-16.261486,14.468165,89
201301,4.7313724,10.875957,49
179984,4.456422,12.935541,-1
144938,0.40465027,-13.765268,88
113901,6.4418864,4.6775274,-1
180083,10.507333,10.888232,-1
75821,14.277451,9.404995,32
160305,4.165683,2.2835543,-1
144835,-0.3310592,17.86747,107
107401,-1.822343,5.562774,-1
1063,7.3784127,10.446199,-1
203578,1.6010946,1.3913655,-1
62724,-1.0016946,9.530632,-1
31124,20.774727,9.754498,92
64441,0.061343536,4.9212084,-1
135579,-0.69478905,10.773996,-1
190083,10.509436,10.88987,-1
158685,15.983222,-9.116651,74
37208,-0.28066462,10.571357,-1
151750,4.3904185,10.0013275,-1
144944,16.898615,15.215119,89
124303,3.3724828,-0.28348017,-1
117768,0.0084213,5.015887,-1
162431,-0.91198546,12.395664,-1
83814,4.022926,1.8804995,27
69582,-0.7908092,7.8597336,-1
72604,-1.385362,5.3610024,-1
50992,1.4955239,8.094236,-1
20275,13.631537,-5.5865297,63
193521,4.998295,9.179152,-1
4772,0.4046081,-13.765308,88
58453,3.2088237,-0.00023737451,-1
186973,6.7677746,4.3913407,-1
195871,4.9756446,6.5613775,-1
25765,-18.514162,9.491831,89
45806,5.2296224,6.5702567,-1
132907,-5.5149374,7.1381497,-1
93119,12.356556,-11.26181,88
158718,2.8013697,2.118188,-1
32438,1.334656,1.9897063,-1
162409,-4.714488,3.9093187,-1
205724,-16.799835,17.565672,89
189150,12.690891,1.8471351,88
95452,15.6125555,6.3255134,52
145137,8.536913,-1.5579605,21
112643,0.55670553,9.374552,-1
2566,3.4331143,5.683962,-1
35913,-0.9670466,11.237305,-1
174254,-0.9081815,6.187202,-1
174296,-3.3014498,12.490724,-1
46049,-0.07261558,13.939077,-1
22837,3.4922347,8.25445,-1
68170,-13.631944,15.597943,90
125959,3.8985512,5.5627356,-1
2950,7.7937737,13.860951,-1
112530,-7.096067,3.9025893,-1
46143,3.0585723,11.640666,-1
186995,4.364753,12.033887,-1
132870,6.69744,-3.7771866,-1
98687,9.604295,0.25729832,70
15160,14.333039,9.5712385,-1
107479,8.535829,-5.9265933,-1
183146,-2.1304593,7.068255,-1
65994,15.199523,13.782378,96
125950,0.40457588,-13.765387,88
2983,4.456379,12.934686,-1
51320,6.2368307,15.01437,-1
80786,8.110963,8.043273,-1
203567,0.8090972,12.253079,-1
65923,3.0768409,1.0532757,5
203564,3.0074522,9.8487,-1
162457,9.99191,10.70462,17
38993,4.7881117,10.479384,-1
152415,10.260827,5.502343,70
107634,-4.9006457,-0.75519776,104
4597,-6.746359,1.9922383,-1
121593,2.351701,4.8787403,-1
115387,4.134243,5.114553,-1
169567,3.4378474,5.690445,-1
186718,4.006432,5.664006,-1
45196,3.2924016,1.9560587,27
160419,-3.7723787,3.9476864,-1
119162,3.644352,-0.5221104,-1
195961,12.070308,9.136394,-1
13631,1.8369799,3.1200356,-1
152838,-1.41002,5.265196,-1
87562,13.805253,21.6759,102
29498,-1.2804077,1.3227961,-1
38878,3.3554752,-0.21643549,-1
121597,0.9838718,-10.176566,63
108219,-8.180796,18.108744,107
4585,4.9445996,-0.16838866,-1
6520,4.96443,9.183004,-1
176576,-6.9848685,-9.054586,89
92149,8.835623,-12.209795,89
199225,0.8063087,14.729821,-1
124730,2.0467606,-0.53600603,11
143705,7.915268,10.51295,28
92621,3.8986182,8.14821,-1
166745,-3.8778284,3.993263,-1
173800,-4.1978946,-5.358522,91
62443,4.0515385,7.898291,-1
19844,-3.9769907,3.4409995,-1
136264,4.0726924,2.2842758,27
11903,3.0580275,11.609019,-1
158338,6.697521,-3.7774208,-1
199260,-7.564463,10.808409,-1
163997,2.5610037,1.9764946,-1
70495,2.7299,3.6331477,-1
158395,7.6291103,14.7331915,-1
193578,1.6007094,1.3907704,-1
126154,1.8424245,2.3818407,-1
132621,0.603708,5.795701,-1
38890,2.820828,4.1683087,-1
62506,-1.6155219,10.979887,-1
132612,-0.52800965,10.884748,-1
135957,-15.95338,2.5412643,87
45261,3.4610937,8.065388,-1
87576,0.27868974,11.127095,-1
179709,2.5163348,17.483091,-1
89572,10.663156,16.175785,-1
127658,-3.5249655,2.1555548,-1
183564,3.02386,9.854362,-1
183567,0.80981004,12.25362,-1
132620,1.5785248,7.7201877,-1
37470,8.244906,22.40608,63
17197,6.1842647,4.538591,-1
204588,-16.261415,14.467777,89
183578,1.6004204,1.3901747,-1
152820,3.7104223,8.2215,-1
179680,-2.177141,9.420219,39
40584,3.4950962,8.049391,-1
45226,-4.4592953,3.6308677,-1
103247,5.4651227,-7.0559583,77
152834,3.8972192,5.4039354,-1
108154,4.6828027,2.230407,27
52106,7.841653,14.420514,-1
3102,6.4376144,0.7748963,-1
89531,3.6531353,1.5316905,-1
60642,-0.17799103,11.331977,-1
15309,-7.521327,2.7144485,74
92604,-0.0017528736,9.158039,-1
57741,2.4443388,2.7744474,-1
99232,3.3371923,4.345282,-1
99219,10.193842,10.65019,-1
108424,5.7692842,2.1348982,-1
190785,6.0750637,2.1979399,-1
201598,-6.746461,1.9922557,-1
158257,18.318592,12.471242,100
99203,-1.4704309,21.366817,60
123071,5.8930025,7.3251214,-1
57773,-4.890562,3.450036,-1
94862,6.8045115,7.4317284,-1
1105,0.6778638,3.7626455,-1
116943,-4.3919187,3.5667887,56
103118,-9.227824,8.247911,99
74659,-0.025412824,11.979354,-1
112115,3.2623365,13.911201,-1
132565,10.960257,26.262144,102
84429,6.2175384,14.452009,-1
204530,3.054226,3.6218107,-1
1109,16.898642,15.215126,89
94864,-6.9835,5.7017803,-1
17291,-2.5352192,-1.4570336,62
44972,-0.14376433,9.638329,-1
96688,12.483695,8.9948435,32
120145,6.0539684,7.422031,-1
32299,2.043857,3.4281769,22
11048,12.551557,18.332346,105
92578,4.728687,7.755783,-1
203271,-10.162495,-8.136885,89
201652,10.433194,18.983572,82
11041,-1.5580477,5.681053,-1
136384,-15.356303,10.273054,89
34792,-3.9038765,2.231359,-1
99187,-5.853761,7.264933,-1
40663,0.45091826,7.5351915,-1
60643,1.8546649,15.75938,-1
170728,3.423008,1.5980384,-1
25564,1.3692921,10.923236,-1
128589,-2.7273138,7.7949,-1
45083,17.61412,-2.1998882,63
189832,0.16954051,11.140131,-1
63789,3.6732423,14.381486,48
179567,3.437848,5.6964784,-1
206449,7.676492,15.549968,-1
19809,-3.5713756,1.4908091,-1
175365,17.010307,2.4780576,26
8077,-9.359765,-11.612121,89
166262,-3.9643645,5.656426,-1
6577,1.6031517,1.3850896,-1
33211,0.20988512,0.62871367,-1
6563,3.0201879,9.847736,-1
201586,4.980577,-0.14816149,-1
143581,-3.5010285,1.7227395,-1
89522,-1.5313696,-4.689389,58
143573,-5.2301216,2.9438415,55
6566,0.8098719,12.25445,-1
143568,2.2938905,11.418076,4
199150,12.6909,1.846995,88
189680,-2.1716986,9.424444,39
153021,-5.70653,8.789047,-1
132575,-15.39935,8.500617,89
29911,5.7337885,2.1381028,-1
68249,8.282738,10.85951,-1
143992,-7.2935457,8.209147,6
97743,-13.061164,0.13975774,41
45674,0.22258973,11.255597,-1
169680,-2.1722627,9.404617,39
58235,3.7495592,5.413711,-1
179882,-5.18003,22.654331,102
11838,-3.0006473,14.852896,-1
168266,6.14964,4.4028077,-1
201418,1.0136818,2.4878328,-1
107753,-0.4710601,10.312668,-1
1079,0.36634937,2.845138,-1
158597,5.5315084,-1.4989744,42
144455,2.5680473,2.0936081,-1
144458,1.7763191,2.8728213,-1
115525,-14.968704,12.236562,89
76979,-1.8441796,9.61009,-1
115550,7.6125426,7.3649793,-1
165408,-1.8710103,9.604589,-1
171301,4.7313776,10.879868,49
64534,8.995903,12.36504,-1
84113,-1.0687337,6.275122,-1
68222,-0.92535615,2.8460712,-1
45622,4.360587,1.8108928,27
98839,0.81241584,3.887165,-1
176449,7.673002,15.548224,-1
118608,-0.9084371,6.00425,-1
80600,1.9183303,3.6468468,-1
40426,3.7562394,10.066198,-1
62607,5.8858047,6.467969,-1
144303,16.785454,-1.7163969,63
40444,6.699785,15.617734,-1
201442,-0.24976003,-4.554363,112
60557,4.5208774,5.022066,-1
144289,-0.5366095,11.585769,-1
152323,-1.0507373,5.991774,-1
144494,-8.172027,13.620453,-1
183250,5.6229086,6.1938305,-1
98732,0.77719206,3.0096247,-1
112495,1.0555375,10.402114,-1
103646,7.2369823,13.819261,-1
83997,1.9145001,16.209694,-1
179951,7.7941256,13.861626,-1
80722,-1.5894164,9.284171,-1
203521,4.975269,9.181911,-1
60521,-7.0025635,9.353828,90
40356,22.361942,7.549951,74
51453,-4.1201553,5.812969,29
34688,3.8489463,6.361885,-1
98787,0.5227469,6.4700933,-1
93144,0.54432786,0.8899392,-1
152301,-3.2587967,1.2421927,30
30413,-1.7650493,9.285184,-1
40360,-1.1268035,7.577788,-1
135681,5.6214356,0.032777797,-1
84031,3.3922956,14.37766,-1
183271,-16.79983,17.565655,89
1446,-1.1079066,12.5436,-1
70461,3.6948636,4.718147,-1
20159,0.27697453,0.5124668,-1
66579,4.732739,1.8126216,27
169709,2.5172036,17.484985,-1
45705,0.29999995,11.112799,-1
894,0.93107456,-7.6985707,77
71787,-3.9795566,5.357322,-1
94435,-1.7446705,5.433182,10
58208,8.870539,1.9809189,-1
151724,1.4047118,6.727884,-1
3082,10.50824,10.8887,-1
84225,-4.554003,12.929787,31
135849,-2.090081,6.9138656,-1
13215,0.11590131,8.579459,-1
117647,16.694649,2.5076473,-1
130176,2.773002,5.9421005,-1
170683,6.762538,6.2898183,-1
193567,0.81128573,12.253417,-1
14463,-2.0636566,6.692463,19
4651,10.431217,18.981579,82
152591,6.7334175,7.35062,104
193564,3.0211153,9.835648,-1
45472,3.6230326,5.5565696,-1
4661,-1.2281231,8.377741,-1
40514,-8.172313,13.622392,-1
176506,17.599865,-1.4343504,63
158430,3.313334,14.201459,48
132646,-0.96360815,6.0748796,-1
58142,3.5696049,0.9544629,-1
194771,14.237856,9.396882,32
164124,0.41266343,6.334933,-1
201494,8.68446,3.896414,-1
62532,-5.211199,2.9586406,55
127664,2.597867,4.709653,33
152733,3.2013693,0.018653829,-1
183521,4.9646707,9.187599,-1
25639,-1.2465281,4.3611245,-1
173820,0.09942565,5.353145,-1
204612,0.8056056,14.732139,-1
119489,2.5799792,4.600432,-1
144118,-13.057432,0.13906863,41
192326,6.7435236,4.8003707,-1
8723,-1.87055,26.869131,89
62582,3.76157,19.331102,-1
35838,3.6888,7.9092064,-1
120236,-0.768048,13.025645,-1
107852,3.134549,14.299927,-1
164102,6.3189874,13.844506,-1
113932,0.7435674,3.0287173,-1
94802,5.1724596,22.926958,40
80569,0.4207028,9.567916,-1
107869,-3.9313843,5.6625404,-1
89609,3.2729244,9.467304,-1
103417,-0.5358341,9.774175,-1
152440,-4.556226,12.903792,31
160350,-0.09839033,5.614344,45
179832,0.1531247,11.114619,-1
77062,3.025826,14.012271,-1
51793,5.236635,9.549536,-1
199355,1.1896137,-5.7753463,-1
84155,3.184777,4.461472,-1
144162,0.3029008,0.4745377,-1
144159,1.515413,2.7203045,-1
40462,3.7900317,3.5755596,-1
10636,0.8585111,3.7776685,-1
162233,4.154802,9.245491,-1
80534,-8.712378,-1.0580962,97
115496,3.0876787,5.094638,-1
205269,3.992639,9.664181,-1
144135,-16.261396,14.467461,89
11856,3.1458373,16.587843,-1
176490,3.1665642,6.4121885,42
89607,-4.547518,12.914433,31
77080,9.048722,3.4424074,-1
174253,-1.1988856,9.580618,-1
125918,9.861983,10.721047,-1
76228,1.8879207,10.527283,-1
47593,1.3566905,1.3381727,-1
49151,3.611101,14.383342,-1
91379,-1.5952511,11.512043,-1
14865,4.1001315,6.233865,-1
1796,3.51379,-0.15554747,18
175871,4.961734,6.574152,-1
82683,4.6269913,9.379303,-1
147998,-2.6649442,14.523081,-1
81852,-15.954375,2.542012,87
193271,-18.548613,9.457391,89
29410,6.0143046,14.171556,-1
147999,-1.7180177,11.047214,-1
148002,3.6175232,9.502381,-1
39621,15.199411,13.782368,96
73932,0.931168,-7.698638,77
115989,4.0884013,2.3588312,-1
5325,6.743281,4.799868,-1
191301,4.7311993,10.877367,49
149932,16.927137,2.5012271,-1
66364,0.3603917,5.3510613,-1
204890,-13.064505,0.14352785,41
182093,1.9368162,5.7786674,46
39650,5.528808,-1.4936959,42
181098,0.21538593,6.911322,-1
16336,1.62629,24.987638,53
115968,18.535042,-4.91716,88
175624,5.8971004,9.571613,-1
113696,6.207572,6.770011,-1
149982,-1.2262846,1.3585801,8
29760,1.3157573,5.7758284,-1
92836,-4.298665,12.718391,-1
81824,-7.868702,11.738933,75
8625,3.5469205,4.272268,-1
175626,3.546093,4.2761693,-1
8623,5.8977747,9.571964,-1
82678,2.5124235,1.9371964,-1
195653,4.0261097,2.5717762,-1
92955,-4.552933,12.929186,31
36042,6.3186936,4.490618,34
9575,-5.6378255,25.45114,89
13330,10.238558,10.658713,17
181989,-4.1421137,3.4505892,-1
133998,1.6080511,10.71082,-1
49001,-3.077011,2.2087805,-1
173521,4.9619718,9.176518,-1
82616,3.7882047,4.108515,-1
81870,1.9052986,9.179413,-1
106136,5.4649587,-7.0558763,77
30769,0.42808184,3.4242413,-1
29403,10.959994,26.262272,102
47735,4.956334,3.5085576,-1
128872,10.439217,18.990393,82
63401,-4.878579,3.6494277,-1
123580,5.9615736,2.2295928,-1
203800,-4.197889,-5.3585243,91
67120,-4.700519,2.9917705,-1
116004,10.663281,16.175673,-1
39592,3.2964885,14.207544,48
16346,-11.304871,19.718376,89
189567,3.44418,5.6857753,-1
66376,0.27028397,11.577784,-1
148047,1.794754,1.4114149,20
49063,-1.7502601,9.496097,-1
172326,6.742778,4.7994614,-1
106210,4.428542,1.9073924,-1
81898,-2.6556294,14.51267,-1
204909,2.8719783,6.333656,-1
39594,-4.0759015,4.0009317,-1
49047,19.603754,1.355397,92
149834,-2.5507948,18.040815,101
47679,-8.171996,13.620826,-1
74080,2.5118372,3.3461585,-1
163004,13.77087,-3.5870643,98
63309,4.316607,9.880746,37
193250,5.6272125,6.1982665,-1
150002,-3.4371197,-3.6275725,108
81646,-7.162557,3.7892272,-1
14910,1.915042,3.3860142,22
92029,2.3810267,3.787508,-1
82889,-4.063261,5.767078,29
147474,4.825757,9.697531,-1
175961,12.069878,9.136346,-1
81637,1.616673,15.735209,-1
163893,3.83043,2.0546587,-1
182224,-2.3040445,9.77093,-1
36601,6.6798425,6.6648755,-1
34325,-0.5366494,11.887578,-1
72269,5.650432,2.0359802,-1
98317,-5.567045,8.875757,-1
116191,-3.3235145,1.353789,30
150238,0.40454555,-13.76543,88
81680,7.269091,4.3898277,-1
29387,0.37468818,3.520567,-1
36869,17.608517,-1.4282781,63
67206,-4.3152757,-2.6293244,-1
150327,-3.9299395,3.4774392,-1
196718,4.0070677,5.6643157,-1
47224,-1.2220439,1.3618417,8
159406,2.9130735,14.027351,-1
98330,-13.086829,0.12925404,41
14918,5.201954,10.765186,-1
89919,3.1680677,8.859259,-1
16652,-3.305827,1.9075881,-1
104938,20.757616,-3.8013134,88
173564,3.01359,9.847086,-1
47249,-1.0791707,6.0589027,-1
120974,-2.6939104,6.1899815,-1
124423,1.1549542,2.828316,-1
49559,5.5886607,0.008463868,-1
196995,4.364877,12.033992,-1
60221,-5.211996,2.9637306,55
147559,2.7670443,7.045426,-1
39741,14.327518,-0.68444675,111
159423,3.9629018,7.849698,-1
49357,-1.136384,7.5617485,-1
181033,0.93063134,-4.375778,68
33453,1.603011,7.917318,-1
134206,-0.065533236,13.92095,-1
147716,-1.8017246,9.553801,-1
118767,-7.247937,4.265094,-1
159495,7.066074,8.232653,101
118182,3.5380218,1.2904916,-1
72248,6.231803,10.997662,1
150058,-6.9946136,9.33651,90
129256,1.4858314,2.8253896,-1
159502,6.5025587,7.7938385,-1
147786,-4.636204,3.2701826,-1
81768,3.701378,14.576884,-1
129243,6.191456,12.056906,-1
21096,-5.781553,12.430152,-1
16330,0.7395748,20.757288,-1
147668,5.2297153,-0.04064506,-1
128015,5.3528047,0.031523667,-1
196981,7.9460955,1.2633797,-1
91714,14.332944,-0.6953908,111
200083,10.507812,10.888231,-1
189984,4.456715,12.936088,-1
196973,6.771159,4.39044,-1
200683,6.7619343,6.289104,-1
106402,12.238622,9.075662,-1
92020,5.164773,18.419409,51
181007,-4.0005393,2.309715,-1
200103,6.4386997,0.77363276,-1
16619,-14.929619,6.266195,89
175611,-8.052723,17.70189,107
134233,-4.000183,2.211525,-1
60182,-5.7893176,-5.788129,81
72218,3.1445742,1.7498388,-1
149766,7.857148,17.746159,110
113245,4.4516225,10.139105,-1
187645,3.127468,5.357778,-1
187636,0.260344,5.7083497,-1
73986,-1.4703048,21.367132,60
170404,-11.604136,9.686971,-1
149262,3.6007607,-0.42989442,-1
200404,-11.604253,9.686986,-1
48158,-0.7562396,11.992752,78
48160,17.91715,5.261936,64
105636,-2.8949058,14.747888,-1
2679,-2.1604958,9.42017,39
166905,5.9818797,7.121155,-1
96082,2.770497,9.671207,-1
187649,4.6206236,14.415338,-1
189882,2.5518105,-7.7018237,102
170367,-0.24516585,9.062354,-1
149217,-2.0035775,9.5674095,39
166088,-7.520543,2.7141967,74
166046,0.17482157,8.692768,-1
67142,-1.2127135,4.454721,-1
125327,11.099086,14.035546,-1
181494,8.684588,3.8963478,-1
206981,7.9474225,1.2632062,-1
170320,7.939269,10.452126,28
170337,11.047321,12.893692,-1
118568,0.7716849,27.323036,74
200390,-8.316868,10.611732,-1
181773,18.513824,-4.936605,88
90329,3.0906615,9.829737,-1
175724,2.278322,29.056738,89
175653,4.0219703,2.574692,-1
73988,-1.068875,7.541299,16
88291,23.593807,1.7699515,102
82146,0.77847487,5.0026555,-1
70184,2.032239,2.2213972,-1
90009,1.7494496,9.675336,-1
148892,7.720015,24.28928,102
98128,2.199259,9.497257,70
206973,6.7889004,4.3757935,-1
181598,-6.746769,1.992063,-1
181652,10.439247,18.990358,82
82340,2.7934153,3.71949,-1
21574,7.656169,15.487103,-1
60042,-0.031069808,9.19485,-1
14758,8.837016,2.0448503,85
149119,-1.3414842,4.104142,-1
10916,6.1782303,4.519478,-1
206995,4.365379,12.032069,-1
192093,1.9370536,5.7791877,46
166107,6.159407,14.96697,-1
60036,3.5016427,-0.046908714,-1
170390,-8.319848,10.612211,-1
149094,6.2199516,4.8764744,-1
149041,2.7365305,3.6817336,-1
167852,9.757109,10.800478,-1
118286,2.7495363,10.090453,-1
120694,10.668479,16.176247,-1
148958,4.087835,4.8502274,25
167895,17.858292,8.22178,77
95743,-4.6023946,3.9019837,-1
133536,-0.84988606,3.3369548,-1
149194,17.821133,8.189754,77
66495,6.20479,10.642978,-1
166092,1.3808894,10.9451885,71
64241,2.6438222,3.0784717,9
113617,-0.48164317,10.649353,-1
59934,0.98978806,-10.171817,63
149155,0.21627234,0.61100036,-1
160004,5.6940856,14.217043,-1
163155,4.5606194,7.6110535,-1
181586,4.9819517,-0.14738485,-1
124500,0.0742714,4.8166757,-1
70136,-0.2827211,9.320267,-1
39291,-13.056765,0.13884711,41
181662,-1.2291669,8.377212,-1
128118,6.21942,10.994906,-1
96058,10.431987,3.2165854,44
63436,-0.5224384,11.572662,-1
14819,1.0566119,10.2373295,-1
39501,5.319392,6.558217,-1
195624,5.8986106,9.573923,-1
148345,11.047426,12.893638,-1
95699,-4.198184,-5.3590612,91
59653,5.550236,1.9809992,-1
21412,5.5116878,14.323068,-1
59662,6.261419,11.358733,1
175770,3.9991057,5.6566796,-1
36733,-2.503061,8.71315,72
175769,9.009957,12.377279,-1
200320,7.9336433,10.4664545,28
205871,4.9643545,6.572769,-1
2708,2.5166755,17.483961,-1
93872,2.5610077,9.851323,70
181301,4.720665,10.887078,49
159705,1.8635721,3.0267448,-1
5410,2.023986,7.1616845,-1
133955,-10.362516,10.061475,-1
21273,0.71018535,4.9735737,-1
123491,2.3200378,3.7515912,-1
203820,0.08907244,5.359751,-1
200569,1.5772086,-3.0799487,-1
36044,6.1341386,27.36709,88
149712,2.3395576,13.181994,-1
159658,10.95967,26.262444,102
47804,-3.583846,1.8313484,-1
189951,7.795145,13.862239,-1
195626,3.546328,4.272055,-1
171494,8.684446,3.8960185,-1
200291,-1.6657256,5.3903556,10
47822,13.851318,9.380645,-1
14822,8.426698,7.4831676,-1
159762,9.732495,10.678358,-1
148425,4.894804,10.117861,-1
82043,2.8234599,5.2180037,-1
14744,3.4314818,4.7395635,-1
170291,-1.6718092,5.3854365,10
8610,-0.3313647,17.867668,107
64263,2.1739864,5.6852083,-1
200367,-0.23916645,9.058977,-1
148578,-7.3486757,3.6357737,-1
48074,7.9171634,10.510915,28
48075,1.5962722,15.421696,-1
39410,-1.6245072,10.036656,-1
148598,3.2078123,13.66571,-1
187604,-1.5953181,11.514382,-1
148602,12.356575,-11.261833,88
70197,6.749068,5.5987616,-1
166726,5.3864737,0.026603073,-1
5476,4.667219,1.9019996,27
191598,-6.7468495,1.9919966,-1
195611,-8.180246,18.10163,107
129011,-3.2791982,2.2028768,-1
70021,0.89966,5.145463,-1
133762,2.6958828,2.0789025,-1
149576,5.778279,2.109909,-1
200337,11.04791,12.89326,-1
133809,-1.2794465,4.4518943,-1
82058,-1.1414192,11.306411,-1
10710,3.5246208,4.2559247,-1
125379,4.793468,10.067645,-1
181418,0.99348736,2.4751353,-1
96092,1.8563219,16.086031,-1
47972,-2.5012867,8.715264,72
175761,-10.272199,-1.6857309,77
12604,-8.165222,19.341145,107
181442,-0.24970634,-4.5543976,112
194530,3.0574973,3.617597,-1
148538,2.9212377,-0.44541925,-1
106544,-1.4324888,5.6957607,-1
39764,10.431196,18.981487,82
135326,4.439352,5.096331,-1
151447,13.805707,21.675882,102
145935,6.39055,7.886021,-1
172477,4.6711326,1.8950965,27
194254,-0.9128895,6.188379,-1
145947,4.734876,2.23661,27
187852,9.783819,10.782509,-1
15053,6.7141232,-10.401344,74
127904,-0.49647745,9.650252,-1
170569,1.5778527,-3.0802612,-1
46449,4.518016,12.936701,72
199709,2.5168493,17.484303,-1
129718,2.0952253,3.8575234,-1
69748,4.1001253,8.952904,-1
201007,-4.025097,2.328871,-1
76649,0.8856264,7.6103816,-1
87968,3.4018447,4.4407816,-1
50534,0.40086842,5.4266124,-1
96307,4.428354,-2.3694448,-1
160231,-2.9481556,23.991318,74
176209,2.01837,3.0180826,22
46371,1.8197312,15.784054,-1
25879,6.5245295,12.257223,-1
4988,-4.1372337,3.430447,-1
92067,-9.9306555,0.77041477,-1
112782,0.7624474,2.7932796,-1
145859,3.9515321,7.887268,-1
199680,-2.1594195,9.419524,39
107117,4.8020577,9.948987,-1
145875,-0.10598113,5.000438,-1
34557,-0.23848934,9.045256,-1
133010,-9.796817,22.509806,89
64410,3.593072,3.8815594,33
40091,3.5282304,13.564408,-1
40089,3.376975,-0.22452305,-1
171418,1.0108244,2.4847448,-1
107065,-5.0947323,10.712503,-1
20684,0.45033568,11.355277,-1
193146,-2.1326818,7.0663857,-1
151280,0.9850107,-10.175693,63
20649,2.804896,3.8847108,-1
169951,7.797233,13.86378,-1
125754,1.3316047,9.047683,36
151237,15.733787,19.813087,89
72442,1.4812757,2.6754432,-1
50332,2.142835,6.73504,-1
87994,-1.2432829,11.379748,-1
189260,-7.5562983,10.807407,-1
173578,1.5997052,1.3893024,-1
120404,14.34836,4.6339784,86
27832,16.824146,-2.426347,63
34467,7.3202744,14.547667,-1
39105,-13.062074,0.14420107,41
146272,-6.6509438,0.873021,42
195770,3.9998956,5.6589365,-1
165680,0.06469868,8.858527,-1
146167,-1.1004478,18.979616,83
107064,3.3995087,16.218546,-1
191007,-4.0159316,2.3167505,-1
58862,4.3803363,8.28936,-1
204771,14.331764,9.5569515,32
129714,6.2977304,4.3570104,-1
107001,6.4254136,4.5634465,-1
163337,-1.2233692,1.3578057,-1
9448,7.672929,15.547734,-1
72448,0.98501736,-10.17563,63
129689,-2.273977,3.6429079,87
10643,-4.051422,3.4354181,-1
151321,6.8040094,7.4232106,-1
2881,23.593763,1.7696949,102
195365,16.999336,2.4816046,26
83398,17.91921,5.2618833,64
201033,0.93074507,-4.3753552,68
145826,-7.233501,8.2226305,-1
107148,-15.953529,2.5411856,87
76754,4.732684,1.3198701,-1
66016,-3.9220138,5.6443133,29
104053,10.166796,21.448067,98
135161,3.3917403,4.452203,-1
201098,0.20272537,6.9221425,-1
135157,19.603909,1.3554393,92
50833,9.756845,-4.65009,38
180337,11.047689,12.893639,-1
129757,-17.243443,10.347341,89
145576,3.080478,7.0748816,-1
22587,3.4760401,14.28709,-1
194253,-1.2056296,9.584686,-1
145600,2.0710948,6.9111023,-1
145607,3.6753528,8.2078,-1
124345,8.53629,-1.5547282,21
22605,4.2241006,10.154503,-1
180320,7.949973,10.463945,28
127881,13.727685,13.91105,111
158888,4.848288,9.723152,-1
180291,-1.6718204,5.3865438,10
145372,3.3685641,4.7370915,-1
91753,3.0521266,2.8399515,-1
40188,-4.9149475,10.377997,73
8268,3.9950018,9.655256,-1
160278,4.234918,4.80862,25
107368,11.019658,12.913329,-1
37198,-13.631941,15.59794,90
16942,0.9651664,7.176102,-1
121327,17.600506,-1.433509,63
151671,9.04756,16.359238,95
145455,-1.095135,7.551023,-1
96377,5.109885,6.41604,-1
135142,14.358536,4.642874,86
124346,-4.76965,3.1116157,55
189225,0.80613315,14.73038,-1
50703,4.97524,3.5106382,-1
119392,0.6060147,8.486466,77
180390,-8.3203,10.612383,-1
151522,-4.9009156,-0.753613,104
46320,17.919031,5.2619452,64
98492,0.27880093,11.525425,-1
26458,-1.0067197,18.875826,-1
107207,6.705588,6.2218843,-1
162581,-4.154288,3.0524595,-1
180404,-11.604348,9.686963,-1
71698,3.0653112,6.1416855,-1
112773,3.3943155,7.278371,-1
46349,18.533525,-4.9184084,88
145799,-4.799385,3.3343248,-1
60390,-4.1607704,5.908467,29
40104,2.4357688,10.151316,70
76717,2.9460926,7.6619725,-1
26459,1.9938438,9.339682,-1
33303,3.2446983,13.832598,-1
98520,-2.6445763,11.181634,-1
129787,4.8536525,8.9560375,-1
169882,15.225622,-6.172592,102
180367,-0.2440577,9.05847,-1
98542,6.460929,10.981336,-1
104,0.78342986,5.597109,-1
6145,-2.136254,7.0775685,-1
62868,4.1189733,10.128825,-1
187895,4.3761115,-7.1931615,77
125848,0.18984704,9.397929,-1
187105,0.78413415,5.6046233,-1
62870,-2.7538583,7.7682486,-1
50724,10.183356,10.655821,17
98524,10.210673,10.539864,17
50720,-1.6176357,16.597614,59
180569,1.578311,-3.0800078,-1
172224,-2.3068411,9.771635,-1
82925,0.3549627,9.460416,-1
89899,5.6975102,1.96365,-1
8652,4.027712,2.5773304,-1
39865,9.904422,10.784612,-1
146830,19.603756,1.3552675,92
150708,3.4945962,-0.10663979,-1
159284,-9.359737,-11.612257,89
59166,-7.8684115,11.739019,75
191586,4.981665,-0.14617606,-1
150696,6.7158012,7.437083,-1
159292,6.672595,6.9777675,-1
66523,2.5655217,4.943851,-1
94626,-7.471217,7.2680264,-1
97918,-9.224766,8.250442,99
603,-1.5946894,11.512738,-1
180785,6.0751915,2.197995,-1
146905,1.3885198,10.931983,-1
76438,-1.695762,10.163497,-1
199882,-5.1803026,22.654423,102
73909,2.7757423,7.9059596,-1
88073,-0.88087606,0.39551616,-1
26015,8.152343,7.9913464,-1
133153,18.31829,12.002155,100
39887,-1.1074795,7.574949,-1
170083,10.5076885,10.887696,-1
36942,2.6047506,2.7690973,-1
9505,16.831074,-2.4337854,63
133165,15.612403,6.3254824,52
94145,1.5319006,2.7598703,-1
182411,2.0237453,7.1619763,-1
191098,0.18112199,6.892979,-1
195269,3.9962132,9.656046,-1
146767,4.8530297,6.507829,-1
13407,2.4664025,13.081688,-1
189355,1.1895636,-5.7754297,-1
120409,-4.3353305,3.1514494,-1
199984,4.4568458,12.937045,-1
165847,0.964595,11.1792145,-1
147139,2.4801147,2.8466299,-1
47095,0.5990535,0.9572389,-1
194588,-14.929602,6.266129,89
33383,3.6022604,7.1607947,-1
134360,7.856988,17.746876,110
159359,1.4091861,6.7564473,-1
69893,2.1322336,5.7163754,-1
159309,3.263604,13.972132,-1
159368,1.886625,15.896182,-1
5223,-2.3221107,9.7720995,-1
76341,-0.4719426,7.661854,-1
147234,-2.5557263,4.1926064,-1
160100,-13.355186,17.608034,89
200728,3.4187238,1.5987592,-1
104875,13.7244625,9.351529,-1
70295,1.8022721,1.6848062,-1
20962,2.7343526,3.3688366,-1
49701,1.3651456,10.939597,-1
173567,0.81173474,12.252815,-1
150654,1.6057299,10.678842,-1
200785,6.0750656,2.197675,-1
29131,3.8737762,5.450951,-1
14935,-3.3794467,1.6752839,-1
146995,-2.54138,18.030905,101
36906,-4.2286263,3.4499063,-1
83003,11.337614,-0.71758795,37
165835,0.012010861,10.795579,-1
182326,6.7405043,4.8097587,-1
199951,7.8129983,13.877622,-1
81560,3.57756,14.37243,-1
134369,2.0103042,7.174358,-1
150576,8.922846,1.9171201,-1
170103,6.4392653,0.7726832,-1
113786,-2.948069,23.991322,74
10730,16.779657,2.5122175,-1
195724,-6.9849005,-9.054549,89
46687,6.8317223,5.6642537,-1
81301,0.5808248,6.981291,-1
112911,-8.17227,13.621122,-1
174148,10.081888,10.4264965,-1
168106,0.67819434,3.7618122,-1
50186,-0.6288602,12.01353,-1
106849,-3.9260607,5.789466,-1
106848,-4.811566,3.2049396,-1
92046,-2.0114038,6.705289,-1
30953,6.3113904,6.5663247,-1
168080,0.3660374,2.8451147,-1
112935,3.9693854,2.1464229,-1
27572,6.1053658,6.804878,-1
5092,1.938417,5.774661,46
162711,6.0116243,7.5316668,-1
112944,-4.0727243,3.1462412,-1
83262,-0.583198,12.024508,-1
168110,-16.261429,14.46716,89
64166,-6.2160416,12.686265,67
195761,-10.272205,-1.6857255,77
192224,-2.3070557,9.77171,-1
60345,5.464752,-7.0558133,77
195769,9.010375,12.378017,-1
25961,3.6422098,1.157527,-1
33333,18.022648,-7.34989,74
29822,12.28774,9.071075,-1
191033,0.9309939,-4.3756027,68
169984,4.45711,12.936875,-1
124675,1.0718168,2.85114,-1
22359,-1.6620702,15.531376,-1
205761,-10.272198,-1.6857132,77
37033,-1.8653564,5.36872,10
106888,13.653238,3.0927658,112
197105,0.78402895,5.6028476,-1
63050,9.671774,10.637113,-1
29812,4.7920814,5.7925615,-1
199832,0.16089395,11.131668,-1
88464,4.3472867,9.82043,-1
172411,2.021376,7.1643004,-1
168064,7.378879,10.445871,-1
159216,0.5038202,8.624111,-1
191773,0.4045098,-13.765467,88
9489,3.1641998,6.4052796,42
88462,-0.38551077,7.5946465,-1
49993,8.2867565,14.960952,-1
104704,-4.3539066,3.5695586,-1
146689,-1.7168524,9.920512,-1
160133,7.706069,24.3222,102
72352,4.9769764,9.916665,-1
167105,0.7941926,5.6029687,-1
2831,0.14480177,11.114527,-1
180728,3.4081807,1.601543,-1
205770,3.9983134,5.6608076,-1
205769,9.010114,12.377529,-1
182477,4.6840177,1.8960418,27
171442,-0.24965395,-4.5544305,112
1872,-3.5789466,1.6650536,30
64374,-4.539411,3.8996859,-1
95595,4.293017,3.2227507,-1
8364,17.031946,2.476684,26
150954,1.2807267,14.026668,-1
91297,7.567305,7.314274,-1
134713,1.8845315,11.128738,-1
113015,4.4974203,2.303457,-1
119373,6.435603,8.43433,42
88046,-1.7025843,3.8279247,-1
150914,8.478398,-1.4903337,-1
194612,0.7871156,14.750667,-1
194296,-3.2982426,12.492233,-1
180683,6.763987,6.28923,-1
44944,3.024295,11.481683,-1
43670,6.962193,19.40025,73
138795,7.1807227,7.627232,-1
139904,5.4577446,10.044291,49
114103,-11.727913,-4.7894573,91
161145,13.631657,-5.5864697,63
137544,1.0461458,10.296891,-1
111206,3.5515857,4.3424964,-1
43981,-3.296911,1.4128457,-1
178413,-5.4538794,16.177519,-1
18570,-3.772491,3.9612105,-1
10795,-1.103261,11.964015,78
156712,0.0710195,4.7979093,-1
86635,5.257619,9.54946,-1
18567,6.3375444,4.669596,-1
138773,-0.30481446,5.3999534,-1
140514,23.593689,1.7693954,102
161747,3.980799,14.305934,-1
137559,4.3115196,9.817549,-1
53726,3.5722656,3.895233,33
102139,14.358592,4.644521,86
141849,-0.62103695,6.9350286,-1
7889,-13.056841,0.13892628,41
19141,6.8733177,17.262749,63
25069,-1.1676371,6.0074396,-1
94080,20.035341,1.4196001,92
139885,6.3245916,12.028133,-1
141825,-0.46816477,7.015988,-1
35641,7.4181657,7.577217,103
204254,-0.90535516,6.192257,-1
100417,-0.21598963,8.43926,-1
132328,12.356614,-11.261874,88
138801,-2.1196806,6.7777276,-1
198110,-15.208298,11.74626,89
178873,-3.5718431,1.6156763,30
73222,4.6851215,6.537329,-1
188266,6.1649847,4.4179034,-1
19183,3.0647686,11.6014595,-1
204253,-1.1948643,9.5872135,-1
29286,-5.971914,-1.7722062,-1
75158,-16.815643,17.609854,89
53629,-1.7202263,5.344878,10
44018,-5.5821447,8.873086,-1
73743,-9.372369,-11.589243,89
65456,3.8492973,7.682491,-1
164531,-3.6143298,3.2627807,-1
64921,2.654613,2.6766174,9
165041,0.080828354,0.759989,-1
100928,3.2360752,6.341709,42
78371,-0.18795094,11.410622,-1
126599,-0.2778775,5.7971354,-1
178410,3.3684988,2.242659,27
185365,17.001225,2.4817114,26
110321,4.2247977,2.0593565,-1
141940,-3.7635293,2.1175172,-1
35348,4.674394,9.039311,-1
155446,6.0339174,-2.5543144,-1
190291,-1.6749887,5.387589,10
54871,-3.154034,1.6922361,-1
138739,-3.8129272,5.860473,-1
171033,0.93102723,-4.3756413,68
141758,-4.901067,-0.75428754,104
90848,1.6571015,2.5114,-1
122968,0.29911357,0.69079554,14
41360,-4.0208025,-11.398822,89
177105,0.7949586,5.621607,-1
178797,3.5138414,-0.1549824,18
100999,1.4866462,1.4702805,-1
186209,2.0126684,3.0156484,22
9717,4.0552516,5.7212763,-1
154329,3.6321921,7.868656,-1
156760,3.8830996,5.544072,-1
202093,1.9363409,5.77884,46
139961,-6.926346,4.5418115,-1
194148,10.064594,10.405094,-1
127342,3.958034,8.347591,-1
41999,5.5655723,10.108768,49
65131,3.673215,1.0800376,-1
23858,-3.2964673,12.491509,-1
41894,8.429419,3.37591,-1
141738,-5.7167354,8.775445,-1
126912,3.6047006,14.433536,-1
157377,6.3527775,4.684968,-1
75007,2.5998068,3.0347455,-1
3366,-0.26859772,9.039753,-1
154373,1.8659496,16.149666,-1
155849,1.6466836,6.554126,66
155033,-18.515953,9.489794,89
18786,0.32925647,3.5518622,-1
206209,1.9890498,3.0182023,22
10169,0.63406456,13.787897,-1
109363,2.7586615,5.9373407,-1
126862,-1.2460859,10.252916,-1
122135,-0.44595078,7.277731,-1
160909,6.1475472,4.3943315,-1
53765,-4.214097,12.5533695,-1
97415,15.225912,-6.1728935,102
114978,4.3539314,1.818562,27
92346,0.4070024,7.029623,-1
17610,3.2755892,14.20026,48
90683,-5.69811,0.5475476,-1
60916,3.167363,1.199879,-1
89319,2.6369717,2.7734008,-1
86085,4.0293207,1.8197218,-1
24134,-1.9177866,5.300864,-1
202326,6.738729,4.799676,-1
37859,1.4329468,1.6194513,20
92306,1.7924712,1.4408704,20
3568,1.5545802,-3.0531223,-1
61762,5.4362216,6.8588533,-1
56972,-9.443761,11.856671,66
138756,4.825681,9.69519,-1
92450,3.3911226,7.2739615,-1
171773,15.558582,24.671993,88
198106,0.65146613,3.7510374,-1
87045,-10.436898,6.1816416,-1
188797,3.5142627,-0.15519293,18
139605,7.047933,8.219669,101
85014,-1.7834749,5.4045463,10
100791,10.317943,10.690396,17
66888,18.318312,12.452252,100
66886,11.41984,5.2096996,70
142240,4.1531124,3.2362587,-1
201989,-4.1311054,3.439943,-1
2259,-7.555586,10.805334,-1
168447,-1.1058618,12.539265,-1
174612,0.80034274,14.737689,-1
57154,12.0804615,-0.68039876,-1
19259,1.6403149,10.569823,-1
57146,-1.0409735,6.257639,-1
154068,4.1134944,9.346029,-1
57136,-6.8565893,10.452072,-1
139621,-1.3112322,7.280657,-1
33736,-0.39319435,7.542003,-1
7529,3.0539525,3.6186414,-1
169150,12.690854,1.8468463,88
130715,9.864714,-7.6180096,-1
77538,14.06847,-0.5740281,-1
157563,4.6923127,9.256929,49
38090,4.340986,4.941813,-1
185761,-10.272197,-1.6856879,77
3319,7.9494443,10.466627,28
33850,-9.796693,22.509699,89
198080,0.36525604,2.8453739,-1
99698,10.166788,21.447926,98
64014,7.676337,14.40294,-1
167645,3.1474752,5.343078,-1
142352,0.24912046,6.179981,-1
68680,-4.0197816,-11.398268,89
14040,6.4192395,4.3171406,-1
92313,12.700426,1.8274531,-1
115054,4.9037814,6.1750507,-1
12017,1.7982354,1.4338237,-1
184771,14.253437,9.408574,32
198413,-5.4539385,16.177683,-1
154003,1.7459466,1.9489378,-1
18299,-1.8331674,9.575133,-1
176995,4.365651,12.033888,-1
184296,-3.3022301,12.491586,-1
13979,-5.194398,2.9273338,55
18301,1.5271792,6.1980767,-1
89045,5.3281484,-4.795119,-1
44215,2.0134761,-0.5199327,-1
154022,4.921633,9.111001,-1
118477,6.1339426,27.367207,88
79561,4.211317,5.181008,25
177852,9.792472,10.800263,-1
61729,4.734036,10.867424,49
44138,1.5710348,-3.1190872,-1
185770,4.0009723,5.661175,-1
17887,0.6913793,4.9591174,-1
192411,2.0259151,7.1633387,-1
42654,-6.982516,-9.057007,89
7908,2.871917,6.334531,-1
197604,-1.5960798,11.513598,-1
96849,-2.127093,9.460688,-1
130762,10.293313,10.275064,17
90996,2.5519123,-7.702398,102
142080,2.0026064,0.6336342,-1
70700,6.3134966,4.527267,-1
100854,-1.0566818,11.288542,-1
38072,-1.7757914,5.3835864,10
161402,3.525329,7.913365,-1
138806,6.7142158,-10.401408,74
137478,-7.471798,7.267346,-1
163759,-3.5547676,1.9242727,30
192477,4.66963,1.90022,27
3336,11.048352,12.893308,-1
86149,6.2057033,4.487374,-1
184890,-13.056883,0.13935049,41
99766,-11.604421,9.686975,-1
37830,-4.624846,12.761998,-1
77909,-6.9965353,9.342053,90
185769,9.010056,12.378051,-1
205611,-8.165252,19.341223,107
27162,-4.856814,3.2072473,55
78857,-2.4747865,0.18570071,-1
70683,2.625872,3.04963,-1
53480,3.9807491,8.264563,-1
138820,2.700295,4.3658614,-1
44112,-4.109386,3.4734597,56
24551,-18.495138,9.508738,89
139680,0.25908604,6.019757,-1
156887,10.664552,16.175879,-1
142153,2.3767993,9.799875,-1
184909,2.8728957,6.3340964,-1
91861,2.1497924,2.77184,-1
122047,10.664835,16.175957,-1
15789,5.8412123,5.845532,-1
131666,-3.4930482,6.99369,-1
139716,-1.3024882,9.505212,-1
157534,7.7219296,24.306105,102
109199,6.3170815,4.6290984,34
62089,5.8885107,2.1976504,-1
102246,-11.604568,9.68702,-1
28561,2.4304008,10.076393,70
3727,3.417414,1.599237,-1
14598,17.916061,5.2630987,64
111430,2.212591,2.2267027,-1
177895,0.9294534,-7.698468,77
191442,-0.24965514,-4.554471,112
8960,12.071001,9.136106,-1
164333,0.6650112,5.3766217,-1
95053,-3.861516,1.9881047,-1
86880,10.260647,5.502341,70
72943,2.0846472,2.1163788,-1
65352,-7.8690257,11.739022,75
43476,0.34399095,10.913794,-1
73770,-4.046288,3.1045842,-1
17701,3.0922825,5.117248,-1
79112,-4.1939344,3.595231,-1
155706,15.61229,6.325436,52
161170,9.042453,1.8124555,85
85489,1.8859441,1.6348794,-1
43478,-5.5237966,7.293777,-1
29245,2.826595,14.095809,-1
77977,-1.5401464,10.3229265,-1
178106,0.67398405,3.76127,-1
178110,-9.360734,-11.610651,89
101648,0.19967395,14.325829,-1
137939,14.232216,9.415545,-1
119868,-3.577291,2.1399813,-1
43491,18.390882,17.585579,53
155693,2.9263616,3.3676236,-1
54169,1.4220115,6.949534,-1
197852,9.76383,10.800451,-1
138620,-1.108017,18.982523,83
4006,-4.007107,2.315228,-1
60963,2.7158647,3.2598217,-1
79130,0.90503263,11.392019,-1
65304,6.3856006,10.982795,-1
178080,0.36342093,2.845817,-1
185871,4.9689994,6.5739646,-1
157197,0.53244483,14.536582,-1
198266,6.121589,4.381257,-1
77661,3.1785643,13.850596,-1
141486,7.71938,24.279982,-1
43665,4.506706,7.429721,43
78499,4.0531373,4.8610954,-1
131179,-5.4315896,6.938897,-1
3403,-11.604862,9.687119,-1
97049,2.4763358,1.9752203,-1
86897,0.97540575,7.2477274,-1
111551,0.97387916,8.378531,-1
202224,-2.306794,9.771724,-1
89234,5.2048388,7.3096538,-1
100350,10.495115,8.908003,-1
54090,3.616577,7.799331,-1
86569,2.0629468,-0.5248923,11
85954,8.1423855,10.792575,28
110493,4.0420227,2.231712,27
43608,-1.6804409,10.060611,-1
118389,6.351694,4.5931044,-1
196490,3.1651883,6.413637,42
75065,-1.1003311,18.97965,83
111509,-7.602073,17.875736,107
164748,-7.3167124,8.197524,6
65139,7.721971,24.306221,102
204148,10.079992,10.424566,-1
117320,1.0850512,10.435757,-1
77953,1.6465173,16.396425,35
41915,8.69152,6.753214,-1
56286,4.325757,14.2036705,-1
4032,0.9305425,-4.376267,68
43552,19.603771,1.3552247,92
116397,0.1810947,0.6422549,-1
43547,2.7265458,3.2624712,-1
154838,5.4135733,-0.006403232,24
35546,0.17191951,8.857551,-1
141242,8.207866,10.8541,-1
190569,1.576231,-3.0779154,-1
54268,-0.5810804,11.673363,-1
190320,7.9378204,10.466657,28
173146,-2.1364188,7.070159,-1
85542,2.497274,9.87554,70
174771,14.351199,9.590478,32
161220,0.4556338,7.870867,-1
37993,3.2555122,-0.021824406,-1
118976,6.341561,4.6092434,34
131491,-1.567893,9.877081,-1
75492,5.3900313,7.3352532,-1
17724,3.2136772,1.5434319,-1
7147,10.061075,10.394042,-1
66872,1.1889073,8.336966,-1
12108,6.415599,4.714818,-1
132239,1.2022101,6.739845,-1
160806,1.8919162,3.644174,-1
114881,0.5964383,7.666708,-1
41910,-9.443921,11.8567095,66
2224,0.800267,14.734093,-1
9980,7.950651,1.2709196,-1
8870,4.9512315,6.564694,-1
157263,1.8933656,9.931729,-1
75121,12.448835,-4.8390255,79
10084,6.253537,15.956867,-1
75098,-5.8770237,0.41379106,-1
202477,4.7031174,1.9037229,27
171652,10.431228,18.981405,82
155648,15.19962,13.78235,96
24927,-4.5539184,12.930696,31
191989,-4.1335344,3.443428,-1
122279,-4.9011626,-0.7542799,104
77711,1.6608772,15.853816,-1
36216,3.907419,3.1415315,-1
141291,23.593634,1.7690761,102
26940,8.055144,3.1600058,-1
25146,4.37617,-7.19311,77
92357,5.3263216,7.354808,-1
86899,17.857647,8.221121,77
71046,4.0132976,9.612936,-1
54912,0.20288396,-1.6384004,-1
184530,3.0557554,3.6201863,-1
119996,7.41232,7.575024,103
154974,-4.005248,3.1775405,-1
53910,-8.712394,-1.0580604,97
35325,4.758728,1.807513,27
109497,5.358299,5.9733434,-1
38260,5.9312243,4.804188,-1
9972,6.771381,4.389514,-1
99864,-3.0244782,8.552373,-1
102007,-0.99314284,6.099988,-1
196506,16.78423,-1.7171545,63
114925,4.6844983,1.9053267,-1
89277,3.8646526,9.355366,-1
168797,3.5138407,-0.15513134,18
123783,-1.6608533,9.246735,-1
61948,23.593603,1.7687646,102
77995,15.530807,24.690619,88
15547,-16.733984,7.1789627,89
163602,4.615981,5.5013885,-1
54913,6.3023863,4.4795246,-1
78466,2.206992,-0.45650247,-1
72966,1.732369,6.500727,-1
109583,0.02686798,9.1693535,-1
155501,9.043997,1.8103137,85
198447,-1.1064583,12.540828,-1
86531,10.439229,18.990175,82
42803,16.48739,4.698967,80
54440,0.3835041,9.068356,82
75325,0.24456139,0.53410697,-1
26677,3.007923,1.8468956,-1
78894,-4.5448694,12.894517,31
197636,0.26506832,5.7136846,-1
3784,6.0748997,2.1966474,-1
70766,6.1503453,-2.8833373,-1
168873,-3.5836618,1.6342739,30
138738,2.6036236,6.697864,-1
197895,17.85755,8.221142,77
42797,2.7421627,2.8451037,9
65284,0.76919776,3.978882,-1
154986,1.8611034,2.0970733,-1
196449,7.672842,15.547161,-1
163687,1.4188918,12.184605,-1
191494,8.684621,3.8959932,-1
141669,2.5702682,2.0112443,-1
178447,-1.1076183,12.543824,-1
43408,0.16927609,8.890463,-1
29250,4.8284845,6.348005,-1
155499,-3.8041663,3.1281965,54
154412,13.413498,-0.08430452,-1
185269,3.9948435,9.653207,-1
71041,0.21838044,11.0946045,-1
119691,-17.534185,11.477944,89
122402,0.5413418,5.6488757,-1
197645,3.1603198,5.3585076,-1
85433,-4.1493096,2.5722868,-1
101892,-4.2057323,3.1256046,-1
75310,-4.132615,5.9237356,-1
190367,-0.24470043,9.05954,-1
164740,5.9122953,13.958429,-1
26769,2.7232902,2.9402347,-1
36233,-4.1161127,6.01389,-1
155553,15.228043,-6.1738076,102
635,0.2761777,5.7147713,-1
154575,3.1620526,2.757085,-1
54000,0.9592978,7.3818355,-1
154591,-17.533932,11.478194,89
100029,3.5586782,7.2638307,-1
161159,2.3292108,7.443512,-1
119995,10.990512,24.048822,102
167636,0.33398342,5.7647963,-1
77985,-3.8788154,3.2827067,-1
141511,18.317638,11.977586,100
184612,0.7997313,14.737586,-1
12299,-0.3942521,7.6123815,-1
35314,6.263946,12.017069,-1
18979,16.929459,2.4983077,26
99903,4.7915998,9.004873,-1
4097,0.21052738,6.9108987,-1
196209,2.0117385,3.0137634,22
160888,3.0102704,7.512201,-1
35300,2.7750762,3.8343678,-1
197649,4.6153426,14.416815,-1
141601,6.453692,7.8664994,-1
61941,3.6864822,-0.59823537,-1
172093,1.9378704,5.778325,46
38194,1.5666912,7.971513,-1
68756,7.2942767,13.758403,-1
141583,5.762949,9.631061,-1
122207,4.0747027,3.2448983,3
171007,-4.0044026,2.3118238,-1
24909,-3.199534,1.5962374,-1
88841,1.4771831,2.6060243,-1
154957,-5.555419,7.1358027,-1
131535,-11.97481,4.1146483,-1
3389,-8.321253,10.61277,-1
43770,7.465091,10.530685,-1
178064,7.3791366,10.447448,-1
184588,-9.796514,22.509571,89
141127,-9.360654,-11.610907,89
137745,-8.053211,17.702148,107
18830,12.448618,-4.8388,79
206506,8.244947,22.406069,63
56866,-6.995609,9.337113,90
60866,-2.1973345,9.182034,-1
71450,6.314488,4.446057,-1
137276,2.302882,9.659686,-1
179355,1.1896257,-5.7755566,-1
7587,-14.968904,12.235955,89
66911,18.406412,5.1156545,64
89418,4.463338,7.3152742,-1
94904,9.629661,6.024308,-1
186506,17.17126,-1.8229376,63
205653,4.0229454,2.5766683,-1
190337,11.048128,12.89336,-1
189709,2.5166628,17.484026,-1
44659,4.518565,12.936892,72
66826,-3.591527,2.144671,-1
95840,-0.5721424,11.517097,-1
160542,2.6206326,3.0640728,9
8768,9.010674,12.37857,-1
57468,3.5135763,1.1294874,-1
169355,1.1902187,-5.77612,-1
18179,1.4325616,7.1715393,-1
190728,3.4136055,1.6218501,-1
142894,-5.2124248,3.456891,-1
92200,3.8929634,6.3338647,-1
13191,1.9730325,10.166363,69
60779,1.0323426,10.370752,-1
131357,-3.7286973,3.2200415,-1
33712,2.5053358,4.779866,-1
157894,5.4847016,7.4686923,-1
193820,0.10876008,5.3439813,-1
13694,4.6977115,9.464896,-1
156426,2.2119367,2.5138366,-1
4441,-0.24965541,-4.5545073,112
78188,0.4117771,3.4372985,-1
142987,-6.98433,-9.055168,89
185961,12.0693655,9.135689,-1
79937,5.579061,2.1306143,-1
196576,-9.796414,22.50949,89
13693,6.1912208,10.96554,-1
195078,-4.019878,-11.398296,89
90657,-7.608136,17.873621,107
122698,13.432355,16.723747,65
160941,-4.6074734,3.0033898,-1
36300,4.0872593,3.3367107,-1
91090,-1.876392,26.859373,89
175078,2.2595496,29.068687,89
55774,3.4315898,7.2698946,-1
157011,2.3362215,5.6861424,-1
191652,10.431214,18.981314,82
188106,0.6765931,3.7662075,-1
188413,-5.453992,16.177736,-1
188110,-9.796252,22.509373,89
88982,9.552595,0.38248882,-1
44678,1.2228591,11.913064,-1
71660,2.332927,1.5031855,-1
4417,0.99903095,2.479999,-1
52895,10.959341,26.262579,102
52898,-0.62751013,12.020902,-1
168410,3.3350134,2.2696946,27
41716,13.939747,7.3422174,-1
644,3.14793,5.353282,-1
8769,3.9962378,5.6490808,-1
191662,-1.2262441,8.374382,-1
43244,17.017565,2.4669933,26
37695,-13.064528,0.1434081,41
156326,1.4001676,6.729595,-1
62227,3.9907913,8.213653,-1
61264,2.8940399,1.4848801,-1
78222,11.540751,0.7913989,-1
142832,6.2950807,4.4456177,-1
2354,1.1899621,-5.775949,-1
157841,5.77548,14.102028,-1
156583,3.356839,2.2589376,-1
142787,6.6975794,-3.777592,-1
84751,-0.26231563,9.0793495,-1
42390,1.0938618,12.604903,-1
122674,-3.300769,10.600751,-1
38129,3.6315303,4.517224,-1
93487,3.0770633,-0.7835503,-1
86340,-0.43123534,7.342858,-1
132432,5.8407435,2.151249,-1
155315,0.47443563,0.81659424,14
186490,3.1525393,6.4154844,42
142869,0.053776566,11.304209,-1
202411,2.0305452,7.165116,-1
42324,1.9980457,1.5515807,20
7770,14.335373,9.572781,32
61663,0.64634293,13.819675,-1
42146,13.805694,21.675901,102
84658,4.088924,3.2427084,3
99474,3.5894518,-0.5563718,18
206718,4.01043,5.6637106,-1
7295,-3.3028274,12.491793,-1
127024,13.6397915,-5.581034,63
10816,2.2322695,9.42889,-1
55995,12.356688,-11.261907,88
56495,0.28212908,11.498388,-1
31851,0.12582186,5.3160973,-1
35268,-4.503495,3.1959724,-1
74810,0.8751012,6.289466,-1
205078,-14.968624,12.235304,89
188873,-3.5830472,1.6417342,30
173271,-17.53371,11.478479,89
201773,20.757612,-3.801311,88
19527,13.432116,16.723532,65
77391,2.835832,6.330132,-1
70790,4.6824627,9.245508,49
174530,3.0563464,3.6195774,-1
142992,8.535744,-5.926506,-1
77409,6.466067,7.351952,-1
35436,13.6540785,3.093628,112
103066,15.974923,-9.076442,74
116946,-4.0703273,3.4627805,-1
201662,-1.2246974,8.371186,-1
183820,0.10004692,5.354797,-1
166436,7.721953,24.306303,102
203250,5.6506324,6.2149215,-1
177645,3.1333187,5.369848,-1
35741,5.3713603,0.015659388,-1
92365,0.9618423,7.3399034,-1
4493,8.684745,3.8960633,-1
176718,4.0043535,5.664413,-1
108529,20.774754,9.754545,92
140733,5.4652,-7.0564437,77
163472,6.9622474,19.401245,73
177649,4.621396,14.420395,-1
64644,14.332906,4.618099,86
110963,4.8997335,10.490418,-1
80043,3.0018008,1.1174927,-1
7611,0.79982406,14.736813,-1
103038,14.497771,-1.0543568,111
1409,3.36461,2.2346194,27
73833,4.0101433,7.8070517,-1
37614,2.2768004,9.743061,70
44867,-4.1814575,3.088753,-1
131398,-4.2963223,3.5840633,-1
143232,1.5894537,-3.137156,-1
52572,-0.4873896,12.404853,-1
155226,-4.914566,10.378478,73
190404,-11.605138,9.688218,-1
19722,4.1185126,3.198602,-1
96689,-7.002266,9.353309,90
121708,5.3115325,5.967704,-1
177636,0.26962772,5.7179766,-1
43191,3.564851,14.66108,48
174890,-13.062107,0.14430907,41
67809,3.5276425,4.445504,-1
38832,4.603176,5.4228563,-1
90198,6.0250144,7.73363,-1
57696,6.360781,4.610698,34
161277,2.5520015,-7.702103,102
1412,-5.4540052,16.177687,-1
108494,-5.717522,8.775227,-1
185653,4.0123177,2.580673,-1
205365,17.003202,2.4795358,26
28487,4.776146,6.164741,-1
12157,1.8373896,8.776337,-1
118417,0.40448564,-13.765497,88
85771,4.6964893,6.4788914,-1
183800,-4.198127,-5.358888,91
160477,-1.451781,10.080753,-1
38429,5.0926023,6.5591135,-1
115300,4.8200784,6.027365,-1
188064,7.3805633,10.447994,-1
157965,0.2511275,6.125966,-1
37620,-13.05852,0.14057167,-1
100567,2.617994,7.9457607,-1
18144,19.603754,1.3552026,92
185078,-9.360549,-11.611118,89
44751,12.48083,8.966441,-1
23368,12.378699,8.960935,-1
185624,5.8983946,9.573036,-1
78752,18.533682,-4.9182057,88
108620,6.0250072,16.932386,-1
52752,-1.656484,9.935827,-1
64094,-4.719478,3.130085,-1
69324,5.37645,-0.008692089,-1
78174,2.8760736,0.95276463,-1
114448,15.612023,6.3254704,52
138388,10.762524,9.143857,-1
138318,0.06947683,11.507972,-1
185611,-8.166796,19.344397,107
170785,6.075539,2.1969564,-1
122746,-9.564507,14.010945,-1
188410,3.3678563,2.2491508,27
102899,4.6935577,6.480501,-1
54674,20.356844,14.4511,88
156428,2.7449272,2.9109473,-1
62319,6.28763,11.019071,-1
177604,-1.5959891,11.513836,-1
140744,3.3503718,-0.2768404,-1
185626,3.5714912,4.269278,-1
186576,-16.261456,14.466841,89
10231,3.939263,7.906197,-1
120122,3.5039713,7.934736,-1
96711,2.801447,2.1399782,-1
166286,3.4927406,14.352487,-1
57604,0.62331706,8.612668,77
37633,2.0975957,-0.5561464,-1
74733,-0.009784034,10.017866,-1
31398,-4.156522,5.8927784,29
171598,-6.74668,1.9914919,-1
74762,-4.385127,2.848137,54
63825,1.5003328,8.028616,-1
78159,1.7054124,3.279583,-1
40879,-4.011278,6.0009937,-1
90785,-1.0731866,7.6427617,-1
65705,1.7416707,16.330835,-1
188080,0.35913262,2.8428352,-1
8760,-10.272252,-1.6856884,77
153361,17.857786,8.221141,77
164586,0.010592214,8.665255,-1
31978,-3.2671175,1.2394706,30
99353,3.6382358,3.1824133,-1
179260,-7.5561724,10.806864,-1
9994,4.3659716,12.033914,-1
37704,3.6549482,-0.6078468,18
65269,3.4352872,4.451592,-1
142547,3.5274603,-0.6278305,18
57294,4.2976265,4.9384217,-1
111239,5.0896535,18.334318,51
11075,0.7217575,6.996358,-1
108940,3.202322,16.375477,-1
167649,4.6196594,14.418914,-1
184148,10.062926,10.411866,-1
140940,1.8654308,1.6429508,20
153882,5.2022033,8.458854,-1
3290,-1.6735706,5.387408,10
44355,2.9961975,11.592937,-1
23584,1.0887431,10.46937,-1
18598,-0.06744281,9.110192,-1
84886,0.8052007,3.1114,-1
90763,16.828882,-2.42716,63
55587,5.4484234,10.024624,-1
15443,12.220877,9.108664,32
194909,2.871428,6.334599,-1
57260,4.6777754,-13.77345,61
73802,4.682731,5.4536753,-1
169225,0.80133766,14.734102,-1
74912,0.3938868,7.0371857,-1
25340,1.9453788,3.3200426,-1
92385,-0.20029591,5.591497,-1
78853,-4.2924924,-2.5990403,-1
19408,-16.26156,14.466466,89
138196,5.6626997,-0.4728339,-1
19417,-0.45708564,10.105581,-1
205961,12.075005,9.134943,-1
185724,-14.969001,12.235547,89
70806,14.347809,4.6334476,86
198873,-3.5812948,1.6329278,30
139462,1.5329909,12.237795,-1
203146,-2.1388917,7.0702677,-1
25042,1.7244052,16.25421,-1
62180,1.9309236,3.340418,22
140923,-6.2160573,12.686337,67
89386,3.6590128,1.4374304,-1
44376,10.16338,10.613738,17
156608,3.6960537,4.396044,-1
78057,6.205447,4.5507016,-1
69211,0.39340413,5.392841,-1
6819,0.09245898,5.3559747,-1
174588,2.2582843,29.067032,89
41677,-4.117266,3.1064658,-1
169260,-7.556262,10.806938,-1
90740,-1.6717956,10.0954485,-1
14611,3.398272,1.5900792,-1
851,9.781303,10.78648,-1
15434,3.2607656,13.879422,48
205626,3.5487826,4.2741895,-1
97161,0.40444073,-13.7655325,88
27913,0.6061454,3.362521,-1
171989,-4.1386323,3.444728,-1
118358,-1.6777912,9.345422,-1
648,4.611571,14.415143,-1
66822,3.7609541,19.329334,-1
64915,10.260566,5.50255,70
14530,-5.637523,8.829448,-1
190683,6.7632704,6.293472,-1
161812,2.6615775,4.777511,-1
32050,3.5838895,7.952781,-1
184253,-1.2170409,9.583317,-1
171662,-1.226888,8.374356,-1
184254,-0.9094186,6.176913,-1
18277,1.305562,9.449633,-1
155402,3.5778906,16.06563,87
175269,3.9897523,9.659899,-1
100455,0.1235447,8.942372,-1
1265,6.1715817,4.422217,-1
156627,4.761557,10.518278,-1
117467,2.9718559,-9.599053,84
156040,7.857243,17.746315,110
176981,7.9477525,1.2637066,-1
127404,6.2360697,10.987266,-1
198797,3.514271,-0.15510584,18
16044,-3.6239965,2.0414503,-1
205624,5.898052,9.569706,-1
53246,1.5501642,12.256187,-1
53285,5.9316335,1.7974051,-1
165108,4.678159,-13.773522,61
89033,0.11118124,0.7236579,-1
44315,4.5074935,7.428555,43
131288,1.7743775,6.9288616,-1
13986,-0.50146306,9.6774645,-1
188447,-1.1074889,12.540345,-1
7253,-0.90535086,6.183064,-1
4300,4.7355003,10.863945,49
206576,-16.799902,17.565472,89
126462,6.188112,6.981603,-1
142430,-16.734278,7.1794987,89
7252,-1.2037002,9.580238,-1
171098,0.18619235,6.89782,-1
10193,10.192663,10.617502,-1
131282,-4.2729883,3.5529656,-1
72071,-0.4791419,7.6928415,2
2149,12.6907215,1.8465521,88
191418,1.0070074,2.474565,-1
161818,2.0176218,3.0105913,22
91834,0.32872406,2.8859463,-1
176973,6.77399,4.3911343,-1
198410,3.3669033,2.2456834,27
126472,3.5164268,14.416542,-1
70647,-12.528758,12.836562,111
137059,6.266333,6.8022637,-1
179150,12.690688,1.8464164,88
111005,-4.8672495,3.1357708,-1
30074,13.770485,-3.5876324,98
174909,2.8733685,6.3264694,-1
26749,0.3919815,0.78007394,-1
140881,1.443695,7.8122954,-1
100116,15.611592,6.3251724,52
33156,13.646312,3.081905,112
26841,-2.962112,11.576714,-1
10783,1.3099476,3.2198415,-1
15411,3.06955,-0.781257,-1
155348,1.7821563,1.3832606,20
186449,7.6724305,15.547612,-1
9208,2.0086799,3.0175147,22
68653,10.190474,10.694854,17
30073,4.037772,8.179863,-1
179225,0.8092495,14.738647,-1
23535,-3.5521784,1.9667811,-1
204296,-3.2991092,12.490667,-1
178266,6.1711507,4.418404,-1
137004,-0.93595916,6.106257,-1
90812,3.6703162,1.1940114,-1
166533,0.0814557,5.668136,-1
44464,8.042516,13.912438,-1
79798,6.333211,7.8942723,-1
167604,-1.5944246,11.51415,-1
3682,6.768326,6.2885733,-1
14525,3.0391335,11.565159,-1
53038,8.299096,13.565958,110
61295,-1.8551792,9.668469,-1
137000,17.042637,2.4399378,26
71557,3.2244227,4.3007317,-1
168413,-5.4540863,16.177753,-1
44462,-0.53462064,11.092948,-1
19461,-4.7090125,10.819874,-1
153702,1.9697464,12.606175,103
77435,5.804111,7.3416123,-1
138899,-4.2637525,12.477447,-1
114755,1.0339166,14.429704,64
26990,3.3226554,5.098844,-1
157063,0.6322714,5.0079436,-1
153694,10.990519,24.048618,102
157818,0.26561028,0.7386997,-1
161882,5.5399637,8.941665,-1
194890,-13.069338,0.13376428,41
11977,-1.8713287,26.867826,89
173250,5.6278863,6.201072,-1
95259,0.040789567,7.2754207,-1
111834,-2.1585264,9.737303,-1
122629,2.6719878,6.9550605,21
10021,0.06626586,10.969974,-1
78058,-1.1422912,4.389111,-1
92507,-1.1087474,3.8607898,-1
61281,-2.0433273,6.574371,19
79774,-8.172483,13.62122,-1
18214,3.9827268,10.216372,-1
157757,16.297579,8.656599,85
93313,5.1375723,22.888254,-1
97304,3.0320048,11.603298,4
198064,7.3827405,10.448161,-1
57336,-4.1686177,2.4952438,-1
6799,-4.198162,-5.3589435,91
155144,-4.2559285,12.597538,-1
140899,4.798766,10.443886,-1
132421,4.7167506,5.512468,-1
206490,3.1651225,6.410549,42
37732,-5.51526,7.073316,-1
193800,-4.197876,-5.3588495,91
32219,5.108589,18.340511,-1
99581,3.8735735,3.865278,-1
190390,-8.320621,10.612418,-1
77454,-0.36041403,11.698979,-1
164617,0.069660924,4.824682,-1
138873,2.9449668,7.5178337,-1
132098,3.536747,3.9397504,-1
95868,7.721892,24.30635,102
27647,-7.2786603,8.196603,6
22124,-3.794428,2.0110605,30
150516,-5.5554314,7.125298,-1
82915,-3.4562333,-6.1081285,-1
38534,6.3210263,4.511141,34
178299,2.8777885,1.6225154,-1
98342,18.022568,-7.3501453,74
786,0.8254241,7.049358,-1
150657,6.125549,12.002616,-1
180876,-2.7324553,6.2028937,-1
205085,-0.52739924,14.528881,-1
85861,1.8093055,15.849774,-1
177398,-2.9564917,1.8133845,-1
175993,7.4307084,13.558957,-1
36893,3.3854008,2.2625117,-1
39200,21.504812,3.7856553,61
85817,-0.3634977,7.563355,2
43095,15.340589,-8.822923,74
155389,1.9785974,7.6396227,-1
29029,4.875023,9.06278,-1
202467,3.8718853,9.367214,-1
41,5.907038,14.77128,-1
5237,10.166836,21.447865,98
43048,-9.796176,22.509325,89
166437,6.329629,7.074187,-1
150622,-3.73423,3.832149,-1
32742,6.1388216,7.815568,-1
101263,9.648326,6.045858,-1
90876,-1.2582854,11.453487,-1
1345,1.1460391,14.077217,-1
150571,-3.7471738,3.0618443,54
97210,-5.880927,0.3625834,45
170137,3.7518568,-5.365388,-1
204160,6.244233,12.022383,-1
161230,0.4348651,8.820357,-1
170118,7.807917,14.362498,-1
180916,-18.51402,9.492041,89
180833,0.95603293,10.256976,-1
100263,-14.929682,6.266273,89
163238,4.375734,1.7868762,27
3530,1.626274,24.987637,53
161224,8.835663,-12.209773,89
168586,8.0274515,5.7977815,-1
47286,-0.33121625,17.867542,107
85885,16.297585,8.656611,85
34324,4.2007456,10.100079,-1
166663,12.722246,6.6399426,66
82976,9.559951,10.64499,-1
175164,17.16228,-1.8159943,63
97205,13.413811,-0.08406537,-1
47273,-0.4189339,9.657575,-1
159332,0.4090628,9.396523,-1
155325,3.2052279,13.935918,-1
28162,-0.49263126,7.939049,-1
88091,4.982043,18.055538,-1
168598,2.9223487,5.132553,-1
176010,3.1398327,11.607399,4
82863,-3.8876622,3.682931,-1
172238,10.166904,21.447931,98
3875,-2.733083,6.202203,-1
205171,10.366534,10.781844,-1
101210,4.7608085,2.2402043,-1
101324,-13.704639,-2.9899416,111
30113,2.806036,0.8440977,-1
170492,-1.6973407,15.454962,-1
202871,8.683407,3.8934093,-1
47080,5.0886974,18.333033,51
180953,6.5615444,12.254914,-1
24354,4.243464,2.232763,27
44941,0.73940396,3.074396,-1
203748,8.810944,-2.668453,-1
36708,13.727416,13.9113245,111
177787,0.8174011,7.0554795,-1
149411,-2.7238698,7.8020926,-1
149406,3.932459,10.167558,-1
160929,3.4810362,7.841057,-1
2703,0.31094173,2.9033089,-1
5466,3.8664267,9.361296,-1
173055,2.0309577,-0.60912734,11
181453,-0.38652495,7.5257745,-1
89002,9.695675,-4.5940785,38
86260,6.222623,15.014529,-1
100720,5.4887886,11.560557,-1
33847,3.530156,7.9240046,-1
91397,-0.33121118,17.867357,107
105560,0.07058592,7.291205,-1
166490,-3.0201461,8.544141,-1
94558,1.3829806,7.8555694,-1
32041,2.060149,-0.5752298,11
164562,5.677278,2.0450017,-1
105607,12.250398,-8.276505,92
2696,-1.5253931,4.1270556,7
156248,6.3922377,4.6236563,34
42429,7.5085163,0.849141,-1
33819,1.914017,2.172854,-1
92936,1.8648964,3.0613558,-1
149340,10.990779,24.048285,102
24654,-4.6446095,3.9629087,-1
163106,2.0286458,7.156264,-1
149435,10.286686,-1.7828263,-1
33645,-2.176025,9.4349,39
89035,3.2847083,14.821632,-1
29398,3.3990529,16.250593,-1
203894,2.8374472,-0.7737318,-1
36741,0.2996402,9.640277,-1
42078,3.0889056,2.7658708,-1
30034,4.3086343,4.964658,-1
100771,5.660443,15.301467,-1
47892,0.045182172,5.7056103,-1
161050,1.4668903,7.464832,-1
91396,3.412415,8.173981,-1
167930,2.328846,10.656865,69
172294,-15.95365,2.5411644,87
168751,5.566277,-0.14573851,-1
26258,5.2286644,8.143443,-1
181389,2.7552252,-0.16994172,-1
86472,2.5061321,3.3650107,-1
95700,-5.766456,10.792825,80
95128,3.1947446,13.858118,-1
200531,1.6262696,24.987623,53
149538,2.9478006,1.8862847,-1
47934,-9.353063,-11.627123,89
94286,14.332813,-0.6955963,111
42535,13.652721,3.0916457,112
82487,10.167042,21.447987,98
163707,6.006773,20.765507,80
2706,-2.1898034,9.211453,-1
89023,1.8448393,16.138832,-1
149484,1.0589821,3.221838,-1
159773,6.327397,7.8218713,-1
149316,0.11606792,11.028696,-1
203844,12.585053,6.7096434,-1
36742,2.9535823,2.7806733,-1
39292,-4.6930723,3.981914,-1
168673,3.2002592,16.775642,-1
42163,-2.3019025,8.245443,47
88942,9.048991,3.442317,-1
98098,3.6762903,1.2486295,13
163835,12.551213,18.332884,105
177654,-0.89615715,11.6364355,-1
171518,1.0359823,-2.131494,84
38427,1.9331396,8.886881,-1
92329,4.831519,6.644604,-1
21577,6.3635554,4.513157,-1
173927,3.2091112,16.766752,8
82338,0.92871374,3.9550023,-1
156519,4.8153915,5.8184524,-1
42258,1.5341743,7.988655,-1
3637,7.515895,0.8499891,-1
39325,-3.6387146,10.233537,-1
42224,2.6702182,6.9527407,21
164578,2.9122262,6.2624054,-1
100525,-9.443995,11.85673,66
32713,5.0897455,18.333515,51
156482,-10.163005,-8.136481,89
88371,13.400707,9.453585,-1
92325,1.0866123,6.6830926,-1
171076,-3.3454885,-0.36994275,-1
175085,-0.52712905,14.529067,-1
1750,5.5645065,-0.14521873,-1
39351,1.1329501,6.7271295,-1
91413,15.974836,-9.076327,74
1757,0.92953753,-7.698432,77
92316,2.6303744,4.150602,-1
91417,3.066338,9.636562,-1
929,2.3295143,10.655321,69
163842,17.82508,8.205175,77
36690,1.0468049,6.607818,-1
38396,18.390976,17.585573,53
653,-0.8959699,11.643494,-1
175713,1.6714363,3.2586074,-1
173953,-1.6176909,16.5979,59
163163,6.2462626,12.029911,-1
24688,23.593561,1.7684478,102
156348,-13.051347,0.14787965,-1
88300,7.953815,10.896802,-1
170361,-3.431156,-0.039229836,-1
156567,6.254534,6.5279546,-1
181518,1.035852,-2.1317616,84
48154,4.2678947,10.527188,51
3662,3.7936265,-1.0882661,-1
168721,-3.4481397,-6.1613364,-1
42321,-1.5721451,10.283358,-1
163829,4.437164,-2.3704119,-1
42311,-4.067902,3.326428,-1
5500,-3.584395,7.0264325,-1
35469,1.6077546,16.43571,-1
100606,7.2587075,7.6482124,-1
39368,4.015887,5.2684717,-1
200492,-1.6972587,15.45514,-1
156424,-0.16288438,5.636302,-1
30617,-1.519241,5.682547,-1
1298,2.8773983,1.6210417,-1
180990,0.48527032,12.55074,-1
202501,-3.5846767,7.027351,-1
21971,5.362947,0.021031084,-1
155768,-4.277338,3.5663662,-1
47489,6.2286468,6.9689183,-1
181076,-3.3455083,-0.37023243,-1
159501,13.413675,-0.08416661,-1
150024,3.7112262,-0.5748298,18
39666,-0.3060273,11.0431185,-1
2760,0.6615768,0.98901623,-1
98240,5.4645624,-7.055967,77
163876,1.613761,6.5912642,66
165946,-8.180395,18.101067,107
200663,3.792845,-1.0848442,-1
100375,3.0363562,9.832695,-1
165933,8.189574,7.781356,-1
97465,-11.757452,-4.759105,91
82802,8.536162,-1.5549308,21
36281,-4.53909,3.8852026,-1
204892,-4.561312,4.2447324,-1
86541,2.2553232,13.074599,-1
86005,5.6524353,2.0647655,-1
204263,2.597809,-5.428593,-1
47550,-1.9895499,6.678838,-1
95114,4.1548,6.6745973,-1
86533,4.1512756,10.310469,-1
88900,-1.7067524,9.299257,-1
200638,7.5159206,0.8498099,-1
205435,-10.16284,-8.136487,89
166963,7.271106,9.442295,-1
166140,3.4660072,-0.40207955,18
34246,-4.2659335,12.612503,-1
34315,4.1136785,9.56214,-1
101186,3.7351649,-0.5677778,-1
155638,11.956214,-2.5688014,58
167042,5.891466,14.753496,-1
92025,15.7335615,19.812912,89
205164,17.6178,-2.1985447,63
162925,6.824555,7.6298122,-1
175936,-3.8315508,5.7984953,-1
3832,0.95894796,10.255315,-1
162927,6.2584367,11.044539,-1
155660,2.909674,-0.4505185,-1
89945,5.3280306,-4.794449,-1
47394,8.030164,-3.2925627,84
173894,2.8420072,-0.75288755,-1
155741,1.6237274,12.2782755,-1
150092,6.8960805,7.6257052,-1
89072,9.749626,10.695497,-1
94595,-5.949439,8.642151,-1
41942,-4.3763885,2.840068,54
47432,-0.14326921,5.033974,45
98259,0.4152462,12.933545,-1
155723,10.433047,18.983421,82
90048,3.2021377,16.720268,-1
156814,3.10443,5.03828,-1
42866,5.465235,7.5114083,-1
27687,0.40120852,10.896455,-1
5293,-15.953791,2.5411506,87
149923,-0.81964916,11.391436,-1
166454,15.530487,24.690884,88
97243,11.532002,0.79902035,-1
166834,1.6510533,-3.1598804,77
200585,7.263953,7.6501236,-1
159310,-5.371219,10.515107,-1
42707,1.6518457,2.728484,-1
96048,0.2310446,11.502557,-1
42047,2.176162,2.8440988,-1
86126,1.9523982,9.703342,-1
36620,5.264081,9.466516,-1
177930,2.3286397,10.658488,69
105326,-3.8038454,3.0953505,-1
166016,5.265828,7.0780296,-1
36110,10.839331,-0.2576703,-1
161104,4.158353,9.327185,-1
168758,5.4645343,-7.056399,77
95120,2.3399904,9.609768,70
105270,-1.7768712,9.561439,-1
163055,-4.471572,3.8712807,-1
173993,17.91706,5.2625837,64
82568,-1.7585595,5.418651,10
3584,7.261987,7.6510396,-1
163059,0.19653173,13.019783,-1
26219,6.312135,11.0793915,-1
86205,10.445556,3.2025065,44
160041,15.733555,19.812944,89
90841,6.6615043,7.01669,-1
181288,-8.181553,19.347916,107
42623,-0.76908326,13.033949,-1
2649,-5.9825025,-1.7615154,-1
42617,-2.0951247,5.083095,-1
92344,10.991176,24.047668,102
206010,3.1285336,11.611288,4
82738,10.26046,5.5026355,70
2385,-5.7847767,-5.792295,-1
24899,2.9044738,0.9843365,-1
149880,18.533878,-4.9180794,88
93475,13.632896,-5.5857935,63
82706,6.707174,6.2238746,-1
161148,3.3706038,-0.38057828,-1
155806,1.6554447,10.746324,-1
26774,-0.8602519,6.0651717,-1
86034,8.359703,13.546685,-1
86522,3.3633697,2.261846,27
155819,-4.107193,5.877609,29
47645,4.14909,7.7467775,-1
101004,-4.2803125,12.560633,-1
105230,1.6753155,2.929702,-1
156736,3.4831686,6.5548334,-1
42034,-11.304774,19.718449,89
175849,-7.209512,5.273399,-1
164711,1.4030482,12.190065,-1
88417,8.194954,21.311089,-1
98201,0.20146787,11.003648,-1
92974,-3.3039322,1.5565932,-1
205849,-7.232814,5.279439,-1
206290,2.0016065,0.6282518,-1
100415,-3.44807,-6.1610727,-1
86098,7.875505,10.660998,-1
31931,1.3717364,6.7856903,-1
206953,-0.1234301,15.624632,-1
2733,-15.354179,11.47957,89
174892,-4.5611353,4.2419624,-1
157231,7.047678,8.220263,101
104809,6.3101745,4.603548,-1
37782,4.836856,8.979952,-1
89631,5.823675,2.1524158,15
45704,-8.199229,18.119257,107
99671,6.962405,19.401882,73
175435,-9.359488,-11.61348,89
205713,1.6711798,3.2532165,-1
169707,-2.1993182,9.206436,-1
103541,6.8654094,7.3109426,-1
4287,-8.053258,17.70229,107
84038,3.5970032,14.444076,-1
169704,0.30995086,2.9019783,-1
153936,9.757809,-4.6494603,38
170663,3.792106,-1.0835172,-1
87091,3.2531235,0.026043277,-1
29306,2.7450008,3.6828587,-1
87685,3.5883484,3.9020596,-1
169697,-1.5162103,4.135517,7
44260,4.746788,5.979341,-1
102375,-2.9391985,14.7980385,-1
44237,-5.5318055,7.2124248,-1
37350,-1.5729448,9.980114,-1
205936,-3.8324518,5.796478,-1
38987,-2.452833,12.266767,-1
99712,0.77167946,27.32301,74
176393,-1.1002159,18.979788,83
162262,8.535781,-5.926559,-1
201389,2.7566266,-0.16894224,-1
102389,14.497841,-1.0545158,111
25725,-3.024093,8.543087,-1
165455,16.752853,2.51792,26
164060,0.4391144,6.709721,-1
44255,4.7436347,1.4858329,-1
36143,16.99445,2.482266,26
31617,5.3625417,5.9723477,-1
160320,-2.0525606,9.648095,-1
167243,-0.81082475,0.2163961,0
41150,-4.885453,3.2519577,-1
176953,-0.12318745,15.624912,-1
89372,4.305857,5.847674,-1
167245,1.3844751,2.6925163,-1
45565,-4.142469,4.0352225,-1
152458,6.441748,7.478558,-1
40456,-13.078962,0.12383711,41
84158,10.992121,24.047647,102
91061,4.445753,10.2617445,-1
201453,-0.3905665,7.525457,-1
173748,8.810279,-2.669161,-1
152513,8.429262,3.5322971,-1
206133,4.228503,5.0756736,25
45506,4.8847666,8.905212,-1
84844,9.0289135,3.4430082,-1
33611,13.43208,16.723385,65
1597,2.926755,5.135819,-1
28830,-1.209931,9.571164,-1
153762,1.9305363,9.422321,-1
37746,1.9745278,9.702866,-1
96822,6.3278656,4.5077267,34
160579,0.30412,5.334906,-1
31565,6.011944,2.3661377,-1
165414,-4.875031,3.1466,-1
166330,2.5518534,-7.701542,102
162245,0.5344955,6.4593897,-1
153887,5.16889,2.1294355,-1
31210,2.1646972,11.330298,-1
27190,15.334791,-8.820601,74
170833,0.95851564,10.252566,-1
169650,-5.9826813,-1.7616577,-1
40436,2.3567855,9.383706,70
152410,10.167037,21.447994,98
36371,-0.05924936,11.97142,-1
153850,-0.6190581,11.989752,-1
84870,5.3910375,-0.00017767478,-1
179847,6.5626674,12.25289,-1
166648,6.333191,4.448502,-1
35579,4.397171,5.108062,25
175470,3.7256773,13.743519,-1
30450,10.40856,10.783116,-1
98691,18.390837,17.5856,53
37839,0.55393094,14.525931,-1
180137,3.7519424,-5.365369,-1
90992,2.726208,2.1632648,-1
177042,5.9025903,14.76963,-1
151988,-0.35395524,10.587751,-1
170876,-2.7329662,6.202463,-1
83863,3.6495497,-0.49210006,-1
28238,-13.355112,17.608013,89
180118,7.808267,14.361595,-1
152067,2.1932282,10.131864,69
152069,6.1336308,27.367418,88
36494,3.2698257,6.85444,-1
205242,18.390774,17.585629,53
92121,-4.9144073,10.379109,73
172066,0.5608839,10.520291,-1
242,-0.80666983,0.210646,0
31078,0.8874241,11.964684,-1
96397,3.042546,7.1214957,-1
85163,6.3983064,10.99051,-1
46042,-16.261564,14.46639,89
151901,-2.1047308,6.7247267,-1
162433,18.40639,5.115638,64
1585,8.029529,5.7967076,-1
102162,8.535894,-5.9265556,-1
1672,3.2084494,16.76721,-1
45988,14.253623,9.408778,32
45987,-1.3504657,9.239125,-1
23790,1.8723398,1.7347593,-1
205234,-3.8173046,1.5434026,30
29202,-15.356273,10.273263,89
202066,0.55965054,10.520332,-1
43990,1.6171532,6.5923066,66
25257,-3.938428,5.832583,-1
35019,-0.6165963,3.1276937,-1
244,1.37321,2.687514,-1
85018,-1.8117775,5.3916297,10
31640,4.4820194,9.392445,-1
169761,0.6338935,0.9676695,-1
173410,5.663446,-0.47452593,-1
99718,3.2093012,16.766762,8
173844,12.584708,6.709897,-1
91789,3.0099046,6.9166355,-1
169734,-16.261896,14.46618,89
89668,0.84232897,3.8047917,-1
35893,-3.9557602,5.6193213,-1
4761,-4.315201,-2.6291966,-1
173235,-1.6808015,5.2628765,10
32411,8.47764,3.5317295,-1
45762,0.34850535,3.5487404,-1
102374,12.551213,18.332884,105
95255,13.849293,9.419964,-1
31652,5.432054,7.209434,-1
44126,-0.34492323,10.262863,-1
97625,13.795079,21.669334,102
22809,3.6628435,1.1329944,13
102227,-7.001581,9.352015,90
160672,-2.5413647,18.030874,101
154135,4.0407825,5.4353085,-1
25259,-2.2971606,6.843414,19
180081,-2.5348523,-1.4566733,62
89362,-16.261848,14.465646,89
45881,3.7351487,9.473422,-1
44090,7.7218585,24.306473,102
22794,3.7257102,-0.65009224,18
170638,7.5167017,0.84988695,-1
204669,1.6409304,6.568073,66
102252,9.912792,7.122653,-1
201288,-8.165267,19.340519,107
36380,7.088572,13.6976,-1
97755,4.136599,1.1434412,-1
96726,3.2966406,14.1815195,48
158274,-13.085787,0.115919635,41
203207,10.991946,24.047165,102
157930,-4.3721747,12.641257,-1
99071,18.658644,20.230192,88
96634,5.861693,6.7638545,-1
4452,-0.35542616,7.5086927,-1
36164,2.1110976,3.4700868,22
94861,3.3892016,14.458395,-1
26610,10.992949,24.04702,102
88950,4.073561,11.682568,-1
169386,-5.7829566,-5.791679,-1
3136,3.7519515,-5.3655243,-1
89449,-1.62951,5.3416166,-1
153394,2.551971,-7.7018466,102
179386,-5.782705,-5.7915716,-1
99061,4.1131153,14.290229,-1
179588,-1.91497,0.93199384,-1
84198,-2.2526288,10.104529,-1
44686,0.09401777,5.328544,-1
162134,0.9295702,-7.69811,77
167654,-0.8764093,11.6608925,-1
102860,1.7012837,15.8852825,-1
153485,-2.2007859,15.146731,-1
40633,-6.652287,0.8722824,42
99429,0.21537018,0.59917176,-1
89532,-2.119443,6.5319242,-1
179591,2.941986,13.940924,-1
103215,4.152481,1.1509058,-1
37514,-4.63446,3.646569,-1
3117,7.808729,14.362478,-1
84346,1.0390766,3.961846,-1
34032,4.602021,8.892948,-1
99052,-4.2984567,12.621373,-1
40903,2.438745,6.4620867,-1
95294,-0.99242836,5.983003,-1
87295,-2.1005087,6.515818,-1
90629,0.94164264,10.483359,-1
44917,-10.160027,-8.137741,89
95787,5.172638,22.926105,40
153128,3.4111867,4.3843164,-1
166633,15.226346,-6.1734023,102
94295,-1.1526903,7.588813,-1
168346,1.1499249,14.057009,-1
163467,13.93987,7.34218,-1
92577,-1.6494528,16.33845,-1
90623,-4.1970797,3.5505564,-1
92579,-1.7385188,9.935417,-1
4517,1.0359036,-2.131783,84
93702,-5.18027,22.65448,102
1414,-3.8609245,4.1417284,-1
94871,3.3895397,13.625435,-1
23274,8.429256,7.4851875,-1
89504,-1.803291,9.697613,-1
95296,4.0581493,9.75829,-1
164224,6.765684,7.066878,-1
44903,15.771158,13.737222,96
203235,-1.680843,5.2606378,10
92556,9.604212,0.25741896,70
90279,8.192285,7.819088,-1
84517,3.4378526,4.453203,23
87319,-2.4615111,12.491807,-1
26569,12.876295,8.920438,-1
89471,2.807351,3.2509272,-1
153285,-2.2842152,6.8331923,-1
88683,-4.740399,10.809349,-1
153026,6.7428246,6.2359595,-1
158157,-0.45728233,2.5413015,-1
34859,-10.162011,-8.136981,89
153237,14.335543,9.572772,32
36176,1.2894797,14.633399,-1
34857,-6.0695987,-2.7795987,86
179650,-5.9828997,-1.7617458,-1
156,-1.8712931,26.867887,89
40954,7.72206,24.30648,102
103311,1.4146733,8.872305,36
84240,2.3933473,8.265723,-1
87608,13.770729,-3.5870693,98
176855,14.497743,-1.0545965,111
27377,0.1146889,10.711352,-1
153700,-4.997193,3.3107567,-1
44488,0.9295835,-7.6974487,77
161909,3.6236115,1.1622388,-1
84783,-0.426515,10.167591,-1
94827,-7.251216,8.204974,6
179734,-11.304866,19.718449,89
3080,-2.535427,-1.457379,62
28731,-1.5314655,-4.6896157,58
201518,1.0356064,-2.1322508,84
176529,13.401809,9.453103,-1
34947,2.5326211,1.9243431,20
84754,-3.409509,1.9019365,-1
176503,1.6703309,2.610338,-1
179761,0.6259557,0.9622671,-1
171288,-8.165382,19.340595,107
153740,2.9353654,1.1769501,5
91771,0.45696887,3.5274649,-1
44452,4.0408206,8.711196,-1
84211,1.8367232,1.7056881,-1
203410,5.663622,-0.47569466,-1
87211,2.874095,6.337141,-1
31542,6.309093,11.087672,1
152624,2.1215801,-0.5694884,-1
84804,2.9563818,7.4436045,-1
25381,-8.099542,12.652855,87
102627,-0.8035637,6.2321134,-1
36450,-9.795969,22.509165,89
168415,-3.8645952,4.1333547,-1
161889,5.3542995,5.9686937,-1
44558,6.150382,-2.8834608,-1
40549,14.333267,-0.696112,111
34755,7.9467025,1.2611501,106
31276,7.9321218,14.555024,-1
40581,3.5058446,7.949564,-1
201762,-4.3150716,-2.629122,-1
84708,3.2659342,9.768267,-1
90113,3.7375886,1.0885321,-1
102763,-4.339862,3.7591827,-1
84659,12.216552,9.069792,-1
165138,1.8834357,10.5352335,-1
45221,3.175752,0.62400687,-1
38764,1.0183381,8.425907,-1
25611,0.7892061,9.405779,-1
168299,2.8754616,1.6236026,-1
92528,-10.362371,10.06139,-1
44637,1.4689808,7.467718,-1
26555,-3.2639077,1.2338165,-1
37486,3.686047,-0.3494871,-1
23447,4.1928096,6.8453336,-1
91496,1.9424602,1.7765144,20
153545,12.721581,6.6405473,66
40977,1.5436231,7.957089,-1
4388,2.7564175,-0.16889964,-1
162179,-3.5084198,2.059967,-1
169591,2.9787998,13.965898,-1
179707,-2.1922338,9.210396,-1
153595,12.303316,8.935488,-1
169588,-1.914046,0.93133146,-1
93300,5.0631075,8.647673,-1
35705,-10.54506,6.0959907,64
30281,4.6779885,-13.773484,61
84728,0.771696,27.322992,74
94908,2.9445732,4.8276653,-1
179704,0.3089028,2.9025223,-1
179697,-1.5153346,4.1341534,7
96814,1.9771435,12.602872,103
99488,7.3152676,13.662932,-1
25229,-4.0267982,4.909804,-1
157462,1.848019,7.5075574,-1
206393,-1.1081023,18.982496,83
43445,-1.9099642,5.3383484,10
22341,4.8461123,8.974222,-1
3989,0.4769661,12.557411,-1
90182,2.0088983,3.3425758,-1
33904,3.7724862,1.5861307,-1
104512,1.9098375,2.3363266,-1
29821,10.836002,-0.25449792,-1
46664,2.0039682,2.001984,-1
157154,-3.9287004,3.795584,-1
205993,7.4304132,13.5586,-1
91940,2.3703766,6.3543715,-1
202944,4.6312523,15.124316,-1
154958,10.148104,10.621091,17
27829,-1.2871238,3.2237835,-1
173720,4.762907,6.174343,43
151097,4.9214478,6.233837,-1
41608,0.1913798,12.187161,-1
89830,-13.70468,-2.989956,111
30502,3.3387318,-0.44586927,-1
94273,-7.1678634,4.286639,-1
200916,-18.513966,9.4919405,89
27026,14.254118,9.409404,32
165733,7.974586,16.689747,84
150991,9.668179,10.667242,-1
30937,7.4638042,14.675528,-1
178415,-3.8663225,4.13395,-1
170531,1.6264012,24.987293,53
43333,10.992504,24.04678,102
89197,15.974751,-9.076139,74
38056,-0.95538425,6.0855336,-1
30939,-11.605007,9.687445,-1
41619,17.625986,-2.209554,63
36123,9.042836,1.8121485,85
177245,1.3753699,2.698987,-1
89836,2.570457,2.1843684,-1
177243,-0.8048069,0.21383612,0
180585,7.263053,7.650867,-1
101626,2.4880292,4.971623,-1
170953,6.5607657,12.253806,-1
43557,0.27640358,8.472647,77
28413,4.148686,4.971482,25
200953,6.563611,12.255906,-1
34480,-4.3907332,2.8281968,-1
174160,6.2447906,12.0235405,-1
159097,3.887642,-2.658865,72
180531,1.6263179,24.98752,53
157209,8.835745,-12.209657,89
174759,-1.579931,7.6748366,-1
35977,2.9933202,14.011573,-1
161534,-11.711397,-4.8059893,91
164417,9.695756,-4.5941906,38
83421,-0.769132,12.449899,78
158068,-5.77918,-5.7944355,81
37975,10.424421,3.2240655,44
91279,3.3293517,4.692248,-1
83360,-1.8945651,26.838348,89
151222,6.502598,4.390661,-1
37035,-7.205394,3.7966964,-1
166843,-8.182107,18.102604,107
176133,4.2350307,5.0735345,25
202294,-15.953182,2.5412302,87
94693,3.6318035,4.665803,-1
46631,4.5653033,7.603484,-1
165707,-9.35944,-11.613729,89
29556,-0.21027368,6.2260394,-1
27044,2.664853,7.684992,-1
5065,0.5640291,10.521021,-1
90926,1.4289132,3.009846,-1
172917,6.124626,6.327054,-1
203953,-1.6176976,16.603075,59
159130,6.3865466,6.5105405,-1
154847,6.6999674,15.618053,-1
180638,7.516376,0.8498166,-1
96260,-4.0771284,5.7460575,-1
32540,-3.5832746,1.2716608,-1
36939,8.244962,22.406101,63
24220,15.530255,24.691174,88
171453,-0.3793729,7.5233054,-1
85745,-7.1943135,3.7240365,-1
83060,0.9595646,10.25058,-1
89121,-1.7403486,5.4824524,-1
203720,4.746712,6.18691,43
178346,1.1458228,14.074936,-1
46897,1.3294389,9.450023,-1
96236,-4.254717,3.46365,-1
41708,5.1591277,18.41392,51
170081,-2.5351062,-1.4567553,62
32125,-4.995735,3.1236355,-1
85718,1.6932789,1.5620055,-1
167095,-0.10605483,19.602083,-1
98363,-15.9533415,2.5413048,87
203927,3.2091494,16.766823,8
166169,-0.8429751,11.383143,-1
205470,3.7271261,13.733509,-1
36006,-8.180923,18.100262,107
93461,5.137802,18.387186,-1
203724,3.100973,6.0981727,-1
41782,13.372703,-0.05356203,-1
3491,-1.6963317,15.456248,-1
104791,-4.951313,3.7144747,-1
24228,2.2221684,4.366534,-1
150686,3.9653747,8.309668,-1
34376,4.5137134,9.26188,-1
170990,0.47904447,12.555298,-1
83037,2.5288944,3.4207826,-1
3915,-14.92939,6.2660537,89
38144,9.883388,4.0535007,57
150697,-6.841678,5.9026437,-1
104727,1.6077845,8.8281975,-1
163287,-6.0994945,12.584989,-1
89848,16.703238,2.5026643,-1
83177,5.013993,9.877969,-1
41661,9.695764,-4.5942926,38
100068,4.7957635,10.019511,-1
22278,5.1101108,18.337166,-1
157113,10.172871,10.611226,-1
3952,6.562139,12.255232,-1
101519,-3.7656298,3.2253385,-1
172944,4.631267,15.124634,-1
46776,1.0597736,10.474564,-1
43274,3.2296593,6.458725,-1
2846,6.564014,12.253641,-1
180663,3.7914648,-1.0831442,-1
163621,6.714029,7.685182,-1
167157,-16.261948,14.465349,89
35995,3.8618095,5.1083226,-1
150959,-3.8366404,3.713244,-1
88039,5.042428,6.1186385,44
5128,-9.444081,11.85672,66
83171,7.8574553,17.746422,110
175171,10.365613,10.781879,-1
46817,5.1969604,9.544663,-1
96240,-1.7885498,6.7166033,-1
26992,3.4665966,4.6624327,-1
202917,6.1495824,6.354467,-1
206529,13.391677,9.45416,-1
96241,0.17038427,11.132279,-1
41684,-2.7141826,7.784426,-1
200833,0.95843935,10.253968,-1
36117,-1.3659416,10.684193,-1
92786,-0.39734983,7.5963273,2
22255,0.53021735,11.8462515,99
36970,-2.0790668,6.7098374,-1
33349,-5.5136023,7.3997173,-1
200876,-2.7333,6.202165,-1
41663,8.836187,2.0477831,85
200990,0.478748,12.557289,-1
29855,3.533229,14.679524,48
157367,3.6960356,7.906176,-1
174669,1.6333479,6.56341,66
2587,-1.9135474,0.93079597,-1
178751,5.5644565,-0.14525865,-1
161621,4.004417,7.622102,-1
104040,3.1961272,16.407537,-1
205520,3.2372253,11.778817,-1
26469,-0.4558177,10.1071825,-1
102046,-7.0399547,8.175046,-1
43866,-1.5864279,5.414456,10
178758,4.37629,-7.1930294,77
167787,0.80907667,7.056573,-1
104013,3.4644263,2.335195,27
40153,1.2770386,5.7656183,-1
85274,-1.5994674,10.316686,-1
169847,6.564739,12.254025,-1
37182,-12.528699,12.836454,111
90471,3.9916651,5.6585326,-1
151365,-4.738468,3.7103372,-1
41399,11.418829,5.2101665,70
34600,0.096503995,0.74097216,-1
180361,-3.4312782,-0.038992565,-1
151628,-2.5059593,8.716214,72
90944,2.0091503,10.32353,-1
206855,-13.704699,-2.989968,111
23893,-1.4703603,21.367214,60
94115,1.4679123,7.463157,-1
162517,4.239097,4.824688,25
37911,0.22737156,0.66178375,-1
154424,10.167111,21.448061,98
1720,-3.4481237,-6.161176,-1
94420,5.0945096,-0.028295536,-1
172501,-3.58504,7.0291553,-1
172129,-9.444155,11.856753,66
95032,15.611735,6.3252316,52
175242,18.390755,17.58538,53
171389,2.7516217,-0.16817954,-1
96979,0.25562724,5.378084,-1
167398,-2.9589822,1.8119222,-1
174263,2.5977583,-5.428576,-1
173207,9.865183,-7.619714,102
87836,2.954674,7.604973,-1
83716,3.5655806,14.384937,-1
203585,-2.2014158,9.173501,-1
34619,4.623401,2.3057039,-1
151798,17.917292,5.2623897,64
151828,8.684822,3.8956714,-1
151839,5.8642116,2.139045,-1
40170,2.4261546,2.3680341,-1
151850,-2.3082047,6.8338246,19
41331,2.5160599,8.465052,-1
98630,3.9907656,4.5651736,-1
86986,4.8275642,6.2193184,-1
91893,2.405974,9.569826,-1
85186,6.700328,15.61919,-1
151868,10.578414,3.0626147,44
99849,-0.4695639,12.246849,-1
206503,1.6562479,2.6133971,-1
3360,-3.4318979,-0.038298458,-1
158866,3.3402176,2.2314057,-1
397,-2.9599814,1.8120722,-1
33951,1.9772774,7.6372232,-1
203993,18.406343,5.115579,64
170916,-15.356371,10.273403,89
99858,3.1158009,5.1519036,-1
171762,-4.315058,-2.6291676,-1
91519,-0.97942007,11.539865,-1
35931,11.097239,14.033644,-1
46170,-0.54628515,11.466993,-1
27130,4.6795897,-13.774297,61
46167,4.702724,7.7533746,-1
176290,2.0089514,0.62128884,-1
23834,5.294009,12.29624,-1
203055,2.062592,-0.58341885,11
177095,-0.10438694,19.603003,-1
201076,-3.345508,-0.3702216,-1
151608,1.0263184,14.237756,-1
158954,-7.060127,3.9372118,-1
40084,3.5967484,14.390603,-1
25901,4.660728,2.9221654,-1
173724,3.0821452,6.1209526,-1
178598,2.92453,5.1371665,-1
164840,4.306489,10.115228,-1
31768,-7.140921,4.386628,-1
98484,3.3138704,13.74451,-1
204759,-1.5855305,7.678225,-1
202238,10.545566,21.50509,98
104211,-2.2981937,8.247502,47
86891,2.5085585,9.891753,70
31767,3.8502827,13.904061,-1
28911,0.7107566,3.9614143,-1
96328,-2.019057,9.691765,39
104214,4.02061,7.929216,-1
27080,4.225429,4.830053,25
94,-0.10662957,19.60306,-1
91820,6.1367207,10.923523,-1
175520,3.2193594,11.764182,-1
32496,-2.951302,2.2947268,-1
92395,20.356848,14.451072,88
180492,-1.6976751,15.455255,-1
91256,3.195524,9.85613,-1
172467,3.8682306,9.372644,-1
40051,13.806136,21.67614,102
29632,0.013853299,5.5409813,-1
46440,-3.7238104,10.2120695,-1
159067,4.2709217,2.0134609,-1
95879,2.0727384,9.27715,-1
160765,6.542731,4.7402205,34
165636,3.6574483,4.8653994,-1
27072,10.99247,24.046797,102
178586,8.028679,5.7974544,-1
151446,0.17311007,11.021463,-1
33918,6.2201505,11.91886,-1
159018,6.237628,8.864012,-1
178721,-3.4481874,-6.1613693,-1
104138,4.4241652,5.104551,25
28216,2.575808,7.675034,-1
23926,-3.5398016,2.1686335,-1
172871,8.683289,3.8931801,-1
86921,5.208479,6.374649,-1
34594,6.1581745,4.924684,-1
99883,1.1322467,9.302054,-1
85360,5.861594,6.4311857,-1
177157,-15.399374,8.5005865,89
46372,-5.563953,7.1360826,-1
173585,-2.210804,9.171865,-1
175234,-3.8163633,1.5428216,30
154483,0.7874547,3.0192688,-1
202129,-9.444191,11.856809,66
32195,4.069897,3.260639,-1
38644,1.8973238,7.4012756,-1
151554,4.021985,9.768827,-1
37927,3.3596637,-0.20517091,-1
170585,7.2634635,7.6506233,-1
37138,-4.814592,3.260949,-1
46362,-8.136913,19.310713,107
27941,15.6119175,6.325288,52
29641,0.44058275,11.357398,-1
43681,6.3854685,4.5985203,34
4075,-3.3456047,-0.37031144,-1
2590,2.9855995,13.96425,-1
94752,-4.2614317,11.2294035,-1
178673,3.2089586,16.766909,-1
104189,-13.071994,0.13086967,41
37930,2.1494,9.648439,-1
97579,-2.0017495,9.477435,-1
101886,3.3761492,7.155324,21
96347,2.7772796,10.614812,-1
24757,-6.949031,5.1758776,-1
130372,4.3763065,-7.193076,77
138693,9.865123,-7.619702,102
54293,3.3139079,4.255476,-1
17680,-0.8133389,11.409626,-1
109933,0.9508043,6.559228,-1
132473,0.74984103,3.2746897,-1
136421,-6.52318,5.556643,-1
124330,2.0296288,-0.54178756,-1
50963,-2.5020218,8.715202,72
17683,3.025073,1.1013864,-1
134046,0.12693597,8.569545,-1
128669,10.992821,24.046324,102
189650,-5.9830346,-1.7614756,-1
118812,8.865167,4.807256,-1
71688,-3.7347083,3.82424,-1
136392,1.4597919,5.6487756,-1
111582,4.710578,10.92862,-1
197654,-0.88803786,11.648256,-1
111583,-7.848996,11.721125,-1
118817,3.065398,11.604161,-1
118799,1.3467361,2.9119673,-1
10722,-4.4125915,3.5347328,-1
145116,-5.2196765,2.9343913,55
128526,-1.5463281,9.69264,-1
109924,0.43937355,5.8097754,-1
118769,6.1886687,6.924441,-1
184759,-1.6161765,7.6778812,-1
183055,2.0710394,-0.56932235,11
114004,-4.0198975,-11.398296,89
6206,9.670812,23.366947,102
54274,4.935041,9.677482,-1
189707,-2.1942658,9.207254,-1
73830,5.2227345,2.7989755,-1
191762,-4.315653,-2.6301363,-1
194263,2.597713,-5.4286575,-1
189704,0.29210764,2.8995242,-1
189697,-1.5171863,4.1324086,7
12897,0.22034787,0.58535045,14
199588,-1.9107662,0.92784667,-1
199591,2.965749,13.974471,-1
182917,6.150949,6.342156,-1
189591,2.9614213,13.97424,-1
145619,3.2969375,7.3111467,-1
189588,-1.9115635,0.92781943,-1
116215,4.9407897,10.498335,-1
63613,2.6492062,4.397154,-1
113383,3.0869455,11.607427,4
59454,6.279815,4.5322366,-1
118945,9.112028,6.244522,-1
199650,-5.9833803,-1.7614578,-1
182871,8.684382,3.8951366,-1
194160,6.223602,12.002646,-1
78891,2.595882,4.943235,-1
124018,5.1725526,9.550973,-1
71573,-4.915203,10.380148,73
50690,-9.2761,4.930807,-1
124092,-0.34320384,9.102523,-1
145597,18.02259,-7.350106,74
132443,2.209164,9.832539,70
67493,6.1334743,27.367434,88
186133,4.206036,5.0688868,25
124261,-1.6364619,16.341194,59
63691,0.9211319,11.507545,-1
145462,-4.961099,3.7105415,-1
10762,3.1605802,4.954004,-1
67382,5.0756354,15.164077,-1
145499,-1.7918831,10.063638,-1
145532,0.51669806,5.8371267,-1
182944,4.6307507,15.124271,-1
195520,3.2403424,11.785765,-1
78901,-18.477205,9.528215,89
63658,-1.7408938,5.4428196,-1
67461,-0.7305345,11.882296,-1
18805,3.927311,5.5543823,-1
10798,3.7836654,13.974986,-1
71737,-8.912382,-5.901979,-1
107470,-1.2418032,4.391018,7
80733,3.79945,2.66014,-1
107609,-3.9189386,5.8155327,-1
198598,2.9177244,5.1412544,-1
76180,1.8323079,1.5687276,-1
195435,-14.968738,12.236262,89
71943,4.0509768,1.1840688,-1
116413,-4.072436,3.2098057,-1
63961,-14.929513,6.266145,89
191518,1.0354105,-2.1331253,84
63958,-0.75580806,0.23055124,-1
71939,-3.8244967,5.5173025,-1
71931,1.5912157,-3.139681,-1
63947,20.357025,14.451215,88
133919,4.93067,6.604556,-1
118545,2.4120674,9.22633,-1
118564,0.67327136,7.076637,-1
189761,0.62980956,0.9659968,-1
80796,-2.0334544,9.535297,39
128369,10.9593525,26.26314,102
77275,-4.064291,3.4185762,56
128422,3.3696227,-0.3025077,-1
56941,2.622157,4.769518,-1
144702,-6.037589,-2.7694702,86
51384,3.0231268,1.9798067,-1
118418,-4.3966985,2.8499432,54
56947,5.7482896,14.148461,-1
66791,-3.754657,3.6802413,-1
51373,17.1921,-1.830116,63
14496,-1.6971122,15.455887,-1
118459,8.311123,10.868969,-1
109638,-3.0955083,1.232885,-1
17326,5.3973236,5.958858,-1
124832,3.5664241,14.586717,-1
183207,-5.180161,22.654486,102
128357,0.28382248,0.51365584,-1
144752,3.0283077,22.338285,50
118468,3.281216,14.160149,48
8519,3.224636,11.772797,-1
198586,8.029676,5.7978187,-1
124669,1.5198476,3.856891,-1
73817,-6.7216196,10.338763,-1
107504,0.43329242,11.356643,-1
6234,-1.6865097,5.2676506,10
184669,1.6391864,6.565003,66
12978,5.121795,18.150381,-1
79084,0.83357763,4.2440677,-1
195470,3.7332306,13.718929,-1
59572,-3.5905397,2.0179765,-1
67137,2.100881,-0.5200093,-1
18912,-0.40326115,10.163683,-1
80887,3.555917,4.716099,-1
51095,-0.8380339,3.0461123,-1
7159,6.2417216,12.022925,-1
118732,6.616633,7.443047,-1
51082,4.4312673,-2.368084,-1
79023,0.38625795,9.087136,82
73810,1.5842704,6.626899,66
128515,3.5885124,16.054228,87
113990,3.034665,11.59376,-1
20326,10.757888,9.142108,-1
16110,1.1296848,3.211982,-1
80868,10.238843,10.681865,17
51226,-1.0177295,5.960753,-1
144900,-2.725852,6.1982174,-1
13033,3.512532,7.9817605,-1
109720,-7.098141,3.9211946,-1
66999,7.862605,14.311618,-1
13022,-0.43381077,10.152062,-1
67020,-5.8808465,0.36253414,45
71858,-8.911711,-5.900618,110
109737,-3.417165,1.5501395,30
60696,0.22600454,5.3455915,-1
13003,-5.180155,22.654484,102
79133,9.042333,1.8121538,85
60699,-5.138081,3.427555,-1
144958,-2.5829651,16.621492,-1
189734,-15.208286,11.746349,89
67067,8.534987,-1.5557365,-1
114051,-10.162098,-8.136871,89
111550,-10.360779,10.059608,-1
67573,8.835848,-12.209596,89
146449,5.333492,8.263486,-1
60929,7.272519,13.542888,-1
12520,-4.828557,3.3103075,-1
182501,-3.5857887,7.0273128,-1
63129,7.298746,7.112486,-1
193993,18.406384,5.1155624,64
76349,1.7396102,16.22474,-1
14959,8.194822,21.309847,-1
134373,5.942364,7.691052,-1
192238,13.770787,-3.5869646,98
14964,-2.9594648,1.7994576,-1
17178,-0.431172,11.654919,-1
14965,4.9769535,3.4886425,-1
81343,5.2178345,9.512573,-1
54902,2.2851653,1.8117115,-1
146550,-13.058184,0.1406641,-1
9502,1.631474,2.6001768,-1
12489,-3.0208495,10.7934675,-1
111458,2.2013078,1.6085465,20
123224,0.11267737,5.327581,-1
56691,4.015334,5.698786,-1
119342,10.839418,-0.25776324,-1
199761,0.6318001,0.96752983,-1
146354,3.6630776,1.6913666,-1
129418,2.5803149,9.866157,70
129429,-16.734299,7.17951,89
146361,3.2484734,2.1732116,-1
138009,4.362106,1.8089768,27
58040,4.9068036,8.949064,-1
198299,2.8743775,1.6211762,-1
8434,-15.35632,10.27337,89
56667,5.479537,-7.0714583,77
146413,3.6047416,0.95123976,-1
195713,1.6712165,3.252343,-1
123341,2.0094807,3.8034813,22
123337,10.167191,21.448076,98
110311,0.25596625,0.6608441,-1
138038,-3.3004467,10.60223,-1
63074,-0.5496222,11.692809,-1
63593,1.7210928,15.952814,-1
123087,3.3970752,3.8046253,-1
81426,8.260929,10.86421,-1
115693,-4.541894,12.898971,31
129760,2.0324686,9.288291,70
110476,3.070483,9.736205,-1
146691,5.308963,7.368735,-1
199847,6.565152,12.254476,-1
62887,7.120082,13.711141,-1
81432,3.6652398,14.368541,-1
106726,-15.954684,2.5416207,87
77754,-0.07722483,8.967541,-1
5943,4.635001,15.126432,-1
78529,0.42179543,2.980097,-1
123045,1.8713268,7.190973,-1
110494,-2.9480636,23.991432,74
49975,6.278302,11.024432,1
59195,-10.358977,10.060578,-1
129715,7.6659536,15.545157,-1
134418,12.220387,9.10977,32
197042,5.90264,14.769439,-1
193927,3.209337,16.76702,8
182467,3.871824,9.370803,-1
115796,5.930841,7.5528226,-1
196503,1.6645852,2.6114564,-1
193953,-1.6176674,16.598831,59
192294,-15.95308,2.5417318,87
134393,10.547092,21.505388,98
12461,4.2460294,9.79332,-1
132286,2.2042425,9.337603,-1
129583,-1.5877961,9.277616,-1
135896,12.304016,9.046841,-1
185164,17.600418,-1.4334699,63
129660,0.110628635,0.72115374,-1
59266,0.55363667,5.706916,-1
15034,4.3793106,-7.1902866,77
77099,9.070774,1.7859256,85
185171,10.366411,10.781924,-1
60954,6.270697,6.9900804,-1
187398,-2.959784,1.8107893,-1
9528,13.402642,9.455007,-1
146286,-0.015376056,11.924733,-1
140915,3.4804647,-0.21310411,-1
73985,0.07626415,10.97744,-1
128947,-3.8609455,3.084372,-1
199697,-1.5190332,4.132429,7
199704,0.3035647,2.8995337,-1
67726,0.73318434,4.022905,-1
199707,-2.1927907,9.206714,-1
14779,4.8305326,9.00786,-1
128967,0.9605857,7.3796253,-1
73993,1.6366297,16.403557,-1
12706,-3.7240012,10.211617,-1
137890,0.5824077,15.245912,93
196953,-0.12355962,15.625988,-1
146081,7.6728544,15.546575,-1
67773,6.7805223,7.409128,-1
132374,11.097244,14.033768,-1
146108,2.5053225,0.6996526,-1
74028,1.8837398,3.103937,-1
7262,2.597666,-5.4286633,-1
107109,6.4078083,7.2892756,-1
114105,6.627276,15.023348,-1
50569,3.3830233,-0.30017602,-1
184892,-4.5627804,4.249152,-1
128874,-7.2119365,5.2752266,-1
67620,-0.16894381,9.656442,-1
63574,4.376685,-7.192947,77
20525,3.0667179,11.529117,-1
50655,0.018484443,5.972724,-1
118994,18.406693,5.1151237,64
123938,-0.21662448,8.438227,-1
8084,-0.52740824,14.528886,-1
54507,0.14889878,11.00329,-1
198415,-3.866035,4.134604,-1
50628,4.4326916,5.101069,-1
54520,0.20723659,0.60331815,-1
81099,-2.5510526,18.041273,101
54543,3.1912222,13.551037,-1
67803,0.92588174,-7.7068086,77
59396,12.216515,9.064057,32
146112,0.5565948,15.241288,93
123715,3.5858202,0.80778724,-1
57955,15.587165,11.289023,97
196529,13.4000845,9.454473,-1
6054,2.0630052,-0.58001727,11
192129,-9.444394,11.856853,66
185085,-0.5280754,14.5293,-1
78705,0.2407784,9.337428,-1
75655,2.351488,9.247592,-1
119318,-10.162092,-8.136919,89
12580,-1.5121537,10.231019,-1
78702,-2.298246,8.245882,-1
189386,-5.782771,-5.7916355,-1
123433,1.600984,7.7487187,-1
197398,-2.9591494,1.8102562,-1
129354,2.342662,0.8178566,-1
54808,4.1862545,4.78886,-1
115955,4.5427647,2.0556035,-1
123589,-3.8612635,5.6020207,-1
129139,3.6251547,14.421213,-1
123710,2.334994,7.352387,-1
63400,0.63357043,0.96543616,-1
8469,3.7293332,13.742648,-1
198346,1.1461837,14.075294,-1
192066,0.55888194,10.520089,-1
81182,14.335594,9.572807,32
199734,-6.6926475,-7.251312,89
76269,3.1601114,3.8577328,-1
14882,-0.4399682,7.7041416,-1
63356,-6.360887,5.685801,-1
12653,-2.4457343,12.424672,-1
17228,5.4662642,-7.05812,77
146162,3.0024416,7.274315,-1
67905,12.404751,8.944614,-1
18648,0.7341517,11.587512,-1
74106,4.5887656,9.099981,49
191453,-0.38465053,7.5239406,-1
183235,-1.6796825,5.261304,10
15088,21.50452,3.786124,61
77525,9.043444,1.8110002,85
64785,4.194343,2.2730198,-1
52582,-0.5137404,9.63756,-1
113665,-7.1601996,4.2139096,-1
9952,-0.12390259,15.625115,-1
64741,3.543169,4.72934,-1
195164,17.600386,-1.4334269,63
109013,2.0023723,6.443358,-1
52535,2.4465294,3.9142127,-1
126272,-0.5609007,11.599569,-1
80103,-9.359358,-11.61387,89
77440,2.8373802,2.162124,-1
77437,12.448846,-4.8388686,79
65715,0.1937088,0.62516385,-1
80110,-0.30317608,12.109219,-1
133355,8.142942,11.039056,-1
52583,1.6580307,9.214425,-1
143224,2.7342763,5.007775,33
126230,-3.914469,3.38323,-1
65649,2.620398,3.0463808,-1
75976,13.811398,21.677214,102
79691,18.022589,-7.350161,74
14116,-6.1105323,12.594879,67
117054,4.915915,5.778469,-1
183844,12.5714655,6.7221103,-1
194892,-4.562406,4.24962,-1
117045,-6.6747165,8.628224,-1
108944,0.8540245,4.1139684,-1
19380,3.315616,-0.11325976,-1
6843,12.583325,6.7111974,-1
52611,2.9309554,-0.6500725,-1
14128,-5.7394986,8.765948,-1
143193,-0.46576434,10.155322,-1
108521,6.1505547,-2.8830934,-1
184160,6.2403364,12.022403,-1
143213,10.240537,10.651143,17
80126,16.892874,2.5165856,-1
195171,10.349746,10.764631,-1
72660,10.995589,24.047276,102
75852,3.1885397,7.371826,-1
13605,-4.8443522,3.8096004,-1
142368,17.002144,2.4801524,26
53340,-5.6941557,8.784099,-1
143585,1.5742323,3.1036084,-1
117657,-0.37677443,9.134843,-1
111701,4.503083,5.1223364,25
194759,-1.5890017,7.6804986,-1
127535,-3.9287386,3.9785435,-1
117661,-6.2268524,12.693195,67
190876,-2.7319593,6.1991963,-1
79564,-1.9891441,5.661906,-1
113858,-7.6079683,17.87367,107
133465,5.471507,11.640388,-1
80177,2.5122492,10.019496,-1
127503,5.7488427,7.410863,-1
183748,8.810282,-2.6691778,-1
190833,0.9210271,10.2948,-1
72711,-1.3673078,3.179022,12
109031,-7.087562,5.4848423,-1
108432,0.4189479,3.4347632,-1
143427,4.95351,6.529257,-1
143429,-13.05956,0.14056872,-1
183724,3.081748,6.120224,-1
142391,3.1390975,5.3372974,-1
133364,-0.75106764,0.2343273,-1
183720,4.775046,6.1720204,43
133398,5.86332,2.181846,-1
184263,2.5975666,-5.428703,-1
117633,6.1597157,8.069444,-1
65785,-2.465182,0.1978691,-1
72687,1.4737707,7.470825,-1
136999,-0.105945215,12.376349,-1
6584,-2.196687,9.185827,-1
6893,2.8382344,-0.75374776,-1
143132,3.509634,14.393255,-1
126459,2.4848182,3.8179893,-1
144634,-4.2558384,12.40485,-1
65116,6.250967,11.345896,1
142755,5.956791,7.7420774,-1
137162,20.774796,9.754573,92
126748,5.3280807,-4.7946634,-1
142872,4.1011796,3.2624345,3
13881,-5.0958776,10.711903,-1
117151,-0.9567814,6.0874586,-1
142900,0.083884634,11.298277,-1
6723,3.0807867,6.115569,-1
133142,10.839417,-0.25779188,-1
79806,-5.581921,6.9434566,-1
53021,15.226437,-6.173627,102
187787,0.8051795,7.061326,-1
6719,4.772173,6.182209,43
126703,1.5710618,-3.119193,-1
142946,6.03389,-2.5541854,-1
108708,-0.7374632,12.352697,-1
17495,4.3295455,6.872193,-1
137110,5.7132015,7.424192,-1
183993,18.406847,5.115425,64
183953,-1.6179813,16.599045,59
111759,-0.99061096,14.922639,73
111775,-8.712668,-1.0579293,97
65174,6.4216423,13.863293,-1
137141,2.7428362,4.2737923,-1
126879,6.378995,4.7210402,34
6747,8.810294,-2.6692607,-1
142777,-4.26948,12.531662,-1
52934,-4.3587155,2.8221374,54
126848,2.1549063,6.836503,-1
73028,-6.056349,8.558874,-1
186393,-1.0986948,18.982727,83
65150,3.7240827,14.093166,-1
190492,-1.6972822,15.455684,-1
79873,5.466188,-7.0582623,77
190531,1.6262585,24.98758,53
117266,13.431924,16.72316,65
65143,-0.1377456,3.7917013,85
190585,7.254573,7.663962,-1
73125,2.6519182,3.8354023,-1
13742,1.8457861,16.159376,-1
64945,1.6981822,2.775044,-1
190361,-3.4316819,-0.039091777,-1
137260,1.3267471,1.6872388,-1
108595,1.7855309,1.565283,20
65475,3.5087442,-0.119701065,-1
183894,2.836591,-0.7553814,-1
73183,3.2182925,5.14514,-1
60194,-3.6163366,5.8580737,-1
65490,5.127579,18.340445,-1
127224,5.906811,2.1715896,-1
126549,2.2780423,29.056725,89
80007,-1.9938573,11.820724,-1
64891,7.8573627,17.74666,110
19650,16.965006,2.4945142,26
60158,4.2595286,1.9484862,27
72849,-6.984256,-9.055234,89
190663,3.794541,-1.0946873,-1
143126,0.88774353,12.080369,-1
108849,0.72484916,11.842667,-1
117332,6.8303294,5.671074,-1
190638,7.5157413,0.8487879,-1
127124,6.395983,7.720446,-1
137077,-1.1219367,7.6003647,16
79936,-3.935244,5.6728992,-1
142729,-9.564577,14.0109625,-1
60225,-6.9827895,8.143531,-1
72920,4.23373,4.827948,25
183927,3.209363,16.766993,8
65006,3.7214556,4.8146486,-1
195085,-0.52625924,14.52852,-1
117102,-4.8879423,3.3691792,55
14033,-0.24518089,11.372941,-1
142696,3.8246171,2.8549612,-1
108622,3.7644038,7.8325863,-1
75888,6.1930766,10.975248,-1
117381,-4.32862,3.6545517,-1
137075,6.5912004,10.362902,-1
126022,4.504336,9.145106,-1
127615,-3.8240428,3.1215298,-1
53422,0.9307631,-4.375615,68
183410,5.6731343,-0.49323007,-1
20048,0.36403048,2.8436584,-1
20052,6.048873,2.3261197,15
7891,-4.55987,4.242114,-1
198673,3.209569,16.767164,-1
137574,1.8022704,1.4497429,20
136696,6.291619,4.580195,-1
53801,3.4170854,2.3497837,27
66442,12.217929,9.109982,32
64274,4.9528975,6.539762,-1
73521,4.6371174,9.203504,-1
144196,3.8088148,8.230553,-1
199386,-5.782706,-5.791595,-1
141743,-0.26026905,5.429201,-1
144232,0.5413939,14.905551,-1
73529,-7.192943,8.235754,6
77599,0.07944562,4.902122,-1
125335,1.9001993,3.5582724,22
107920,3.5763345,4.374754,-1
191288,-8.165548,19.340775,107
76118,8.299738,13.566357,110
125539,18.390715,17.585499,53
59830,6.133266,27.367586,88
72234,0.3771361,3.4630773,-1
66366,-4.92894,4.2997336,-1
6409,5.6657867,-0.47943982,-1
20028,0.2677545,8.572545,-1
128007,0.56802064,12.279586,-1
9854,14.4976635,-1.0546165,111
16472,-2.615388,7.6889105,-1
125423,-0.24055718,5.0476484,45
109371,4.336945,14.484325,-1
116734,-9.795881,22.509123,89
125420,-6.0696588,-2.7796462,86
79360,3.234898,6.3426437,42
57551,-2.7273452,5.187757,-1
72219,-0.1793698,9.081946,-1
66464,3.0506222,3.6512873,-1
141715,4.376629,-7.192966,77
190916,8.8358965,-12.209515,89
196855,-13.704731,-2.9899654,111
191389,2.755169,-0.17409311,-1
56958,-1.543093,7.1655445,-1
59670,21.490747,3.7998128,61
118344,-1.0336612,9.549779,-1
144525,-18.513502,9.492423,89
144538,18.658546,20.23033,88
76161,17.857998,8.221164,77
51521,-4.2096405,5.9440227,29
72057,3.230208,14.235459,-1
73656,0.042761955,12.217893,-1
125073,4.7308836,10.459643,-1
107699,-3.0134053,2.3073916,-1
128267,4.368219,12.031697,-1
112036,7.9230547,10.478694,-1
56956,-3.5877018,1.2699754,-1
79223,1.7882692,9.3539505,-1
51572,0.19472753,5.5305095,-1
144448,10.27934,10.653804,17
128141,0.24617414,10.32023,82
144300,3.292447,4.578946,-1
53851,6.028701,6.8817697,-1
66502,16.89867,15.21513,89
116557,5.893769,6.8280525,-1
51683,-2.5451453,11.260752,46
72131,7.7790117,14.359046,-1
125276,3.5507886,5.1014867,-1
19082,0.5592042,15.243467,93
20104,1.4956759,1.5557275,-1
51672,17.226044,-1.7830892,-1
77298,4.4877663,9.668027,-1
189847,6.565972,12.255408,-1
79297,1.1104822,8.263921,-1
107793,0.4434858,6.5453453,-1
125192,-7.1967716,3.7442672,-1
10540,-4.017083,3.3060496,-1
51629,3.956398,2.2510066,-1
6992,18.405062,5.115344,64
109304,0.40852192,7.0259647,-1
198758,5.459016,-7.05956,77
143779,9.621538,0.2412985,70
187930,2.3331177,10.655552,69
142204,15.529971,24.691355,88
52135,1.1004598,9.455629,-1
16415,-6.0670314,4.008401,-1
117851,3.196953,6.2087116,-1
10321,3.8638954,2.2120302,27
57441,0.81878555,3.0640411,-1
190990,0.47682685,12.5672455,-1
125814,-1.5387266,10.383492,-1
190137,3.7520313,-5.365564,-1
133528,2.0048082,0.6282211,-1
183585,-2.2107944,9.1683035,-1
194669,1.6383036,6.5661187,66
198751,5.563301,-0.14403802,-1
57043,-0.24003834,10.842785,-1
52044,3.2554514,13.961402,-1
66035,3.575929,8.476552,-1
133512,-7.298745,8.199744,6
10445,-3.3017137,2.2089386,-1
6926,3.2096815,16.767014,8
186290,2.0059183,0.628018,-1
53436,2.0728817,-0.5391474,-1
127618,1.5441309,7.9676924,-1
136940,-3.7084935,5.5330734,-1
80283,3.4462278,2.3050761,27
65964,7.900426,10.854139,-1
111690,-15.354256,11.479628,89
113894,3.9651837,7.841444,-1
52201,15.339571,-8.82303,74
57437,-6.110223,12.594872,67
19865,-0.26949933,12.425118,-1
127672,0.7395708,20.757402,-1
57438,-3.1522748,2.2336047,-1
190953,6.564191,12.255556,-1
13533,2.36695,2.7785268,-1
19880,5.300167,-6.884896,-1
116874,-0.35353777,10.593054,-1
190118,7.8113365,14.360154,-1
109185,4.1131763,9.527471,-1
13462,6.0285954,6.76653,-1
187654,-0.8828649,11.644514,-1
108041,-1.2720025,4.328385,-1
142043,1.1208426,11.854791,-1
72303,2.3496623,2.884305,-1
195242,18.390694,17.585518,53
8712,1.6674565,3.2540689,-1
118125,7.0317664,7.5921183,-1
60539,3.7498288,-0.52193296,18
118127,3.5155735,7.2647285,-1
113911,17.897333,5.2684083,64
109273,4.692487,9.2622595,49
79429,-1.966571,9.621557,-1
125565,-5.1817584,3.2402742,-1
79421,0.25243935,11.405932,-1
17381,-4.4126573,3.040062,-1
10444,-4.0133634,3.9710681,-1
186529,13.391509,9.460224,-1
142079,-3.523367,1.9532828,-1
190081,-2.535673,-1.4574332,62
72313,20.760677,-3.7983732,88
6952,-1.6190951,16.599472,59
143967,-0.29802138,11.073959,-1
142141,-4.0351973,5.7775674,-1
66153,8.234673,15.001928,-1
195234,-3.8157,1.5433214,30
51986,-3.7892182,5.8933415,-1
133548,7.722125,24.30646,102
186503,1.6571085,2.6034932,-1
19212,-3.8932438,5.6763296,-1
72350,-4.3465104,2.8064654,-1
77555,-1.8322573,5.3644123,-1
51960,1.9263191,7.4125643,-1
191076,-3.345333,-0.37040702,-1
80409,16.830242,-2.4252715,63
136828,6.4917374,7.4031096,-1
116832,0.77158105,3.0141854,-1
198721,-3.4479945,-6.160844,-1
129792,2.730963,14.098604,-1
145858,2.348131,16.363113,-1
58897,5.4809523,14.230727,-1
139271,-0.88868994,6.082902,-1
21213,5.0023727,3.4899318,-1
148052,12.226236,9.068441,32
186953,-0.12329127,15.625275,-1
148059,3.3987315,14.297374,-1
74915,3.4315603,2.30687,-1
185936,-3.856975,5.829061,-1
69283,5.220699,9.501565,-1
74931,-1.045519,7.7115088,-1
69288,3.2981427,14.214534,-1
70614,-1.8215506,5.5529246,-1
70611,4.5804887,9.312678,-1
192871,8.684562,3.8949952,-1
62128,2.5415187,2.0204923,-1
15839,1.9812385,7.638864,-1
11979,6.4092555,10.989641,-1
197787,0.8139356,7.057161,-1
130635,-7.195476,4.2185383,-1
7758,-1.5856254,7.680083,-1
11990,12.485999,9.01514,32
21189,-2.2959266,8.240937,-1
62183,2.8303375,-0.5065441,-1
139346,10.577395,3.0630672,44
196393,-1.0993412,18.981382,83
185520,3.2213144,11.769048,-1
197157,-9.796741,22.51057,89
188415,-3.8455954,4.173837,-1
11308,-3.9361053,3.356139,-1
182066,0.5601652,10.522585,-1
121916,1.5640475,10.361443,-1
130609,5.881466,6.8126917,-1
17017,-1.5689805,2.3670309,31
112525,15.771021,13.737169,96
8233,-3.81768,1.5410062,30
121692,4.9828615,6.6444087,-1
58446,-3.6455045,1.6651107,30
131796,4.869439,9.391563,49
61302,4.5133696,2.298518,-1
138510,-1.0513427,7.577675,-1
139163,-1.0442964,3.0084507,12
148277,7.263198,4.391702,-1
55750,0.7409561,3.0249822,-1
192944,4.631878,15.125507,-1
18124,4.6245747,8.909047,-1
110917,-2.9011526,14.754894,-1
193585,-2.2113206,9.173895,-1
106119,0.15123858,7.277597,-1
139134,-1.6215954,16.25255,-1
18139,-4.690163,10.823671,-1
130830,4.83552,7.586915,-1
15513,1.8877606,3.8537052,-1
18152,-6.953077,5.1858535,-1
9132,4.2314587,5.0824013,25
139197,3.3931932,14.142991,-1
188751,5.5646205,-0.14338641,-1
188758,4.376524,-7.193275,77
11916,-4.0712857,5.759923,-1
11917,7.7842164,13.768477,-1
196133,4.1850944,5.066063,25
120135,-11.711484,-4.8058534,91
49004,-2.6424806,14.50266,-1
192917,6.15226,6.3532305,-1
70578,11.037226,12.90252,-1
18171,-1.6306491,5.540091,-1
75418,3.2470791,13.943074,-1
70657,0.28786507,8.771328,-1
120213,6.033621,-2.5536585,-1
58282,3.6858072,3.3440385,-1
147579,-6.9841638,-9.05533,89
147583,8.0994215,10.993228,28
139620,2.2779968,29.056684,89
200081,-2.5286477,-1.452011,62
193724,3.0868683,6.1155124,-1
70757,0.7496742,3.0337994,-1
74660,-0.5791811,12.120503,-1
70737,0.71913046,2.789678,-1
185435,-11.304856,19.718475,89
110719,0.33641905,9.478182,-1
139597,0.55668294,15.241912,-1
193720,4.7724795,6.1782117,43
74670,-13.061162,0.1397761,41
147574,3.530452,5.3212247,-1
78328,6.159436,4.4690533,-1
139658,14.497455,-1.053942,111
186855,14.332421,-0.696432,111
9289,2.0036404,0.62631696,-1
187243,-0.8062822,0.21299432,0
187245,1.3459905,2.6945024,-1
130308,4.8166676,8.836947,-1
147504,16.898687,15.215124,89
122376,1.8266946,10.6447735,-1
62449,0.59731853,6.5146503,-1
21033,7.3404937,13.540233,-1
193748,8.810361,-2.6693344,-1
122487,-3.6105046,1.7018203,30
182238,10.167253,21.448097,98
139739,9.8651495,-7.6196966,102
74596,1.8971514,3.3856153,-1
122250,8.134282,3.1731524,57
81723,-5.7893023,-5.788094,81
130597,16.785086,-1.7167827,63
62282,-1.7641828,5.4653254,-1
147808,7.4543266,-4.804084,-1
196010,3.1305442,11.610691,4
139415,0.6859565,3.1459153,-1
112465,2.3664248,7.3028746,-1
70705,0.56601036,11.501202,-1
74795,0.706882,2.938975,-1
17064,3.0826273,11.509965,4
200118,7.812592,14.363075,-1
81828,6.6845813,6.996411,-1
15859,-16.262075,14.465033,89
134826,10.993577,24.045351,102
112501,1.4196235,2.648948,-1
58921,-0.8195985,0.17837201,-1
16823,0.32750586,9.458305,-1
112884,-0.35203192,12.093417,-1
17855,-7.12842,8.263079,6
61187,3.0547357,11.60007,-1
111288,6.308142,4.787169,-1
138372,13.999901,9.455862,32
81754,-1.0562118,5.98654,-1
130427,3.4430938,2.290576,27
185470,3.7290401,13.736374,-1
200137,3.7520688,-5.365714,-1
21116,3.6618226,7.7489195,-1
182129,-9.44443,11.8569145,66
112430,-4.4427238,3.6369224,-1
195993,7.4306707,13.554288,-1
130418,3.2024095,13.739718,-1
115343,6.214904,11.352361,-1
62378,12.448556,-4.8385806,79
138349,-1.746535,5.4404454,-1
75012,6.3413053,4.5629663,-1
121553,2.3889747,6.495029,-1
122521,-9.444581,11.856959,66
188586,8.02976,5.797378,-1
15676,2.917497,1.2506407,-1
120972,0.3848371,5.4705615,-1
188598,2.9251673,5.1345477,-1
193235,-1.6792417,5.2618127,10
148784,2.8273668,5.3567286,-1
187095,-0.10549959,19.602236,-1
82203,0.23542574,11.738386,-1
120931,7.597131,7.2923956,-1
114708,5.68292,7.145506,-1
187042,5.910091,14.772211,-1
82190,3.3532023,4.342694,-1
9009,3.1273646,11.612739,4
58527,4.39014,1.7797618,27
148731,14.332372,-0.6969319,111
21448,-0.40855348,10.109137,-1
148725,3.1505175,-0.13550192,-1
131345,15.974734,-9.075972,74
148672,18.390717,17.585524,53
131672,-4.292851,15.333406,75
193207,23.593557,1.768105,102
69885,-7.2188854,8.189892,-1
69866,5.4228644,6.8517265,-1
181762,-4.3150005,-2.6295304,-1
148638,8.178808,7.8740206,-1
11482,7.739938,13.743082,-1
69825,8.163281,7.9630427,-1
105892,-13.3551235,17.60792,89
131276,0.048904266,8.990707,-1
82117,15.974678,-9.075831,74
114693,6.191182,4.519545,-1
82206,5.2233224,6.6589327,-1
61369,-0.97389495,6.017381,-1
185849,-7.2124715,5.270917,-1
114683,16.487387,4.698929,80
8992,7.4308357,13.558606,-1
70057,8.244707,22.406841,63
61544,18.318132,12.002395,100
120634,6.234465,16.119831,-1
131562,1.6366285,16.324251,-1
149027,3.525893,8.020427,-1
69947,14.34874,4.63452,86
70142,8.535944,-5.926569,-1
17964,0.08955085,0.8163746,-1
138726,1.6297413,8.961376,-1
61494,-4.0569286,5.8838196,-1
111123,6.237066,8.864378,-1
135274,3.7266881,1.1576563,-1
105687,4.1268706,8.069001,-1
48403,5.9044576,2.333784,15
82275,-1.0136505,6.0537343,-1
76765,8.42963,7.484442,-1
61563,1.0328875,10.93781,-1
193410,5.674976,-0.4979125,-1
120856,4.5064883,10.085376,-1
56144,1.6140466,15.53041,-1
70215,-0.924746,9.372349,-1
196290,2.0047562,0.62352806,-1
120584,-1.8860074,9.596894,-1
48439,2.8843923,9.681573,-1
70219,0.19786544,13.023073,-1
120906,1.4647985,2.7847307,-1
17996,6.2503495,7.00561,-1
11512,4.5065784,7.4327226,43
21413,0.14691259,5.200347,-1
131275,6.944535,6.8921647,-1
188721,-3.4481928,-6.1613607,-1
197245,1.3716912,2.6778193,-1
48837,3.6564496,7.917429,-1
8241,18.390774,17.585514,53
131046,7.0480256,8.221536,101
187157,15.733545,19.813,89
18083,6.133147,27.36764,88
131106,-3.2812524,2.4158843,-1
48735,-13.061104,0.13984469,41
55961,2.9765458,14.183919,48
193055,2.0618677,-0.5822887,11
188673,3.2089174,16.768532,-1
75389,8.512345,6.894982,-1
148452,6.3041425,12.019738,-1
121428,-1.8354688,9.9234915,39
75394,2.1721213,2.252706,-1
131004,5.167382,22.919025,40
130992,1.1880271,8.054815,-1
130987,3.5414906,13.59847,-1
106019,-2.4185512,-1.2933463,-1
138556,3.1105974,2.9285414,-1
61333,4.772054,3.5766857,-1
55919,0.29802567,10.273517,-1
70468,2.0221083,6.7665524,-1
131778,-2.9480264,23.991398,74
61945,1.2819253,14.658702,-1
121496,0.9295865,-7.6973763,77
11405,1.1554434,18.35057,-1
120231,-7.607388,17.873764,107
15545,1.4482296,1.6068927,-1
148320,0.8504169,9.454056,-1
121420,0.64917123,3.2339365,-1
131708,6.395192,4.3276,-1
48639,-2.5332153,-1.4541076,-1
121168,1.252478,11.024504,-1
8935,-3.8450246,5.8079166,-1
16900,0.74563897,3.0385792,-1
138871,5.217887,-0.050109502,24
131231,1.2930127,14.196103,-1
131250,4.0037475,3.2511797,-1
121177,5.4072986,-0.0034728893,24
200361,-3.431615,-0.038900297,-1
121384,-4.312256,3.6572537,-1
7668,1.6295855,6.5659776,66
148580,-7.1721997,3.772427,-1
82101,1.0402347,9.569358,-1
76740,-15.95324,2.5412142,87
58526,4.0950847,2.0877495,27
148612,0.55155146,6.4963374,-1
197930,2.3380585,10.659688,69
82086,8.571205,2.6762722,57
48692,4.678525,-13.773768,61
120400,6.1244674,10.901612,-1
121271,14.307794,4.5930624,86
121273,-1.3182161,9.297081,-1
48712,17.600416,-1.4334306,63
105953,2.1523602,3.9100819,-1
185713,1.6669302,3.2540367,-1
48719,5.983219,8.79428,-1
120342,-0.77141064,12.437766,-1
135436,3.5165396,1.2302519,-1
75379,3.2145395,1.5740762,-1
58805,2.1094422,2.0261264,20
58490,-4.322726,2.787426,-1
197243,-0.8068493,0.21206495,0
120317,-1.2862003,5.9124856,-1
21023,3.2096403,16.76699,8
108785,3.3904321,4.352838,-1
8163,17.614851,-2.1996906,63
132033,9.696513,-4.5976205,38
119692,2.5975106,-5.4287424,-1
129992,4.2612386,10.074558,-1
147083,1.8058356,2.717947,-1
195849,-7.212873,5.2711897,-1
55361,10.996029,24.046318,102
147214,0.37545305,9.083994,82
61151,8.242594,10.885946,-1
110521,3.2353456,4.291305,-1
8848,-7.2135434,5.27141,-1
138280,11.956224,-2.5688133,58
119690,4.0912476,2.3280177,-1
12293,-8.165723,19.341122,107
12363,8.245106,22.405802,63
8170,10.345291,10.760141,-1
75551,-3.764862,3.0494525,-1
122973,20.758207,-3.800777,88
182294,-15.968667,2.5452275,87
16755,0.23922703,0.64620596,-1
146841,1.3093071,7.86759,-1
146960,3.982045,7.8455577,-1
188299,2.8749104,1.6208677,-1
193894,2.8401976,-0.7608394,-1
122995,1.195365,6.733971,-1
146915,3.54487,14.647049,-1
78433,-0.3410781,11.289454,-1
188346,1.1459773,14.075257,-1
185993,7.4311433,13.557956,-1
129958,-7.0862427,3.6329305,-1
122618,-4.1690965,3.0116377,-1
147000,6.144611,7.8799505,-1
55151,-2.6485507,4.126589,-1
81518,2.7447267,2.87268,-1
11166,-1.3761337,9.242085,-1
78393,1.0068098,10.684946,-1
115609,7.8571887,17.747757,110
110590,4.6883965,9.02912,-1
146894,1.48529,1.4460411,-1
122673,3.6009953,7.660631,-1
139878,0.81044334,7.0541983,-1
112306,-0.87416637,-3.3805037,109
9392,-1.108171,18.982613,83
197095,-0.10498816,19.601954,-1
131978,5.809523,2.18117,15
192467,3.8790863,9.364084,-1
20951,4.468819,5.171192,-1
15235,-4.7806816,3.9116564,-1
122759,10.321086,10.509679,-1
140178,17.028997,2.4518807,26
15890,0.24397877,10.982458,-1
185242,18.390816,17.585495,53
138231,4.1551185,2.0295851,-1
185234,-3.8252892,1.5353839,30
119555,-2.1477067,6.7789474,19
147102,1.6388539,16.303833,-1
192501,-3.5850742,7.028816,-1
68412,7.0637364,7.533498,103
18460,-6.1105494,12.594618,67
111382,15.61126,6.3252096,52
5916,6.1572876,6.3622212,-1
186010,3.1277578,11.615252,4
5870,8.684001,3.8959522,-1
193844,12.583582,6.711218,-1
70935,-6.8566337,10.443515,95
70974,4.656671,9.738175,-1
195936,-3.8384519,5.793436,-1
147131,2.7751484,5.3574133,-1
49800,-0.03405645,5.211508,-1
78079,2.843193,10.076171,-1
35811,1.980989,7.636506,-1
75849,0.40628847,10.713396,-1
114849,2.4670603,9.643597,-1
3612,4.6710973,8.399019,-1
18563,5.247042,9.53656,-1
175491,3.538549,4.2792773,-1
184285,11.418807,5.2101836,70
35810,3.9953442,2.589795,-1
78445,-3.7426026,5.6702228,-1
127690,0.40117458,0.7828928,-1
174285,11.4201355,5.2097187,70
102377,2.7494724,4.9155626,33
102384,-4.2189207,3.9819694,-1
26752,1.3720583,10.972362,-1
202943,0.16199036,8.429631,-1
161452,5.5551014,8.588655,-1
129490,2.602978,-3.1477242,-1
95367,0.52792084,6.377861,-1
161554,2.5720317,3.602426,-1
189324,18.318106,12.452014,100
55196,3.342017,8.48465,-1
18052,5.4650154,-7.0586147,77
142193,9.713903,-4.6000733,-1
100497,-4.5345345,3.022221,-1
157519,-16.734337,7.1795163,89
160729,13.827112,21.685495,102
142200,-4.4314833,2.9973469,-1
138900,3.7476733,13.765638,-1
156592,-4.0854506,12.401391,-1
137440,10.994165,24.045101,102
204347,0.41443044,0.81571263,14
14235,0.69843996,10.681055,-1
96399,-1.2188972,-2.1520557,-1
78434,3.2899942,4.3479934,-1
53373,3.984434,8.333269,-1
15919,2.0317163,9.07538,-1
114851,-1.6716615,10.994671,-1
188656,1.4802971,23.097399,-1
60497,-6.977351,-9.060426,89
26485,3.8237765,2.3083014,-1
201992,1.9838164,-0.658589,-1
95323,2.1582103,9.358184,-1
161476,3.226291,4.306029,-1
18073,8.194972,21.310843,-1
161512,-4.098244,3.3745835,-1
111699,5.694523,2.1803422,-1
142247,-4.2597933,4.1457887,-1
140501,0.41433966,0.8660605,-1
127552,6.407708,4.6581087,-1
75611,-0.1347793,3.7899776,85
138949,12.69058,1.8462625,88
77541,0.0031954313,10.281079,-1
35758,0.843319,14.457376,-1
95297,-1.531471,-4.6900215,58
97071,2.7381198,4.84925,-1
64627,1.5709972,-3.119339,-1
43033,4.01179,9.547334,-1
204001,0.6765387,12.433882,-1
142327,2.8046045,3.7146382,-1
3609,-1.4632567,7.679896,16
188670,0.07774755,7.28667,-1
102311,4.823274,8.409823,-1
162412,-4.574541,3.7923543,-1
188451,-0.3359673,10.702888,-1
75104,11.337661,-0.7176483,37
85036,-1.8058207,5.3797264,-1
154054,-1.2264404,1.3587766,8
55220,4.8226895,5.603561,-1
137368,-4.241736,3.6515644,-1
187049,-5.920094,12.45064,-1
202509,-7.8684173,11.739264,-1
4251,-1.5158733,4.134032,7
35738,7.86853,10.686071,-1
174760,1.3747877,1.3570762,-1
54897,3.2051773,1.5873013,-1
101269,4.7944164,5.9270363,-1
132864,0.4347531,13.315591,-1
129922,4.981131,3.4927993,27
173384,5.0019417,3.4940279,-1
137497,9.008226,1.8450053,-1
130933,-3.4480417,-6.160844,-1
37875,4.6762547,9.3338785,-1
37881,6.2713017,11.938235,-1
90434,-5.8809385,0.36246312,45
110282,7.3133,7.100434,-1
27120,2.8025494,14.254766,-1
160335,-4.162296,5.9186077,-1
155396,6.1504135,-2.8832135,-1
44010,-7.607435,17.873701,107
138229,2.9852693,1.041986,-1
173450,-7.981688,17.778433,-1
177049,-5.9237323,12.451422,-1
90456,12.44841,-4.8385067,79
196632,9.60609,0.25574845,70
7617,-8.912392,-5.9017563,110
96960,11.419303,5.209983,70
14294,3.619128,4.5164347,-1
55887,6.44829,11.00958,1
90466,3.7741473,5.031331,-1
185121,6.7970705,4.118162,-1
15536,6.6157317,7.3209662,-1
28220,3.3218598,4.20014,-1
14292,17.134384,-1.8005598,-1
14291,-4.7950783,3.4183102,-1
86413,-5.1800284,22.654415,102
190021,-5.913145,0.33164492,45
43989,20.356903,14.451064,88
198128,1.8718108,8.787005,-1
160723,3.0985856,11.519806,-1
36016,1.7961189,2.5541182,-1
130863,3.3213983,14.172865,-1
28163,-6.5737224,6.6085567,-1
73446,3.757048,19.318138,-1
184424,-15.954672,2.5409853,87
53723,1.5084946,8.085432,-1
154272,1.6757014,16.298857,-1
43965,8.186006,7.86731,-1
7000,0.67627287,12.432683,-1
141889,-1.4703461,21.367332,60
74990,-4.1773767,5.7648425,-1
161713,-3.898693,3.1291924,-1
127978,16.487164,4.698861,80
35990,5.286944,12.28929,-1
127953,5.178079,7.343287,-1
77561,0.77170914,27.322977,74
89311,6.3495264,4.5929914,34
115877,6.0338926,-2.554234,-1
90431,5.196471,18.451553,51
100966,-0.033547543,12.06241,106
100018,5.0915384,18.335546,51
86082,0.3889211,10.239354,-1
138003,-6.944234,8.137087,-1
115859,3.0317104,11.634171,-1
173435,-2.461421,12.485596,46
116911,0.44585,0.8099512,-1
62718,1.6998653,9.633809,36
184347,0.42157328,0.8176513,14
138546,-0.6099889,11.497811,-1
53505,3.044497,9.600481,-1
127797,4.025131,8.003924,-1
42191,2.3628273,6.354976,-1
53492,-7.2507653,8.21096,-1
15557,5.566606,10.109195,49
130977,-0.24924392,11.551939,-1
95444,4.240894,4.8398795,25
57042,-6.6526027,0.8718228,42
190129,-7.293562,4.0510287,-1
99776,5.1089516,12.190003,-1
1450,-0.33113843,10.704849,-1
63143,12.420426,8.980795,32
178947,-4.057904,3.1460552,-1
19239,5.7872915,2.1044416,-1
164075,3.5223663,14.3962345,48
110626,6.2851334,12.021324,-1
27624,4.2592635,1.215753,-1
26761,14.327814,4.613393,86
116901,0.5258619,6.4175096,-1
28273,2.0576158,3.837848,22
75058,-1.1934162,6.1085143,-1
61897,11.540764,0.79143703,-1
41282,-5.179996,22.654398,102
60498,-2.5357842,-1.4580599,62
18579,17.858124,8.221164,77
100992,1.0714653,10.422854,-1
100529,0.24949057,11.423534,-1
79460,-3.4481084,-6.161022,-1
142081,-3.7556195,3.0900588,-1
157489,2.1482031,2.0564058,20
142082,-3.751163,3.134442,54
55903,-0.8175264,0.18981369,-1
177635,-2.0346372,6.5297856,19
61314,0.22632346,0.5569694,14
162834,6.6925836,6.214043,-1
23756,4.057307,10.025659,-1
102226,1.1667902,14.078083,64
178231,7.4543447,-4.8041024,-1
14271,1.6602839,10.572726,71
73394,1.9199247,3.3853602,22
202447,-0.82835174,0.17932922,0
95493,5.758044,14.153952,-1
16181,2.7786043,3.6629982,-1
177632,-1.8828378,9.464251,-1
17811,0.31372967,0.4510109,-1
57040,-16.262136,14.464864,89
55290,1.859523,16.105003,-1
64455,-1.1777251,11.347818,-1
202708,8.835952,-12.209467,89
101277,5.0157437,6.6799545,-1
79588,-7.371551,3.6557982,-1
130260,-15.953618,2.5418181,87
184273,2.8861043,3.7832344,-1
137229,5.4649673,-7.0586486,77
44444,0.25579843,10.764412,-1
79790,5.5732284,15.341794,-1
117091,-1.4704559,21.367453,60
37094,4.401486,9.43345,-1
19448,-3.477283,1.7014295,-1
35488,-8.165087,19.340578,107
164561,4.710617,2.0090337,-1
75889,-7.2702284,8.210087,-1
155778,2.2453375,10.331522,-1
156707,3.044794,7.43917,-1
155662,-4.9527087,3.6892426,-1
196677,0.20059155,14.326751,-1
35458,2.8184469,2.9038258,-1
131447,20.037045,1.4201736,92
138783,-0.09806024,5.74096,-1
60973,3.139149,5.1301713,-1
131450,3.3792398,4.3291807,-1
155686,0.20050356,14.326421,-1
133033,5.1597095,18.415245,51
37110,2.138975,9.9499035,-1
75892,8.550234,2.624893,-1
44472,9.670761,23.366941,102
198231,7.4543552,-4.8041496,-1
7423,-15.954835,2.541086,87
77752,1.0837461,10.457536,-1
204760,1.3767489,1.3601552,-1
188587,-3.2704015,-1.8231819,-1
84816,5.448727,11.56123,-1
127204,-4.088018,12.966564,-1
161276,-4.506732,3.0099971,-1
17794,0.9837366,-10.169706,-1
195121,6.7891126,4.1225405,-1
38296,1.9111472,-0.79757386,-1
44417,-0.43707573,7.6365013,2
42055,-5.7827826,-5.791693,-1
37051,0.18708897,0.6282826,-1
78571,2.796976,9.688779,-1
127183,1.8120025,3.1732106,-1
186044,13.41367,-0.08409997,-1
73176,15.227226,-6.1740913,102
25071,-1.3572435,10.132047,-1
188231,7.454376,-4.8041887,-1
178128,1.8684741,8.788213,-1
114707,2.2188792,6.2933764,-1
164506,-4.030172,5.753828,29
195107,10.120332,10.813984,17
102595,14.332007,4.6171384,86
201865,18.658401,20.230478,88
73171,1.272956,3.0760267,-1
15701,-4.1547303,5.8611903,-1
64960,-0.52464,3.094552,-1
138796,-3.2878027,10.603616,-1
142683,-0.000531151,6.2980027,-1
90788,8.53546,-5.92416,-1
204273,2.886154,3.784152,-1
35435,-3.0137527,14.865587,-1
126999,10.502089,3.1575835,-1
26424,0.3329784,9.4807415,-1
96376,1.8043356,3.0296834,-1
75323,0.84024125,12.228326,-1
7444,12.869614,8.918949,-1
185826,8.047825,13.905557,-1
44532,2.3966625,9.269897,-1
86526,1.6874274,10.241099,-1
114671,-1.4336511,7.6660438,16
114646,7.0941777,7.057507,-1
111762,-1.9479275,9.458582,-1
140228,-5.2195787,2.9552197,55
16273,-7.1287336,8.253269,-1
160825,2.7064717,10.52413,-1
195826,8.073028,13.915397,-1
10081,3.3843725,3.8552532,-1
174967,-1.6248513,9.109836,-1
129818,-0.21672964,8.438486,-1
65171,-8.912429,-5.9018593,110
52983,1.9775068,9.141163,-1
155760,-0.37327743,10.656364,-1
38255,1.4460853,8.140434,-1
155739,-2.5413375,18.030956,101
172997,-2.1864893,9.415083,-1
138672,-13.062163,0.14447193,41
16267,2.6542563,5.0047593,-1
126931,-8.053265,17.702412,107
75898,6.830291,14.806543,-1
138758,4.90026,10.475625,-1
114561,12.3566885,-11.261919,88
62829,-2.2882233,6.832847,19
140314,13.7274475,13.911326,111
198947,-4.0265484,3.137443,-1
174938,3.443328,-0.0008394308,-1
74391,0.8131523,9.025742,-1
42013,-0.9324503,6.0684276,-1
65063,4.7371745,10.299347,-1
205412,16.778612,-1.7186971,63
174992,2.856281,1.4198498,-1
8825,8.077503,13.899102,-1
61428,-1.3135763,9.283402,-1
108794,8.1009035,7.3900495,-1
89767,-1.6725397,10.08826,-1
202927,12.536544,6.7293296,-1
19486,2.6171021,3.0304363,9
35414,0.44562402,6.968494,-1
78018,2.6144347,4.7283587,33
111106,4.6785927,-13.7737665,61
73079,-1.9824042,9.582426,-1
153813,3.2484462,-0.4003045,-1
73186,2.7163079,1.9139551,-1
100047,2.4192622,10.157089,70
78454,4.377169,-7.1943293,77
142417,-4.1484685,12.949358,-1
190248,12.752754,6.617091,66
9043,13.413686,-0.08409899,-1
88533,-0.03675729,12.069725,106
84940,-4.465681,3.670957,56
61728,-4.4960113,3.6719594,56
109030,-4.279277,2.7597432,-1
63036,-2.081715,9.503046,-1
75867,-9.912274,16.111813,-1
28365,12.080789,-0.6807984,-1
19342,6.4158645,13.892768,-1
36996,0.20693947,8.449622,-1
161361,3.4970348,7.921081,-1
201940,-2.249131,6.4908433,-1
96265,19.603735,1.3551705,92
95256,5.5804973,5.7008486,-1
176996,-1.0569944,12.07993,-1
117002,8.534859,-1.5557438,21
62780,-6.9827995,-9.056368,89
2581,15.733562,19.813036,89
26873,3.3745086,7.2848153,-1
162440,2.8326616,4.7829566,33
175504,0.3309382,12.815691,-1
102484,-0.121529974,15.623063,-1
16217,-1.984385,6.5681944,19
157622,-5.838549,12.30409,-1
74254,-13.061075,0.13991494,41
56033,-3.0109806,2.3300476,30
61770,7.9451766,10.563493,-1
127468,0.067320995,9.045814,-1
110379,-1.2163734,1.3704777,8
114247,9.77794,-4.671112,38
174273,2.8921976,3.7663593,-1
24440,3.2196536,13.969965,-1
15803,2.3582058,9.36012,-1
131199,0.3145324,10.848008,-1
113841,5.516371,-1.4656571,42
9938,-2.2818172,10.12014,-1
2441,3.5118856,7.915465,-1
43007,3.0282104,22.338203,50
202460,20.774824,9.75462,92
111707,23.593525,1.7678043,102
100481,18.022585,-7.350176,74
2323,18.318207,12.451859,100
64700,10.171918,10.618407,-1
202463,0.6541667,5.7605433,-1
161407,-0.3530684,16.335104,-1
173255,-0.5192768,3.091006,-1
116992,9.577947,10.636744,16
153979,-18.513687,9.4923525,89
89168,3.0565484,11.59505,4
153972,1.3433551,1.6255043,-1
73232,1.8523988,6.746176,-1
97179,3.6504028,-0.47414854,-1
28382,4.174038,10.266838,-1
60436,6.1227093,6.8535976,-1
114738,-1.9934531,6.6115255,-1
53190,2.2207577,-0.6993447,-1
138823,16.905882,2.5530038,26
73207,3.6721416,1.1645625,-1
60944,2.9368033,14.030417,-1
127296,6.7000027,15.619537,-1
41214,20.758179,-3.8008623,88
35600,-0.38133633,10.486633,-1
117057,-2.6530318,14.521538,-1
18014,5.2075663,9.525868,-1
7937,3.451038,0.00084285944,-1
44380,-2.541419,18.030972,101
129684,-0.4636949,9.458973,-1
53167,13.809232,21.677666,102
127272,0.8049306,11.921892,-1
24850,4.773005,7.652449,-1
79724,2.1023939,6.9053383,-1
155636,4.7333016,10.880959,49
9995,-1.0453495,12.095613,-1
129885,-2.6143699,4.163434,-1
127226,-2.654985,4.124219,-1
204285,11.420288,5.209649,70
111408,-3.1274066,1.6534239,-1
64892,4.5002656,8.656881,-1
86576,3.749732,1.0760299,13
28399,0.21099219,0.58057004,14
202744,13.940019,7.3421135,-1
138829,14.332333,-0.697445,111
73220,8.145321,5.025742,-1
15004,-0.05018306,12.256263,106
161089,-0.14045548,5.0335145,45
1946,-4.0556655,3.144713,-1
157581,2.9445362,6.291544,-1
138076,-3.8866115,2.008016,-1
53220,-1.8483361,5.422482,-1
100323,0.4435103,6.9878592,-1
153888,3.3980227,2.2285058,27
23601,3.2286472,4.86715,-1
142511,-17.533773,11.47874,89
129647,4.2433276,2.2126777,27
44352,4.7410727,7.7125645,-1
100449,-3.5536115,1.9443502,-1
127343,0.5282896,5.629235,-1
89829,1.8110297,2.5615327,-1
90685,-1.1184567,11.407745,-1
131322,-15.953273,2.541735,87
162688,5.530255,7.465544,-1
61385,11.42056,5.2095566,70
160740,-18.514063,9.491995,89
188614,16.487246,4.6988387,80
141840,18.427282,5.108963,64
79359,-4.867508,3.1484253,55
139186,0.7700926,5.0096645,-1
37605,-1.8472905,6.6381154,-1
195491,3.5429778,4.273154,-1
189695,-1.2464336,4.4414883,7
189471,3.5986657,0.9178485,-1
141244,2.1050434,6.5766706,-1
204992,2.8574784,1.420158,-1
100190,3.0303636,22.332062,-1
175107,10.115682,10.8163,17
43536,5.4440937,0.009664601,-1
128538,3.6470988,7.8921175,-1
74547,2.5635355,4.9427404,-1
156062,-4.901296,-0.7545844,104
63457,3.4006796,16.247452,-1
101720,-6.9828076,-9.056752,89
141251,0.22038388,11.202486,-1
202263,-5.9835463,-1.7612938,-1
184760,1.3757224,1.3592108,-1
96699,7.5832424,5.5581484,-1
130135,6.4392614,4.7366605,-1
204618,-8.9116745,-5.900502,110
74531,0.09645988,8.551415,-1
15191,0.19520327,12.975579,-1
41520,0.8088241,5.0108657,-1
204515,3.894698,-2.6526933,72
27729,-4.486337,12.815922,-1
141240,3.4228406,5.6759777,-1
86130,19.603672,1.3551322,92
89506,18.390966,17.58558,53
163074,0.7490409,10.5014925,-1
130149,3.201843,16.372017,-1
9676,0.20232204,14.327435,-1
128681,-4.4646,3.6505346,-1
18843,-3.7125473,1.4917936,-1
37562,-3.5403488,1.6249558,-1
188947,-4.0577,3.1463437,-1
41446,9.711314,10.657512,-1
109985,8.289374,10.856833,28
7284,11.420711,5.2096,70
95951,3.8962107,6.464686,-1
18294,3.443986,14.3757925,-1
61167,-4.0045433,5.5090456,-1
63768,2.405664,2.765461,-1
195504,0.32672167,12.811443,-1
128603,3.5922134,4.6957445,-1
37565,6.3250923,12.054122,-1
99894,6.298708,7.0102005,-1
139538,16.487482,4.698695,80
177172,5.6089377,2.024805,-1
38796,-14.968984,12.235663,89
100191,0.23811682,11.128429,-1
163036,2.0933151,-0.48646078,-1
54259,3.0455377,11.515298,-1
178587,-3.2705207,-1.8234113,-1
185491,3.5350041,4.280002,-1
131881,0.7710135,4.9979,-1
43588,2.1314094,10.048239,-1
196044,13.413676,-0.08407248,-1
1669,0.08053468,7.2852135,-1
42497,1.0361388,10.456347,-1
60848,-5.5686646,6.8665037,-1
74780,6.13147,4.562474,-1
163572,4.5845633,9.275071,-1
101800,-4.31527,-2.629744,-1
42496,-11.974923,4.1143756,94
9716,5.039701,-0.20647915,-1
109751,6.9622593,19.40146,73
36341,-1.2058356,6.169029,-1
111287,7.519221,0.8496384,106
56884,-3.5039663,1.8978418,-1
97405,-15.965596,2.5448656,87
24985,1.2311709,6.7817316,-1
62652,-4.901287,-0.7544347,104
177760,-4.8039002,3.9419053,-1
61227,0.74326426,3.021008,-1
202640,13.632815,-5.5864096,63
163616,-10.162087,-8.136902,89
14597,-6.7729664,8.8176775,-1
109910,1.7530662,8.809744,-1
79090,6.308501,6.56303,-1
96705,1.8339969,16.24058,-1
62331,8.691652,6.7532716,-1
36379,3.2393696,13.942483,-1
95887,10.167187,10.778792,-1
141286,8.017329,-3.287619,84
174001,0.6759681,12.433621,-1
37628,2.3238096,7.4401197,-1
43215,4.968411,5.8262644,-1
36373,3.1684391,4.3388453,-1
189464,2.5995865,3.1091034,9
116026,-10.27234,-1.6856288,77
73789,0.5752978,3.549036,-1
109864,-4.3153687,-2.629884,-1
96721,3.9347355,8.338429,-1
54203,-3.700361,3.7549162,-1
202625,-1.0443616,11.820277,-1
174515,3.894363,-2.6562736,72
15185,6.3038273,7.234761,-1
109818,-1.3365719,4.555314,-1
73788,4.713512,10.851602,49
141356,0.44705918,8.301237,-1
27261,3.1173902,13.943463,-1
130487,1.8094356,1.4219275,20
174347,0.40301192,0.80735284,14
132459,5.7369795,14.440879,-1
128701,-4.7540627,3.4797943,55
109731,2.9824529,14.181548,-1
63607,-7.1141305,5.4157515,-1
202579,12.494406,8.99807,-1
157013,3.4932978,2.2994618,-1
110065,-0.37703487,10.492832,-1
54494,8.535851,-5.9263964,-1
204938,3.4486334,-0.0019644806,-1
25134,2.1797419,2.0568445,20
43327,-4.6599355,3.1583064,-1
74623,0.68184817,3.1527224,-1
14729,5.386987,0.01892763,-1
111311,12.693822,1.8311127,-1
73931,10.167399,21.448193,98
138332,-1.2041382,3.14422,-1
110053,-3.5596845,1.5952927,30
38721,9.047484,3.4422112,-1
43336,1.1302247,10.324876,-1
155989,15.965999,-9.053815,74
85641,4.6236463,14.443473,-1
100840,22.145237,0.6776861,89
15284,1.9932214,3.7762158,-1
139710,3.3425887,7.1498895,21
189582,-14.969056,12.235229,89
88921,0.38082343,11.650886,-1
43341,-0.55593675,7.994204,-1
116194,-2.0285335,6.5624833,19
174424,-15.954545,2.5410786,87
36582,7.1151514,14.47842,-1
43279,2.9206975,0.9436734,-1
155139,2.9425325,14.238827,-1
130279,-2.2957964,6.8377533,19
17839,0.6782928,13.879242,-1
202997,-2.1872427,9.414914,-1
137847,-9.929029,0.77471656,-1
36656,-1.1832803,13.341127,-1
188128,1.8705814,8.791366,-1
128925,-1.5021876,6.14437,-1
155962,3.9435382,5.109904,-1
85679,2.9998531,11.591464,-1
99643,0.420496,11.224385,-1
137841,6.232637,7.10865,-1
157022,4.475653,5.1198215,25
14753,-2.6686065,5.194461,-1
36642,-2.1602857,9.451432,-1
189522,8.2100935,13.607442,-1
54514,14.0254545,9.43939,-1
38484,1.6999644,16.254475,35
74581,11.421073,5.2095537,70
115462,10.396006,10.757125,-1
73946,4.6225348,5.506381,-1
202566,3.2678237,-4.6202736,-1
24532,2.8908513,0.9520382,-1
162159,1.3992432,8.878807,36
100163,20.774857,9.7546625,92
9631,10.260126,5.502355,70
202348,5.5008974,10.072114,49
160627,0.41287583,0.83645946,-1
110667,3.7636132,7.868953,-1
85634,17.858164,8.221241,77
114050,5.0038285,3.4921174,-1
24560,10.958956,26.263136,102
132426,14.332212,-0.6977043,111
178451,-0.34301835,10.704244,-1
54609,4.877093,8.980876,-1
37541,-2.506895,8.716065,72
38726,-3.4482696,-6.1601505,-1
26790,8.617385,2.5753822,-1
63678,3.0105991,2.7669816,-1
18815,-18.514254,9.491867,89
174445,12.8737,8.919812,-1
132380,-4.7222314,9.232008,-1
41764,-4.158938,3.5495415,-1
38779,-3.5844963,1.2758253,-1
204967,-1.6364363,9.11014,-1
198451,-0.33470875,10.70251,-1
141117,2.849832,7.5901146,-1
137799,1.7604377,8.705895,-1
175121,6.7914248,4.1151133,-1
36498,0.7380405,11.050095,-1
24096,6.406267,11.004674,1
140876,6.3477583,4.490248,34
62395,0.30910677,10.748941,-1
2470,3.5968719,0.91969454,-1
184992,2.854596,1.4149956,-1
130353,-7.213336,8.2165,-1
63497,4.074585,5.0774703,-1
7514,3.8938086,-2.6564164,72
116216,1.4676538,6.6994143,-1
162196,0.7875789,5.014535,-1
38745,4.7761154,6.2206683,-1
114064,2.074346,-0.5646236,-1
185412,17.169947,-1.8222765,63
141037,2.9790623,11.626359,-1
163284,4.1230206,4.8022795,25
7272,2.8765364,3.7644868,-1
99909,-4.3462396,2.7878869,-1
195595,1.3749024,10.901506,-1
96015,15.199531,13.782449,96
128781,-5.6739807,12.436079,-1
15304,-3.0181198,8.544611,-1
41754,1.7079425,16.324942,-1
24122,3.8448546,2.8231728,-1
27325,3.3769948,2.2400575,27
95998,-1.3231106,9.481762,-1
36685,-6.9841266,8.135939,-1
162102,4.385535,11.720152,101
141047,0.33417368,10.128484,-1
27823,0.79319686,4.154789,-1
137823,0.21295376,0.58262086,14
3985,5.158988,18.415962,51
141090,-5.8815784,0.3626561,45
184967,-1.6364937,9.110726,-1
36791,-1.5436119,10.368113,-1
36326,2.287387,9.764181,-1
41312,3.0198655,9.848911,-1
116514,1.7177377,10.735085,-1
115936,-1.4702929,21.3676,60
184515,3.8936968,-2.6566713,72
141668,2.1560411,6.7955437,-1
89367,-3.1522834,1.7327586,-1
205121,6.7901096,4.121004,-1
36851,1.3139317,7.85323,-1
189841,-6.9734654,5.7360935,-1
154397,-11.753732,-4.762878,91
75405,-0.6991663,12.331993,-1
53890,2.2578964,9.762448,-1
75785,-3.272271,1.2412305,30
111460,16.917212,2.5000772,-1
139293,1.7998211,1.438734,20
109455,10.546083,21.505129,98
9793,4.086886,5.2016015,-1
198656,1.4803175,23.097406,-1
157422,3.7846572,13.806034,-1
139260,-4.195028,5.937384,-1
79310,6.52213,12.217378,-1
37807,10.505992,8.917949,-1
129318,4.252487,2.1423059,-1
130713,5.464915,-7.0587654,77
79314,6.7141957,-10.401401,74
130719,2.1844678,16.259888,-1
85294,-11.782194,-4.7345905,91
138242,4.4756403,6.98058,-1
88615,6.024439,16.934793,-1
88896,-3.4481144,-6.1610374,-1
197632,-1.8831133,9.460813,-1
86327,4.4522696,10.343064,-1
154463,-4.015787,5.8696995,-1
78208,4.639351,5.9936886,-1
19039,3.4440255,2.2880685,27
53930,0.4800982,6.9284286,68
62149,10.95862,26.263489,102
156338,-1.7805377,6.652879,-1
155880,-0.980749,2.8736784,12
28062,1.9432014,12.633447,103
89933,3.759375,6.3685985,-1
85329,-3.571494,1.9452463,30
75782,-18.514833,9.491683,89
137913,8.304196,10.868803,28
157412,0.816597,2.3730066,-1
156339,-4.538446,3.6499622,-1
64120,-0.35586947,9.193734,63
141630,1.3449802,9.158254,-1
204445,12.87192,8.91977,-1
36843,20.774878,9.754705,92
102012,4.7500196,10.031568,-1
197760,-4.8425794,3.92691,-1
1586,-3.270639,-1.8236148,-1
109479,-3.4040172,-3.655593,-1
15834,4.9342074,9.141713,-1
138468,1.1908729,5.8009133,-1
86358,3.189151,7.6004143,-1
116574,2.930066,4.6047015,33
111329,3.351827,14.15229,-1
36033,-1.7211949,5.464678,-1
19117,16.784418,-1.7168599,63
53782,21.502598,3.7879558,61
175412,16.821503,-2.427983,63
115005,5.85566,6.759204,-1
23827,1.8934275,-0.8201995,-1
114998,6.217294,4.4746556,-1
139202,1.478178,1.4656171,-1
115893,6.104698,4.8155303,-1
160720,1.5973511,1.3858368,-1
184938,3.447713,-0.0031383238,-1
96436,3.5825589,3.892378,33
184445,12.87177,8.919642,-1
139191,8.474078,3.0494182,-1
141798,2.2589958,9.11469,-1
89690,5.2825093,6.9809804,-1
160347,6.614623,6.6983213,-1
87004,5.1512656,22.902758,-1
202431,6.714179,-10.401414,74
57007,3.0533798,11.610635,-1
129379,5.4648585,-7.058799,77
96170,3.2691276,-0.41291818,-1
99821,3.2469997,5.0347824,-1
36884,-1.3064585,1.1996249,-1
174618,-8.9125805,-5.901983,110
128057,3.6406097,4.7694445,-1
129991,16.830372,-2.4252663,63
9806,4.360223,1.8068473,27
137589,-8.041996,17.694635,107
116639,-1.8715799,26.86774,89
132652,2.9359267,7.5338144,-1
130741,0.92967796,-7.697624,77
18169,6.369412,7.8905644,-1
15485,5.658983,7.7178574,-1
130750,3.7049353,5.2562227,-1
97615,5.810306,2.1851263,-1
198670,0.08268271,7.2874703,-1
189941,-13.062213,0.14462146,41
7346,0.4039431,0.8055269,14
129348,1.6758481,15.985524,-1
185595,1.3730319,10.905259,-1
156419,3.2438214,-0.5036084,18
162879,5.1674156,22.919216,40
128068,9.866667,7.139426,-1
116675,5.9333367,14.798096,-1
204424,-15.955404,2.542046,87
79342,10.95825,26.263577,102
185107,10.115147,10.836032,17
128064,8.421508,7.5133176,-1
89344,18.659803,20.228888,88
28056,4.098831,2.3105328,27
198614,18.158333,6.786814,80
86679,-2.2723303,3.644365,-1
198587,-3.2707334,-1.8237163,-1
189442,3.5000534,7.9131985,-1
141514,1.3526136,7.8753595,-1
138387,5.2697215,6.58004,-1
62243,-1.2073104,9.824574,-1
189766,14.335578,9.5728855,32
74852,3.7447789,1.0875155,13
129179,0.7592549,10.464856,-1
62658,0.16958258,8.85923,-1
178656,1.4803185,23.0974,-1
156936,1.9432411,12.633719,103
163650,6.217286,12.057209,-1
185504,0.32990453,12.809046,-1
74863,1.9362941,1.935345,-1
56398,0.6087466,5.578423,-1
63951,1.8457667,2.3173633,-1
162273,-4.5536575,12.930654,31
41406,-0.3023162,10.672693,-1
2463,2.6367693,3.0637758,9
114078,3.646828,-0.8193612,-1
109694,3.3588543,-0.18371315,-1
38411,-5.179983,22.654392,102
178670,0.07512591,7.2892036,-1
189787,0.89592046,4.702093,-1
75760,3.696743,1.108759,-1
56909,3.358855,2.3961391,-1
128428,-11.304852,19.718489,89
96767,3.334299,8.456446,-1
128464,9.924699,7.131434,-1
63894,-6.9150743,5.151756,-1
178614,16.487436,4.698765,80
63895,3.5497034,-0.38973483,-1
154710,-8.099649,12.653055,87
85467,-0.7520053,10.849453,-1
154695,-1.6726801,5.4948454,-1
101810,3.1866758,7.0253434,-1
79148,4.037165,9.888357,-1
141471,6.1172533,12.0308,-1
99880,-0.29348782,5.8648925,-1
27955,-6.1085606,12.594581,67
14853,-5.964387,7.3647804,-1
86936,3.1096106,11.576404,-1
1655,1.4802822,23.097366,-1
162252,11.337681,-0.7176514,37
62262,9.042891,1.8120837,85
41423,-1.618272,16.59937,59
42455,4.36382,12.033572,-1
14565,0.6469366,12.067698,-1
184618,-8.911637,-5.9004393,110
26583,-0.5890902,10.231787,-1
163644,3.7090511,-0.6262294,18
97709,2.5626621,3.404759,-1
53994,-17.541245,11.471155,89
63983,1.8560966,-0.8957872,-1
63282,-2.3825867,6.8779893,-1
157232,-9.35932,-11.614053,89
53985,0.48878318,7.0663714,-1
128336,-1.1969225,1.4044292,-1
26829,-4.74377,9.227031,-1
37766,-1.0996964,18.980602,83
73687,4.081993,6.221739,-1
154512,3.0124023,14.170375,-1
89383,2.805201,8.624858,-1
2521,8.1997175,13.617831,-1
42741,3.1821744,13.893136,-1
53975,18.408617,5.114662,64
99860,2.7741632,2.7951381,9
141582,-3.7877114,3.9326072,-1
17629,-4.0239825,5.777536,-1
27192,6.282357,11.041998,1
53955,7.6726213,15.547071,-1
128281,0.24377434,0.5544839,14
197635,-2.0477133,6.545129,19
63269,0.95916706,11.224624,-1
14477,-1.3594673,10.198916,-1
205107,10.099544,10.845015,17
101981,2.490712,9.933334,-1
73658,-7.1290216,3.8114054,-1
140645,2.7908633,4.8494525,-1
110648,6.873317,17.262815,63
86676,13.631128,-5.590265,63
90236,-17.533123,11.479093,89
18639,3.0339499,6.9614115,-1
56510,-3.1659145,1.1915047,-1
55669,0.33275363,13.044694,-1
38861,5.3346004,0.02694881,-1
60656,8.553468,6.8521476,-1
89957,6.2601013,7.1493087,-1
163732,6.130909,4.7718377,-1
7759,1.3739549,1.3539537,-1
42410,6.0067596,20.765575,80
173650,1.2291784,3.128715,-1
99975,3.3878427,14.455148,-1
1613,18.158571,6.7856956,80
42405,2.6868033,2.8590555,9
202166,5.8696675,6.439376,-1
160438,1.7544115,9.448612,70
89655,14.3324795,-0.6987321,111
161866,2.049878,3.5274575,22
139854,1.5724823,6.5751863,-1
101901,2.523708,6.378477,-1
132583,-2.0695946,6.7123594,19
43182,-3.9705157,5.5131574,-1
195412,16.781336,-1.7180257,63
55690,-13.704688,-2.989995,111
156925,10.257945,10.656466,-1
37759,-2.8355048,11.428247,-1
162532,10.968955,26.259447,102
87866,-1.4990683,4.153183,-1
90861,2.792393,4.0759773,-1
17159,2.6867034,3.092642,-1
93700,3.9158635,4.787848,-1
49984,-4.168196,5.9215198,-1
146693,0.747654,3.0308888,-1
123054,5.3001647,-6.88484,-1
182447,-0.82811964,0.17956322,0
123058,6.2226167,7.087858,-1
83119,1.815647,1.6911048,-1
83129,3.5036576,4.4985814,-1
93711,2.6491818,2.9720993,9
171252,-1.5255376,4.125293,7
46852,-4.7543955,3.9609804,-1
199841,-6.9828744,5.726862,-1
50004,1.8190129,16.019417,-1
39839,-4.4497027,3.7720761,-1
68295,1.8673844,3.2753284,-1
81423,-11.60499,9.687421,-1
16693,3.0386543,11.6134815,-1
135850,1.0498044,6.594871,-1
49980,2.3018093,6.3643494,-1
5165,5.855966,6.431812,-1
87622,3.2351873,6.3401537,42
134581,0.7593494,4.863764,-1
87625,-1.3933308,9.704767,-1
77082,2.9716625,-9.5987625,84
197049,-5.924278,12.452852,-1
5926,12.536414,6.7293663,-1
176044,13.413669,-0.08406841,-1
150764,-4.1836023,2.4207792,-1
46924,2.7225485,5.1843514,33
5942,0.13540614,8.404256,-1
20862,-2.8613687,7.703491,-1
106704,-5.4290133,10.4926815,76
46906,14.332282,4.6171737,86
20857,3.1815329,9.768354,-1
58157,-15.356185,10.2735815,89
134507,3.1633828,2.6385756,-1
182431,22.362068,7.5499487,74
50017,12.7228365,6.639823,66
83158,-4.8855276,3.1360655,-1
113212,1.5709851,-3.119327,-1
192348,5.4463797,10.04201,49
68186,5.900801,13.968358,-1
146588,6.0269966,1.9127359,-1
40540,2.069614,-0.5059557,-1
168231,7.454413,-4.804218,-1
83187,-1.568198,2.3690345,31
104624,-7.179038,3.7682672,-1
5996,-2.1883924,9.41571,-1
98340,3.215461,7.1150684,-1
192263,-5.983675,-1.7613518,-1
20772,1.3728878,10.915844,-1
113193,5.2049694,8.46383,-1
32445,-4.8624587,3.8165236,-1
46727,4.035527,2.2750797,-1
76376,6.216853,8.856146,-1
203384,5.0045147,3.4898803,-1
93771,3.9661465,10.1320715,-1
88097,-2.2735243,3.6421087,87
106785,10.43123,18.981297,82
92133,3.6871684,7.851662,-1
8120,6.794892,4.1151977,-1
123118,4.539465,2.2603722,-1
106761,10.994302,24.045095,102
93720,3.0426931,9.799815,-1
22272,0.2201497,11.033378,-1
50043,4.7313333,1.8132329,27
68256,3.7431734,1.598447,-1
123113,18.408848,5.1145854,64
182460,19.603643,1.3551061,92
182463,0.65198046,5.7593675,-1
22288,-4.3930283,3.6692421,-1
11029,4.0978885,3.234871,-1
8411,16.783552,-1.7172443,63
11025,4.717698,7.68774,-1
17169,3.9437597,5.549989,-1
12458,2.0095606,-0.6059434,-1
92139,9.5681,5.975618,-1
150932,6.2098513,12.031281,-1
119562,6.1851425,5.009589,-1
146840,6.3316503,11.082559,1
186794,4.089141,5.202513,-1
22205,3.0267503,1.2753925,5
168656,1.4802717,23.097445,-1
203450,-7.9816585,17.778269,-1
47125,14.33536,9.572984,32
186807,4.36432,1.8026301,27
47119,-4.2575264,4.085817,-1
122802,0.068735465,4.8203526,-1
150501,-0.25939593,5.3997893,-1
168614,18.158474,6.785458,80
32080,-1.3915458,9.209959,-1
113067,1.5642686,12.235991,-1
59108,5.40723,0.045862816,-1
39895,5.6913953,7.4782186,-1
168587,-3.270757,-1.823791,-1
70980,-7.1843634,4.20624,-1
88067,5.1612773,6.410687,-1
47087,0.473319,6.36926,-1
150561,2.8144948,9.673766,-1
150482,15.529642,24.691597,88
168670,0.056682188,7.2607703,-1
82949,-5.200829,10.609748,-1
21002,0.21776594,0.63293135,-1
106541,1.8771342,12.735261,-1
147321,16.95489,2.4894855,26
59074,17.167076,-1.8197637,63
182263,-5.9839444,-1.7615292,-1
113035,3.3773801,-0.14957306,-1
122643,3.1511574,11.500377,-1
147313,-11.304833,19.7185,89
31966,5.4505944,-0.09404818,-1
20991,5.3250384,0.013156366,-1
40425,-0.46350363,9.754024,-1
2840,-6.9755163,5.734753,-1
122717,7.7743683,1.0942659,-1
68578,-0.841047,12.495247,-1
192509,-7.8683634,11.740157,-1
88052,-9.756123,1.2425723,-1
106612,9.857193,7.076729,-1
119671,12.117135,9.124364,-1
119649,2.8070111,9.687415,-1
123002,2.7709901,14.120032,-1
87643,2.4376314,10.152237,70
16723,-0.84038603,2.9600413,-1
159276,6.4710536,4.7340813,-1
135795,4.5656395,6.8546777,-1
168451,-0.33466405,10.704155,-1
122975,5.6208553,2.024445,-1
150674,-1.8949343,5.5253997,-1
49848,1.4163548,2.7185044,-1
68414,21.502262,3.7882597,61
134589,3.6187952,2.3284202,-1
81516,1.0872104,10.287162,-1
12384,2.6961615,9.22914,-1
29953,2.355605,2.719109,-1
87635,0.29690802,8.639364,-1
104753,4.8078537,8.979761,-1
77079,-2.9150043,14.764993,-1
134606,-2.6314847,14.482176,-1
112313,-4.6574125,10.838337,-1
49780,18.022585,-7.3501925,74
47051,-1.1397296,7.6161566,-1
203435,-2.4614503,12.485507,46
192463,0.6557113,5.759169,-1
192460,12.250357,-8.27654,92
68446,-8.272035,10.61462,-1
59124,3.9294572,2.239435,27
199941,-13.057497,0.13907123,41
192447,-0.83313334,0.17410374,0
93612,-1.9353102,9.888284,39
182348,5.452612,10.039626,49
26027,-5.557854,7.2326155,-1
20927,3.3651364,-0.21850225,-1
92261,0.23808253,5.739357,-1
93604,4.3766723,-7.193552,77
192431,18.022627,-7.3501954,74
199787,0.907321,4.691147,-1
151012,-3.756523,3.0868528,54
147410,3.5836804,1.2106454,-1
91867,-1.2208573,-2.1690001,-1
20596,3.27062,13.891723,-1
67730,-6.0697594,-2.7795734,86
182708,-16.247412,14.448033,89
76245,0.5297462,6.371265,-1
12725,3.4746046,5.5134497,-1
199695,-1.2616847,4.419297,7
93973,-0.34646693,10.5989685,-1
159500,-11.982085,4.108795,94
134168,-0.43517655,7.560744,-1
50598,0.4263792,8.743285,-1
67704,6.1701016,7.0583434,-1
12733,-0.16843954,9.145161,-1
4991,1.9691064,-0.6746298,-1
119106,-2.62088,7.8769093,-1
182744,13.940181,7.342073,-1
123886,20.356981,14.451053,88
2765,14.253809,9.409395,32
60289,10.459628,3.1677907,-1
40655,3.2509623,4.335628,-1
91906,2.3291702,9.6097975,70
123733,-1.1929998,-2.096533,-1
32868,4.823667,9.202954,-1
91897,3.0168483,14.005881,-1
88168,-1.961668,5.2767544,-1
107067,-0.29786578,11.230886,-1
29636,2.1335237,2.0824714,20
146035,-7.6075945,17.873806,107
631,-1.8851367,9.447704,-1
123785,3.760699,-0.5218819,-1
191992,1.9828588,-0.6609851,-1
167635,-2.0491378,6.51434,19
167632,-1.8861076,9.45937,-1
57882,7.722022,24.306707,102
50615,4.1362395,6.5341306,-1
3128,-7.2894206,4.0549364,-1
159351,9.86516,-7.6196866,102
67662,3.4442935,14.433551,-1
118971,3.8747048,5.5197263,-1
83553,8.106505,10.984418,28
71574,3.0910335,5.0207176,-1
99110,-1.8949426,0.90320826,-1
81049,7.80529,14.353955,-1
46274,-4.5432963,12.902754,31
176632,10.260668,5.502426,70
98222,6.2366967,10.9899645,-1
46259,-0.5137452,11.620172,-1
20485,2.8380675,-2.56081,-1
145639,4.0327134,14.3129835,-1
12800,0.7150487,2.7792974,-1
22572,-4.080392,5.82086,-1
83581,6.3168783,11.091839,1
33077,0.2866592,11.491799,-1
145631,7.974893,16.690224,84
83547,18.315907,12.016752,100
151540,3.497803,14.414645,48
77183,3.0442872,1.005524,-1
136313,7.585955,5.558038,-1
123931,-11.6050625,9.687414,-1
87496,-3.7763946,3.3268058,-1
94005,0.929772,-7.6974626,77
99078,9.046281,16.359991,95
40681,2.9813955,1.0945708,5
145771,4.390844,11.721347,101
71534,-2.9480917,23.991343,74
134150,7.2660813,7.6387143,-1
98245,0.2411352,11.815501,-1
191940,-2.2491653,6.49163,-1
39660,-6.692687,-7.2513227,89
134155,-0.7950903,11.095188,-1
107218,4.295578,1.7388687,27
119136,2.7748363,14.202224,-1
167760,-4.835139,3.922712,-1
32785,-0.3651357,7.5663595,2
136001,2.9718127,-9.599075,84
196996,-1.0462871,12.095325,-1
32557,-1.6976465,3.8242776,48
71242,2.918468,6.267281,-1
134314,-5.7137594,8.792328,-1
151102,2.1746135,9.532959,-1
50285,0.7017583,2.8271148,-1
134304,-5.568497,7.1404138,-1
119332,7.068203,8.234305,101
182566,3.2678335,-4.6203327,-1
46619,-8.712321,-1.058003,97
20688,-1.8713707,26.86805,89
93844,3.651853,4.821043,-1
32589,3.1151516,11.612442,-1
105667,0.41782907,7.00749,-1
112182,3.0419586,4.879824,-1
182579,12.509021,8.996658,-1
98327,6.2511077,6.5211024,-1
87568,2.9717672,-9.599092,84
68055,12.2238455,9.106765,32
68086,1.9690796,2.8485062,-1
83255,10.4312935,18.981285,82
93805,6.132977,27.367756,88
8106,10.118614,10.816367,17
182509,-7.8685055,11.740184,-1
180613,4.67089,8.406098,-1
180610,-1.4623553,7.6777234,16
168128,1.8722281,8.791487,-1
106878,8.053401,10.92033,-1
71235,2.1580663,3.2369165,-1
199766,14.335796,9.5727825,32
119382,6.957065,6.534541,-1
104490,2.8339617,3.6774764,-1
194001,0.67529255,12.434201,-1
50239,-7.048709,5.5485463,-1
146370,3.8936832,-2.6571217,72
151086,3.9353542,2.2457693,-1
32615,-13.355059,17.607899,89
159426,-16.260548,14.4627905,89
106941,4.2550197,8.36593,-1
93910,2.1113546,7.496305,-1
59365,4.9489775,14.493827,-1
151295,0.21544246,0.5798195,14
17224,2.6531293,4.4029064,-1
119194,6.256927,11.340003,1
40638,-1.0317702,11.580305,-1
10906,5.4611964,7.023217,-1
39705,1.669972,2.5592008,-1
119173,2.7836432,4.8083234,-1
182625,-1.0399246,11.813787,-1
182640,0.9850806,-10.175471,63
93929,4.6020226,2.1464424,-1
67850,0.61829114,8.624495,-1
200986,5.159996,18.415346,51
171587,12.226203,9.1063385,-1
39684,10.253648,10.667731,-1
88127,8.110341,4.98818,-1
119223,-3.9063473,5.795662,-1
192166,5.8684983,6.4397583,-1
67974,4.5377026,3.0263436,3
106946,3.9742036,8.379023,-1
146243,15.587239,11.289146,97
92007,5.486082,6.830239,-1
67988,0.3495472,2.9514093,-1
119274,8.836054,-12.209473,89
2786,0.89617944,4.700912,-1
71306,3.6087983,9.530107,-1
146218,10.172223,10.624317,-1
22407,-13.06225,0.14470273,41
50350,-13.062381,0.14478073,41
76313,5.5311036,-1.4985989,42
32683,0.0793992,4.83792,-1
112181,3.3626125,-0.289377,18
186717,5.0363345,-0.20769817,-1
71351,0.34779388,10.22145,-1
81609,1.3226858,1.6960539,20
134691,-3.724694,10.210717,-1
145621,8.257985,13.572593,-1
87941,0.32974237,8.313416,-1
47902,-3.4345386,-3.6308267,108
169766,14.3359585,9.573133,32
121439,-1.6430616,9.121156,-1
206794,4.0778437,5.197948,-1
5430,15.983666,-9.078498,74
31160,0.42234188,3.4313285,-1
76668,-1.6161091,5.1223836,-1
120264,12.448176,-4.8383927,79
135465,2.8269808,10.1572895,-1
82499,4.75979,10.033566,-1
21323,4.588827,6.0636287,-1
69543,10.664803,16.176123,-1
69539,11.540818,0.7914705,-1
48841,2.60059,-3.1588376,-1
47873,-0.056100067,9.22781,-1
11837,7.2830224,13.599969,-1
169695,-1.2612079,4.4208536,7
70450,2.2779498,29.05665,89
31122,-1.8713833,26.868235,89
5639,13.632506,-5.586547,63
170613,4.6729703,8.394408,-1
120357,-0.44434828,3.0686524,-1
58741,2.450109,8.406899,-1
76694,21.501938,3.7889357,61
181865,20.75817,-3.800879,88
169841,-6.9785643,5.7347174,-1
170610,-1.4651322,7.679051,16
5446,-0.8325617,0.17401464,0
169787,0.9035432,4.6974983,-1
105495,3.409525,20.547684,38
121396,6.6371155,6.5928617,-1
206807,4.363162,1.7950271,27
76796,0.4306032,3.4309692,-1
148458,3.9360905,2.4589398,-1
82057,3.6102386,1.1459781,-1
82007,-1.6360121,9.104657,-1
87798,0.86765784,6.965793,-1
203650,1.2501291,3.1212685,-1
82579,-9.908253,16.105381,-1
149753,8.15005,7.9894304,-1
92619,0.62294495,10.546164,-1
148246,9.606177,0.25597426,70
192943,0.15817046,8.416999,-1
186996,-1.047933,12.095662,-1
105338,-1.5878646,9.953912,-1
105331,3.2122796,13.921192,-1
169522,8.209054,13.608765,-1
171,5.6068187,2.0132763,-1
158775,-4.4070625,3.5773394,-1
105327,9.020053,1.8515466,85
21820,-4.336969,12.729614,-1
25907,0.21080036,11.114277,-1
148179,-5.8806734,0.3620782,45
148175,0.08467948,4.810687,-1
181252,-1.5247552,4.130718,7
69431,10.104694,10.453434,-1
92622,-7.0965385,3.6762173,-1
11873,18.40885,5.1148186,64
148328,4.8727856,5.9958215,-1
192997,-2.1876445,9.41526,-1
187172,5.6403503,2.019807,-1
31250,6.1322904,7.903818,-1
31255,1.7838758,8.724444,-1
93182,-1.2209488,-2.1688602,-1
31265,-1.9328357,6.5404615,-1
105434,1.4049978,10.897819,71
135491,13.630831,-5.5860815,63
81976,-1.8005695,6.6612782,-1
48902,4.678622,-13.773893,61
181940,-2.2723815,6.476158,-1
47805,1.7685394,2.7297177,-1
106101,-1.7522429,5.491222,-1
169582,-10.162163,-8.136909,89
5459,19.596918,1.3538574,92
5462,0.65257305,5.7573485,-1
5624,-1.0501413,11.815951,-1
120368,4.036898,5.6983724,-1
181587,12.226477,9.106163,-1
40189,23.593472,1.7674752,102
92963,4.777755,6.8861127,-1
30607,7.911185,10.490797,-1
170248,12.722531,6.640233,66
87857,2.183787,16.25698,-1
69969,4.519174,12.937323,72
135180,2.6867728,5.829431,-1
30802,-3.6154902,2.3178062,-1
149200,15.22726,-6.1742735,102
5508,-7.868781,11.740085,-1
193255,-0.5209832,3.0895998,-1
5565,3.2678542,-4.6204224,-1
82197,1.9666672,4.629732,41
92829,5.7047853,14.198805,-1
48184,-7.3018336,8.202402,6
135133,2.4404864,10.156322,70
149129,10.109878,10.447303,-1
2940,-13.064612,0.143285,41
98571,4.3665843,12.032583,-1
158907,17.858257,8.221233,77
149092,4.903731,9.130051,-1
40174,-1.258867,4.4248114,-1
206996,-1.0350578,12.0995455,-1
70121,2.797623,9.702239,-1
149030,-3.3432791,3.3822222,-1
11565,4.294774,9.879444,37
70148,-2.9347517,11.556805,-1
76756,-0.8777052,12.485356,-1
120796,1.0083331,11.278728,-1
98554,2.3911862,8.270068,-1
193384,5.003799,3.4906423,-1
48355,-15.356212,10.273598,89
70067,17.00125,2.4798415,26
40149,1.0849462,8.253906,-1
11529,1.1446667,10.944698,-1
92875,-14.968687,12.235353,89
193435,-2.461897,12.485458,46
120486,-3.7874124,3.1185925,54
105826,-1.1721839,11.937529,-1
48059,3.6786726,14.439186,-1
16911,-3.7409189,3.8280618,-1
93020,2.7475815,9.013927,-1
69811,-4.2882566,2.807787,-1
149350,1.8366289,2.5705564,-1
170021,-5.8816957,0.36291862,45
11705,6.2029724,4.4217706,-1
82414,17.17207,-1.8236368,63
193450,-7.98152,17.777784,-1
148567,17.858402,8.221321,77
69753,4.888587,9.509763,-1
149393,3.7842185,1.6118687,-1
69740,10.260166,5.502569,70
169941,-13.061053,0.13994631,41
105589,-3.2503998,1.3480803,-1
121245,-1.913419,9.838817,-1
69827,1.2991326,10.901101,-1
21429,1.6017445,2.8286052,-1
48519,2.8678703,1.0129206,5
120990,3.6625512,-0.6215384,-1
158878,-0.47663715,11.653715,-1
148774,20.036777,1.4198104,92
11652,0.71400607,4.069249,-1
69909,-1.0159413,9.512456,-1
105848,4.360298,5.04673,25
30566,3.991091,3.1686916,-1
48,-5.898461,12.425748,-1
5578,12.49632,8.99808,-1
92797,-1.059384,3.1920195,12
92992,-3.448323,-6.161424,-1
149271,5.2651577,-0.02589342,-1
170129,-7.2935367,4.0519733,-1
92802,4.015554,6.1216846,-1
120993,6.024464,16.934855,-1
48596,12.55119,18.332867,105
206939,-2.27774,10.117313,-1
192927,12.536287,6.729485,-1
149784,13.770909,-3.5868714,98
113010,0.43391398,3.427892,-1
122272,-16.259998,14.463768,89
81749,-10.5477295,6.095139,64
3020,-5.8810368,0.36204007,45
49344,3.1593988,14.070078,-1
122229,1.5095949,6.5177684,-1
49352,-1.582806,9.1426325,-1
192708,-4.019912,-11.398305,89
93407,13.809136,21.6774,102
122230,3.0306616,14.361163,-1
182166,5.860467,6.425612,-1
150118,-7.3043346,8.200086,6
76594,16.29762,8.656875,85
40386,2.2538877,6.6750097,-1
92401,2.3064585,9.679189,70
92397,2.408924,9.33559,-1
147652,7.974378,16.689775,84
168947,-4.0112343,3.1298118,-1
200129,-7.295397,4.0496945,-1
58973,10.762896,9.143726,-1
122205,3.7766328,5.3685265,-1
112451,8.43247,7.4859242,-1
21140,7.2332187,13.770666,-1
134803,4.4229026,8.265217,-1
21961,-4.5540066,12.930509,31
135667,-7.20793,5.2796016,-1
11268,-3.7137725,6.0118685,-1
49270,1.6428632,7.812164,-1
25728,-3.1312096,1.7699504,-1
58290,-4.01983,-11.398348,89
47482,-4.9538064,2.9683487,-1
30190,2.619948,2.965576,-1
150057,6.6640887,7.0068445,-1
30188,3.4129965,7.8315926,-1
17082,14.244948,9.395937,32
119997,-5.9848843,-1.6933005,-1
12105,4.2222037,10.069619,-1
70742,2.5001175,1.8279285,20
134913,4.574507,9.876719,-1
106421,4.5572166,2.060749,27
122428,3.5408127,14.384864,-1
22053,3.1366293,5.34633,-1
82894,3.9842498,8.318222,-1
150287,-4.292874,15.333418,75
81630,2.3717568,7.363041,-1
68755,2.1445477,2.3244283,-1
200021,-5.8817625,0.3627309,45
104955,7.425615,13.553039,-1
25988,-5.5813174,7.194542,-1
12196,-1.7170637,5.340859,10
192579,12.496451,8.998169,-1
106526,8.460951,3.5292125,-1
106529,6.1328697,27.367887,88
70863,-7.6077986,17.873756,107
22073,2.9679418,1.1177689,-1
134715,12.250725,-8.27652,92
192566,3.2678597,-4.6204686,-1
92360,4.808931,9.141483,-1
98379,1.427483,6.9869037,-1
5262,-5.983946,-1.7614169,-1
192640,16.84369,-2.4296184,63
21073,5.1759686,18.431906,51
40388,4.7815175,5.894328,-1
206632,9.60622,0.255661,70
49443,4.0872173,6.234775,-1
119959,-0.32223037,5.391455,-1
119941,2.4977555,3.624582,-1
31857,-2.2963731,6.838087,19
180986,5.089171,18.333647,51
92361,11.7255535,8.73546,-1
58993,3.2330203,9.736334,-1
135711,3.5236263,15.072014,-1
170986,5.1619935,18.417723,51
30124,-0.29001957,10.705731,-1
49485,15.770984,13.737123,96
192625,-1.0405366,11.820043,-1
122381,2.345615,9.690993,-1
12055,13.727233,13.911262,111
58935,0.6873979,3.3429186,-1
105049,0.72120935,3.1031988,-1
122116,6.7141423,-10.401401,74
197172,5.606657,2.0150712,-1
206717,5.03604,-0.20832722,-1
81908,-1.8436624,9.078507,-1
70615,6.5659776,12.24992,-1
149838,1.8402822,16.114723,35
112861,16.86867,2.5267956,26
149842,-13.061046,0.1400161,41
76637,-9.195078,8.261492,-1
21879,3.2409534,-0.4227859,-1
200610,-1.4702703,7.6813135,16
193650,1.2451273,3.1277657,-1
169324,18.318222,12.451751,100
93305,-3.9252899,3.1825209,-1
93309,0.7400237,20.758291,-1
121852,2.0495417,9.29718,-1
149857,13.655032,3.0786514,-1
40021,0.57994556,12.262335,-1
11948,5.1721034,22.925262,40
200248,12.692243,6.67037,66
169464,2.6001549,3.101506,9
149793,-5.637663,25.45106,89
16850,-6.9825807,-9.056564,89
106156,11.540854,0.79148537,-1
148165,6.7141013,-10.401469,74
70567,-1.1174737,9.545177,-1
169471,3.5962214,0.9195927,-1
181992,1.9676485,-0.6954053,-1
40047,6.774517,14.904804,-1
120116,2.0346615,9.076137,-1
106160,5.1176524,12.085592,-1
82640,2.4394474,3.0090902,-1
40297,7.4180136,7.5776825,103
21238,0.23182453,6.9289627,-1
5707,-10.16225,-8.136903,89
149807,-13.704565,-2.9899986,111
169442,3.5085194,7.909502,-1
58900,9.872037,10.692952,-1
5347,5.444426,10.041191,49
200613,4.6682215,8.397848,-1
30217,17.6147,-2.1996312,63
147875,3.4758518,-0.56461996,-1
120033,-16.260366,14.463186,89
31659,4.083155,8.084278,-1
70692,6.715711,6.1733785,-1
206677,0.20205541,14.3275,-1
82769,5.8408227,5.844438,-1
81821,2.9260395,6.2531886,-1
70704,3.2630875,14.181813,-1
82746,1.3987257,10.981708,71
105088,5.36751,7.3727508,-1
47536,0.4873356,6.976741,-1
105073,1.966003,3.6804738,22
87998,15.529359,24.69176,88
192744,13.940344,7.3420186,-1
82809,-13.355061,17.607933,89
5743,13.940483,7.341919,-1
147995,-4.208483,5.7832136,-1
82709,6.1935835,12.213093,-1
49120,0.19997281,-1.637024,-1
159111,3.491463,14.661269,-1
69207,-11.982065,4.108881,94
186939,-2.2918801,10.119172,-1
149871,-6.979222,-9.0394745,-1
121897,-0.016659483,6.3068395,-1
49126,0.26690835,6.3940797,-1
158692,18.546188,-4.9039073,88
120061,18.390955,17.585478,53
147962,22.14526,0.6777099,89
69168,18.317982,12.00316,100
58910,0.20879559,9.607814,82
69142,7.849927,14.3839655,-1
47590,14.374219,4.6594653,86
50771,2.9242425,7.495444,-1
634,-2.080723,6.5462565,19
99184,-2.130996,9.713934,-1
19982,0.5975116,9.204237,-1
98114,5.7057924,7.7201552,-1
28941,-10.16235,-8.136893,89
172460,20.774908,9.754759,92
45245,-18.515438,9.490832,89
45244,-3.967947,5.751282,-1
59918,2.230386,6.2959065,-1
172463,0.65272516,5.7560744,-1
108125,15.770929,13.737142,96
77380,8.684795,3.8952837,-1
23111,3.3135946,14.188976,-1
45233,5.396893,7.479262,-1
99477,0.7809733,14.753357,-1
84309,-4.8695683,10.43908,-1
16421,2.6957774,7.7422347,-1
94739,3.3269308,-0.3739771,-1
7991,2.8659928,1.4085743,-1
66075,2.2543752,1.5316708,-1
179695,-1.264021,4.4177585,7
3247,12.721195,6.6415963,66
136857,4.775937,8.985097,-1
196794,4.0851197,5.2012916,-1
6449,-7.981771,17.777575,-1
28982,0.1520608,8.50418,-1
40952,1.6902881,7.7784824,-1
176794,4.086546,5.202465,-1
13430,-0.6787953,10.9291935,-1
51961,0.10582415,7.211248,-1
34439,5.2461147,-0.023641098,-1
144011,6.7756248,4.38614,-1
111912,-0.42903835,7.4250875,2
194618,-8.912682,-5.9021096,110
172431,15.974769,-9.074711,74
172447,-0.89960116,0.10738754,0
143987,5.416481,-0.006128842,24
143980,0.92967707,10.476999,-1
51999,4.8830814,5.8979707,-1
19952,-4.1552467,3.8633845,-1
76036,-4.2491536,3.4670331,-1
72510,-1.0146085,9.479925,-1
190986,5.0882673,18.332891,51
183650,1.2493331,3.1236732,-1
65962,5.9064865,2.111794,15
13557,5.3835893,0.0024336723,-1
157850,6.665644,7.00316,-1
45105,5.162051,18.417578,51
59959,12.448038,-4.8382964,79
126006,1.9247539,2.1808004,-1
45132,4.954008,6.5599365,-1
143674,1.730908,3.595371,-1
34676,8.313256,10.86903,28
65911,10.296669,10.728589,-1
117694,-0.35986862,9.196507,63
52272,3.3295608,1.1136171,-1
179582,-9.79617,22.509575,89
172566,3.2679012,-4.6204886,-1
65963,11.418779,5.2108026,70
165531,6.1825185,7.475932,-1
176807,4.3642225,1.7923229,27
13520,-6.652296,0.87207866,42
125840,15.227807,-6.174636,102
80322,-2.681067,14.556665,-1
125843,14.332312,-0.69856095,111
66054,6.6878214,13.891722,-1
72532,-5.436326,6.946734,-1
19882,-1.345558,4.1063433,-1
80302,9.67972,-4.5787435,38
45141,6.3822803,13.825665,-1
40985,9.636049,10.622452,-1
4586,12.228806,9.110796,-1
125935,4.3883023,8.795638,-1
34615,6.4296384,4.329286,-1
143736,-5.880778,0.363351,45
65969,2.8012464,7.641823,-1
172509,-7.868844,11.740042,-1
152727,4.80618,8.958696,-1
57492,0.32044327,3.5509806,-1
118278,0.7487186,3.0372849,-1
66218,-1.7316954,5.367761,-1
20051,2.1441367,2.0397272,20
40905,0.25384668,8.555502,-1
166026,6.2028,12.011757,-1
159792,0.2600001,10.329305,82
88288,0.58674484,10.990801,-1
152538,-3.7079911,3.0442762,54
152543,3.8385708,8.082162,-1
183435,-2.4606302,12.488832,46
59803,7.930836,10.928348,-1
152553,16.922194,2.510812,26
76114,12.551428,18.332502,105
165979,4.8961973,8.94134,-1
22998,-4.1288466,3.3928132,-1
152557,-0.9906032,6.0350623,-1
94574,16.783625,-1.717197,63
111948,6.7711554,7.316486,-1
152563,7.9313264,10.54393,-1
77339,5.1338735,18.367338,51
45542,5.8492856,2.0899541,-1
91410,2.767916,5.0797358,-1
88284,-1.9678491,9.552812,-1
144245,10.215837,10.73937,-1
22950,1.0789506,7.510568,-1
84144,5.3653026,5.978177,-1
152426,-5.0398693,3.2012177,-1
80558,18.391064,17.585447,53
191252,-1.5235646,4.1281905,7
179841,-6.976141,5.7345266,-1
76119,3.945649,8.291819,-1
29095,14.497638,-1.0552466,111
152453,-5.7547965,10.789968,80
166050,0.51078564,14.557536,-1
194515,3.8936527,-2.6569126,72
6383,5.009371,3.494882,-1
183384,5.0072985,3.4929402,-1
72194,6.1676693,4.488059,-1
10466,18.317986,12.003214,100
94579,4.026182,9.6087475,-1
76088,4.68144,9.253057,49
187635,-2.049889,6.5442266,19
6434,-2.4621444,12.486231,46
187632,-1.878775,9.4442215,-1
66272,5.727969,15.256905,-1
10428,10.213199,10.719229,-1
2694,-1.2633244,4.4315977,7
94632,2.4265616,9.286483,-1
45342,2.0367053,16.25854,-1
199324,18.318174,12.451494,100
205826,8.054312,13.903291,-1
108025,3.79607,5.0757985,-1
152717,6.6014867,7.454124,93
125650,15.226624,-6.1734548,102
45326,6.4350014,8.438402,42
108074,-3.8952954,2.0103264,30
118111,13.727318,13.91125,111
23040,-0.8198003,0.19505818,0
196807,4.365296,1.7950917,27
172348,5.449719,10.055044,49
183450,-7.981999,17.777365,-1
179787,0.89544016,4.69703,-1
57537,2.7952316,4.9010725,33
13352,-2.6517272,14.514281,-1
51854,-3.222719,1.6692945,-1
66345,0.73967767,20.757788,-1
165908,4.1687613,7.5134873,-1
152597,-4.547867,12.8595295,31
29037,4.5089436,7.4395204,43
76082,3.925137,9.731597,-1
165871,1.4098955,7.060037,-1
91361,15.733611,19.813087,89
20003,4.399203,-7.174122,-1
179766,14.358308,9.584006,32
45370,0.16493247,11.872945,-1
52295,5.387054,14.24075,-1
152981,6.250634,10.996504,-1
194760,1.3791798,1.3613001,-1
126061,4.866806,1.9312755,-1
143010,4.128105,14.293788,-1
84588,4.851847,9.027839,-1
108626,3.4823704,-0.76114815,-1
187760,-4.8361473,3.9180896,-1
10157,3.9394648,2.1257915,-1
196717,5.0341396,-0.21027774,-1
41082,0.21959744,11.107678,-1
164915,2.9717348,-9.599115,84
90945,15.528857,24.691694,88
126637,1.4645835,6.7016754,-1
108669,-5.880518,0.3630435,45
72913,7.1641874,6.0941763,-1
194967,-1.6522518,9.101927,-1
35143,13.716904,-0.31176054,-1
190613,4.670974,8.394147,-1
108686,3.566193,5.306802,-1
190610,-1.4895183,7.6845827,16
39204,10.226505,10.603464,17
79978,0.2954146,9.062619,82
117389,5.8488016,2.1386828,15
84566,-3.3363569,1.4562353,30
13770,5.0697827,10.648676,-1
52732,0.12101674,5.5605583,-1
84560,5.1530957,2.1441169,15
35033,12.356558,-11.262379,88
94985,-1.2289904,7.603616,-1
65488,-1.0024047,10.9632225,99
153376,4.2143564,1.9059806,-1
28676,5.2526836,-0.020003993,-1
126613,6.1327505,27.368002,88
165039,1.3651052,10.530922,-1
153389,16.900902,15.215937,89
194938,3.4468913,-0.003320629,-1
157735,6.5195985,4.7466626,-1
23367,2.3373325,6.381656,-1
60218,-3.7852185,3.3604155,-1
23369,-2.026912,6.6400685,-1
117347,17.172123,-1.823778,63
41086,3.884043,6.3348804,-1
205504,0.3310765,12.811506,-1
126805,1.572611,7.7458677,-1
117309,-0.36576495,7.5625415,2
35257,-1.4710877,21.368664,60
176939,-2.2805328,10.115675,-1
52913,2.9616761,16.43858,-1
73002,4.5382156,9.880246,-1
23444,5.4746246,7.479082,-1
79876,8.016945,-3.2881129,84
52930,3.068797,6.1466503,-1
90914,10.439263,18.99028,82
23451,-0.20577495,8.447584,-1
184001,0.6750374,12.432873,-1
153581,4.6850247,9.024737,-1
60281,12.853982,8.910164,-1
126856,-7.295559,8.218636,-1
44573,17.001122,2.4798107,26
142808,5.531423,-1.4987507,42
65272,3.5821962,4.776825,-1
172943,0.12713109,8.453466,-1
133197,3.9874442,7.8476686,-1
194992,2.862035,1.4113698,-1
1230,7.4544163,-4.8042536,-1
175595,1.3777674,10.898513,-1
126693,6.211115,16.04768,-1
72947,1.7949581,1.3935184,20
117328,15.227423,-6.174175,102
90925,-4.659666,3.4968867,-1
113780,0.02940024,3.6956682,-1
52890,8.069107,13.890086,-1
133146,4.2665057,10.532369,51
205491,3.5228071,4.2952647,-1
179324,18.318214,12.451257,100
153515,1.7501085,9.710363,-1
126745,2.6991289,1.9638846,-1
172927,12.536211,6.729601,-1
102845,5.844404,14.152286,-1
80001,3.6377666,7.843927,-1
80009,14.35825,4.6425486,86
41017,1.0456598,10.270263,-1
179522,8.229025,13.593112,-1
34787,7.931868,10.473374,28
143420,-5.637623,25.451038,89
117623,-2.1171157,9.634127,-1
25384,1.8218937,10.116897,-1
28795,-1.6183727,16.599485,59
52477,3.3928428,16.265041,-1
172640,16.824186,-2.4285767,63
111125,-3.270799,-1.8238541,-1
126237,0.079738975,0.88492477,-1
65736,10.232335,10.66015,17
94882,0.68796057,3.1146455,-1
80104,2.405058,3.9770458,-1
94884,6.453604,4.843714,-1
13682,-15.954382,2.541107,87
172625,-1.026072,11.814612,-1
153070,0.3680069,8.890403,82
1127,1.8739654,8.790933,-1
201587,12.226418,9.106573,-1
45073,17.021746,2.4704654,26
80237,-0.24031927,5.148721,-1
23198,-16.734388,7.1795387,89
23199,4.5822506,9.325334,-1
172579,12.496495,8.998146,-1
45055,3.7767143,8.000193,-1
8594,1.3847624,10.903725,-1
34726,-1.6360708,5.4976234,-1
91140,3.10122,1.8352462,-1
80184,-3.9048512,3.437741,-1
23214,4.560063,2.3169904,-1
103167,4.397202,5.0876074,-1
65806,-15.356253,10.273604,89
45034,-0.35537368,9.186241,63
13618,1.1795372,3.6526833,-1
34754,-6.0980825,8.571298,-1
172708,-15.208229,11.746516,89
80083,-3.274999,2.1339705,-1
205595,1.3898722,10.911958,-1
91047,1.3568428,2.5909936,-1
84485,-2.0165186,6.752248,-1
126422,-0.9364451,11.104244,-1
108532,1.6447165,16.39872,35
52624,5.8077374,2.1416397,-1
6649,1.2419094,3.1256046,-1
39245,5.687238,6.2456927,-1
179442,3.4969893,7.9034996,-1
13731,4.6964164,9.132674,-1
16347,-0.80801845,0.21075547,0
7966,-1.6295235,9.093433,-1
133299,6.570715,12.258692,-1
126530,-8.051861,17.702625,107
153314,2.625339,3.0507164,9
65506,-3.9519658,3.6477165,-1
143187,-3.7665827,3.11087,-1
172744,13.940575,7.3418484,-1
103067,3.5765674,16.068861,87
113682,7.931587,10.835522,-1
72767,-2.5680065,14.414446,-1
34916,-0.74453634,13.017461,-1
98019,-4.636308,3.4217987,-1
153198,6.241484,8.859026,-1
179471,3.596939,0.9202052,-1
65650,-1.7399997,5.3569007,-1
97989,5.956218,2.1659403,-1
179464,2.6237462,3.0866778,9
113687,3.6953468,-0.6473312,-1
52590,-4.389039,2.8373208,54
117523,-2.7245936,7.8039227,-1
143208,-2.9481583,23.99105,74
117521,-7.5553255,10.807005,-1
72806,5.902796,2.1467893,-1
45598,-0.43740782,10.624118,-1
66352,-17.532988,11.479299,89
126178,3.384585,-0.13846283,-1
33759,0.23507252,11.389558,-1
45831,7.7483287,13.749177,-1
99224,-4.6707897,3.419079,-1
134010,2.2892158,2.3236804,-1
91583,1.6469404,16.389368,35
180021,-5.8810964,0.36309114,45
103735,5.7291994,1.6813639,-1
8503,0.33361527,12.811564,-1
124768,-5.0895596,10.715127,-1
91597,-9.563105,14.009856,-1
33404,3.1360757,13.95809,-1
203255,-0.50735384,3.0912273,-1
66899,-6.7371607,2.0009217,-1
124442,4.648062,8.9822645,-1
167049,-5.9200644,12.442145,-1
206044,13.413652,-0.084056064,-1
94158,-7.2738066,8.218424,-1
194273,2.8938715,3.7790713,-1
83889,0.7717313,27.323055,74
91611,-0.023876974,9.187728,-1
191587,12.2243395,9.106753,-1
133991,16.831617,-2.4277382,63
22686,-0.010493832,9.182882,-1
66955,-0.1816479,13.989581,-1
99280,5.323906,0.050914302,-1
194347,0.40431717,0.8039451,14
29453,13.991816,9.409015,32
166580,3.0471337,11.68563,4
103638,4.1255474,2.3071437,-1
71962,6.2758236,11.0429945,1
94391,3.3719974,-0.11820226,-1
158126,3.1185634,0.06010908,-1
167172,5.6317573,2.0300267,-1
107636,15.227636,-6.174471,102
166403,6.935592,7.011684,-1
166405,-2.1658807,9.420445,-1
22846,4.8623004,10.502129,-1
83720,15.974839,-9.07524,74
199464,2.615954,3.1053119,9
91735,11.956189,-2.5687935,58
66821,1.0394753,6.069206,-1
199471,3.594281,0.91596514,-1
10605,0.77172637,27.323061,74
180248,12.721283,6.6417074,66
94361,-1.7573408,5.341086,-1
176717,5.0222178,-0.2199307,-1
144756,-4.5001054,3.5567198,-1
152144,-4.2928357,15.333388,75
94353,4.0852847,6.229242,-1
33821,0.21958977,9.588536,82
66840,2.1543424,2.529094,-1
94344,3.069952,6.192854,-1
45819,3.1609933,2.642166,-1
20375,4.13398,6.8460016,-1
33339,0.6867713,12.433955,-1
166550,1.7852178,2.690826,-1
118481,-4.2092347,5.944009,-1
94290,-2.5097003,8.71569,72
39540,-0.5552031,8.009983,-1
57682,1.9225081,16.087593,-1
83779,-1.7743602,6.6762347,-1
118604,-2.9480124,23.99151,74
145068,-0.024498349,9.1642685,-1
6254,-0.5276201,3.0789332,-1
171992,1.9800899,-0.6649999,-1
107482,7.896849,1.2032903,106
17305,3.115279,4.226644,-1
29357,3.1232061,14.270259,48
151984,-4.719329,9.23296,-1
80851,2.0678964,-0.5540128,11
10677,-6.0696745,-2.7792296,86
151889,3.3097548,-0.1141817,-1
57708,-11.264291,8.4341135,76
124610,6.30692,11.08271,-1
20315,1.0153314,14.456471,64
71848,1.6727096,9.275076,-1
151899,14.283888,9.4026575,32
124581,7.120512,13.720062,-1
77242,-6.0657554,4.0133047,-1
80882,4.395737,9.750207,-1
83801,-2.551006,18.04134,101
71782,1.6791689,2.6335862,-1
33548,4.139936,7.000108,-1
158081,-4.0184813,6.0279307,-1
83811,4.310753,5.5672426,-1
118693,-7.0711193,3.6168673,-1
67139,1.4416969,6.6970544,-1
45935,4.300935,1.971824,-1
71762,0.26076972,9.464416,-1
171940,-2.2538795,6.488946,-1
201252,-1.5181255,4.1335,7
94287,2.307188,9.417909,-1
51048,-3.9873507,5.841433,-1
186632,10.260181,5.50242,70
20279,-13.7044325,-2.9900122,111
166721,-1.6887777,5.287265,-1
176677,0.19970627,14.32604,-1
759,-4.834532,3.9208262,-1
51217,2.9078398,16.458357,-1
45896,-13.355039,17.607937,89
67186,2.3919878,6.4847054,-1
144926,-0.33192202,17.847925,-1
4864,20.758131,-3.800957,88
133926,-0.13857816,3.804492,-1
51200,-3.8232994,5.6629167,-1
194285,11.422207,5.2093377,70
152049,3.3547056,-0.22590567,-1
67159,1.5171262,6.9605236,66
45914,6.453242,7.5165033,-1
166731,8.836097,-12.209432,89
199522,8.221989,13.605932,-1
29333,-0.23427391,-4.5637136,112
10655,3.4179716,7.724074,-1
175826,8.055421,13.9031,-1
91688,2.8948278,1.4977565,-1
180129,-7.297418,4.0650687,-1
124986,-3.9384341,5.824821,-1
51011,4.5327353,9.710575,-1
125141,-0.34711227,11.319415,-1
152299,2.277945,29.056595,89
191865,18.535748,-4.915454,88
20124,2.4646997,3.287876,-1
91776,2.1673715,2.5259936,-1
186677,0.20869352,14.325291,-1
118823,-4.8252773,3.9260178,55
66572,-5.4684663,6.9767313,-1
194445,12.864948,8.91345,-1
8490,3.545505,4.2809186,-1
107724,4.127078,9.530029,-1
145435,10.121475,10.554207,17
50893,-11.974822,4.114504,94
66658,8.690085,3.902515,-1
107367,-7.136135,5.3415737,-1
196939,-2.2803204,10.112502,-1
145253,-5.632642,8.7867155,-1
33231,3.0162017,1.1274847,-1
103992,-15.208278,11.746446,89
26177,-1.7958684,5.698964,-1
159753,-13.062359,0.14446662,41
172166,5.8674316,6.430002,-1
34017,2.486755,3.4433873,-1
166291,6.1385827,7.6958923,-1
182943,0.14571728,8.426875,-1
50839,1.2760643,7.918416,-1
144375,5.7116714,7.2926645,-1
159569,15.733664,19.813091,89
46240,-1.8362311,0.6029132,-1
67485,1.9978043,1.7939844,20
4939,-2.285152,6.455529,-1
152414,9.605937,0.2563301,70
172263,-5.9839544,-1.761559,-1
182927,12.536406,6.729356,-1
118924,3.6518047,7.9467573,-1
91432,5.1197753,9.513039,-1
94514,3.696467,7.625043,-1
26273,-4.133,5.739546,-1
152404,-4.243015,3.4964054,56
66512,0.60950625,8.4938345,77
39435,-15.346964,10.298549,89
71615,15.52865,24.691845,88
88279,1.9924519,7.605705,-1
144361,6.097186,2.3522863,15
136665,0.9850985,-10.175466,63
67429,4.774044,6.1518865,-1
87300,-3.0992343,2.286447,-1
182997,-2.193507,9.413787,-1
20331,5.642865,5.6298375,-1
71687,2.739879,5.9164934,-1
83708,0.6232952,3.984916,-1
166351,0.5564526,15.240319,93
179941,-13.057654,0.13911279,41
80681,6.48324,7.81086,-1
194424,-15.955365,2.5420468,87
166374,3.7009249,1.3887979,-1
166339,-4.2889247,12.636831,31
103616,-1.059481,9.538488,-1
124344,9.775353,-4.6691008,38
13160,3.1007915,11.723582,-1
20398,-2.4610727,12.485188,46
183255,-0.51956457,3.0876813,-1
50965,-18.515394,9.490839,89
13176,16.899632,15.215468,89
199442,3.5072203,7.914728,-1
94410,18.399782,5.112597,64
80935,4.371647,10.3140955,51
51500,7.758334,13.72525,-1
17278,-4.216132,12.551457,-1
133876,-0.17984165,13.9859705,-1
199582,-16.260399,14.463116,89
171865,18.535908,-4.916114,88
29476,-7.229782,5.2813272,-1
136405,3.722688,14.195802,-1
22860,-1.0998517,18.98052,83
66703,2.0806546,6.880625,-1
91736,3.7135806,1.7131294,-1
75372,6.2634287,7.1717877,-1
8775,2.8012855,10.638457,-1
114015,2.562652,1.9373493,20
98200,3.7954218,5.5375285,-1
60102,3.0824223,6.1270804,-1
59570,18.407827,5.1132727,-1
59479,-3.287,1.280424,30
135035,0.20204473,-1.6382358,-1
60325,8.335298,13.5565815,-1
88469,-7.313525,8.20221,6
134032,-0.12153314,15.622833,-1
187411,4.009423,8.705197,-1
113366,6.279118,11.037859,1
161149,22.362059,7.549971,74
58833,-2.1339645,7.0776143,-1
159632,6.132605,27.36809,88
59542,9.543747,6.8557134,46
133099,20.758112,-3.801012,88
160265,-6.6926374,-7.2513394,89
38700,4.135598,3.1262915,-1
133115,5.4001975,0.043781083,-1
39709,1.8414854,2.1474004,-1
187425,4.6212316,8.904609,-1
87869,4.9768195,5.7296333,-1
175027,2.6514137,4.7569456,-1
8459,-1.0459812,12.093744,-1
75920,-6.070054,-2.7810469,86
204108,-0.76945376,13.035251,-1
76719,3.589445,14.3,-1
204245,9.657736,14.068278,-1
131792,-2.0602643,9.494486,-1
196946,2.1513531,2.0046635,-1
39620,2.2779696,29.056519,89
196671,6.5920086,10.369286,-1
204094,2.4135273,10.076703,70
38743,1.547235,10.515385,71
132935,-3.830541,3.4252856,-1
113691,3.5011778,9.386429,-1
187444,-11.755834,-4.7608204,91
87933,4.34194,6.1413074,-1
75387,7.5883594,5.55591,-1
8493,6.1846337,1.8823106,12
133279,-1.0050433,6.042782,-1
88713,21.501816,3.7887056,61
58808,0.42639077,7.4606075,-1
113422,4.737027,1.8010612,27
39106,2.8048084,10.180076,-1
134187,16.297747,8.656885,85
38297,9.049511,3.4457705,-1
159040,-11.982053,4.108862,94
113399,-4.1469455,3.3179119,-1
88510,-11.60514,9.687416,-1
25882,6.364446,11.041717,1
175837,10.580778,3.059619,44
15793,-2.657031,4.1237507,-1
134996,16.892197,15.212623,-1
176241,5.735985,1.6792876,-1
16245,6.697714,-3.7777007,-1
114526,1.4252311,10.828921,-1
135168,2.0768158,10.48658,-1
25874,-1.5151273,6.5586867,-1
134070,6.156627,4.426949,-1
58734,15.587339,11.288945,97
89055,-6.2173433,12.687311,67
135197,1.221648,1.9857484,-1
88234,15.973571,-9.069627,74
38717,1.3236591,5.7841268,-1
114544,-4.3660474,3.5357013,-1
75874,3.733714,14.225248,-1
113800,2.3629277,9.529738,-1
161098,10.664879,16.176083,-1
88471,5.9711795,7.7554326,-1
132373,7.02901,8.210224,101
203625,-1.1197482,3.8603835,-1
133302,-0.7900585,10.859911,-1
2734,-13.355055,17.607964,89
203946,15.528444,24.691982,88
16249,5.0005755,3.4933228,-1
97843,-0.005969152,5.6337056,-1
160080,2.2106025,4.89323,-1
132993,3.0504317,1.1740326,5
76742,2.0203264,7.1627464,-1
38913,1.1179236,9.44161,-1
159062,-4.1894174,5.913568,29
88912,15.974466,-9.073875,74
88919,3.024253,7.472177,-1
132242,17.172321,-1.8237716,63
134729,-7.054002,4.4660983,-1
187257,7.6682944,7.17493,-1
175193,5.696356,7.260899,-1
134479,6.873236,17.262808,63
175437,-5.9688673,7.368932,-1
38481,-11.739443,-4.7774916,91
133872,3.6619017,-0.59125394,-1
26235,-1.4598075,7.180221,-1
38578,2.7941287,7.8831706,-1
60546,4.9024568,10.48774,-1
175135,-6.570946,5.550085,-1
59071,4.1433578,3.4790213,-1
59470,4.0539513,9.163238,-1
88584,1.540017,8.956509,-1
38574,-6.1310024,12.605469,67
25979,4.4441657,8.782589,-1
175776,2.7975438,10.633219,-1
59643,3.943315,8.576991,-1
133596,-5.525168,7.046906,-1
113594,5.2587523,14.642104,-1
98147,2.453056,3.4728677,-1
196501,-0.53147745,3.1015973,-1
113581,6.321094,13.826071,-1
114158,-7.167676,8.276846,6
98344,-11.160256,8.441371,-1
188228,-2.016878,9.869562,-1
187231,3.0153203,1.1257006,5
113960,6.11837,6.588764,-1
88924,7.06241,7.5310183,103
175207,-1.4310023,14.815193,-1
187545,4.178461,8.088255,-1
97424,2.1832414,3.8832583,-1
76587,3.2419438,4.2995977,-1
60964,1.7882847,2.983948,-1
88086,1.2680101,6.6152163,66
60564,4.225642,8.106249,-1
8836,10.578697,3.0619998,44
132015,0.24848919,14.345106,-1
8383,1.4629346,1.8697883,20
159254,-0.3318426,17.868052,107
187328,-10.360458,10.059907,-1
175384,1.4669455,1.872729,20
38536,12.508259,9.007381,32
187591,3.0572033,3.619068,-1
176075,-3.9963698,10.321816,-1
187595,-0.6331716,8.054947,-1
160373,1.8713669,3.2328846,-1
88889,1.8986241,9.166847,-1
113944,10.413573,3.2350802,44
38903,0.9563905,8.694982,-1
204036,18.31818,12.451219,100
132060,2.2241774,1.6405299,-1
38528,-4.081558,3.5247862,-1
39881,9.9651165,10.673913,-1
38914,-8.912586,-5.901898,110
114321,20.758093,-3.8010697,88
175756,-6.868554,3.8339045,-1
160422,0.55730116,15.242548,93
59726,-0.57402533,10.292773,-1
97762,5.3854637,14.226827,-1
188261,14.4978285,-1.0550852,111
159767,3.315942,9.805346,-1
134514,5.398245,7.3138504,-1
38882,3.3333182,5.0117855,-1
26001,-4.2463903,12.631008,-1
98364,0.30619773,8.479772,-1
131985,16.71444,2.5340018,26
160343,-4.188536,5.911973,29
75784,-0.023862794,9.162521,-1
16746,-0.4625866,2.5432203,-1
131995,9.913632,7.1229963,-1
113492,4.9892035,10.485889,-1
16742,3.2279944,11.508913,-1
26262,4.6786504,-13.773874,61
188285,4.221684,4.674558,-1
16154,3.8776784,1.7374212,-1
187543,3.152046,7.3944798,-1
16192,-2.6544917,14.525248,-1
60701,-6.217172,12.686608,67
87984,4.551447,7.5957456,-1
38822,-3.876153,5.6306105,-1
133401,-4.2408247,3.0030773,-1
60016,1.1731918,8.353124,-1
187525,-4.3160353,-2.6313837,-1
175494,6.1944017,1.8753166,12
197175,-5.3854194,6.8618736,-1
39306,0.43275124,11.355411,-1
8755,-6.8697777,3.832656,-1
187397,4.4578967,5.4826407,-1
98391,8.1840725,7.869888,-1
98320,-7.1667247,4.3283434,-1
160386,10.443497,3.205186,44
114493,4.4663005,5.473362,-1
134327,2.7404096,2.8987927,-1
87990,0.22132103,9.377303,-1
40025,4.0698595,8.194773,-1
113632,-18.516048,9.490014,89
16848,2.4224095,1.9048306,-1
16214,4.694112,6.072511,-1
203821,-6.111206,12.594974,67
175257,16.703976,2.5378535,-1
2784,8.163527,4.9873576,-1
88376,-1.8622631,9.436364,-1
196763,-1.9719203,10.440291,-1
132340,-2.9471216,11.570168,-1
26353,-3.799682,3.6748028,-1
160014,12.447893,-4.8381386,79
160009,-0.034831528,12.265417,106
75399,4.1209183,3.2129586,3
76309,-11.605172,9.6874075,-1
26349,13.727209,13.911218,111
59602,1.7416084,9.431249,70
97320,6.0198507,2.019615,-1
187175,-5.3870716,6.8633037,-1
88750,3.3005052,1.8836253,-1
132522,-4.03158,5.877275,29
133453,-15.208473,11.746071,89
133498,3.2983148,-0.2888427,-1
97815,1.9634554,4.6319556,41
175090,6.374585,14.3158,-1
76189,-15.399447,8.500572,89
176130,5.0934258,18.338017,51
159150,0.64503783,10.568166,-1
88780,-3.7460613,2.126048,-1
203678,6.2263465,15.018843,-1
188041,3.491857,14.431078,48
2719,-0.44687927,7.6528883,2
58963,3.4415584,2.2523615,-1
39511,3.237386,13.928016,-1
175460,-1.047568,12.099152,-1
39969,-3.6034827,10.194262,-1
39821,-2.948052,23.991543,74
26694,-0.3685751,7.4940896,-1
131942,-5.8810124,0.36296594,45
97722,3.4285107,9.509776,-1
76610,-1.5860425,9.305189,-1
132572,0.3655774,9.498382,-1
134371,6.2494025,16.143261,-1
75836,0.53718394,14.524595,-1
88244,2.794354,4.0937886,-1
8436,-5.969024,7.368903,-1
114107,-0.73756,11.352273,-1
16119,4.6457925,5.4906693,-1
39999,3.5541549,-0.44208798,-1
61239,4.039344,8.269216,-1
113231,0.12265742,5.3416348,-1
88243,10.957394,26.26399,102
134828,3.4845788,4.4394526,-1
188398,8.453253,9.162912,-1
88361,6.6473446,6.592339,-1
98336,2.0453048,6.957942,-1
87995,6.3139286,11.090339,-1
88767,-5.7768097,10.792976,80
160299,-6.926529,8.107984,-1
132568,0.354433,8.961925,-1
159667,9.557578,10.579821,-1
48305,3.635245,4.734754,23
161155,1.8731358,3.2736104,22
167231,3.0141463,1.1173823,5
33368,9.046382,16.360395,95
67243,2.104083,-0.50290674,11
124369,-3.84479,3.1306422,-1
67275,11.954064,-2.565829,58
29464,4.9840555,5.7184653,-1
167175,-5.3858223,6.861737,-1
12887,-1.1960547,9.5707245,-1
67290,3.2556262,5.208497,-1
29474,11.954037,-2.5654802,58
124329,-3.8770995,3.9849682,-1
194245,9.657955,14.068341,-1
206130,5.1946297,18.427992,51
91763,3.6180682,4.7614317,-1
168041,3.5037282,14.413164,48
71685,6.3987527,7.185512,-1
10758,-4.4495363,3.329159,-1
167257,7.6697216,7.174908,-1
118818,2.8055613,7.8829074,-1
33219,-4.2778945,-2.5808275,-1
71664,6.252316,11.065843,1
167328,-10.360763,10.059983,-1
124113,-1.9471866,9.656772,-1
167397,4.4609303,5.475556,-1
167411,4.0178227,8.695849,-1
94039,5.8881326,2.1533177,-1
67238,-5.432977,6.9281025,-1
124384,6.188247,4.9556303,-1
124388,11.061843,23.977057,102
172049,-2.0755532,6.6053276,19
94308,3.4301522,2.2536259,-1
118540,-2.6599107,14.522242,-1
166627,0.9753401,8.372134,-1
66957,1.7956046,2.0496683,20
124655,15.339407,-8.822559,74
124654,4.214415,1.954596,-1
29330,-4.8528953,10.475879,-1
66985,-4.069453,2.9751878,-1
91622,-5.880716,0.36232594,45
206075,-3.9967513,10.321983,-1
91639,3.0016198,9.485951,-1
71855,6.131445,12.254271,-1
166822,-4.2224255,3.650103,-1
71836,-8.320416,10.612451,-1
12984,-5.05357,3.3107677,-1
94216,1.6453925,7.7154965,-1
67126,1.7407705,3.323753,-1
67128,1.7494363,2.985176,-1
191702,8.535063,-1.5560418,21
166910,1.9407936,11.13986,-1
91699,3.5227942,4.4429536,-1
171929,-1.0291044,7.728867,-1
33432,11.421302,5.209374,70
33421,3.9507527,8.358406,-1
67527,2.4381354,2.9460847,-1
29551,2.4832592,3.768198,-1
167425,4.622211,8.906609,-1
194094,2.4154983,10.067326,70
192049,-2.079186,6.6191864,19
93939,6.3868155,6.99281,-1
123655,5.3125663,6.540827,-1
67879,3.4095304,20.54783,38
123636,3.4044936,14.291389,-1
119189,4.0591364,11.655167,-1
123603,4.719257,10.838843,49
91945,8.336586,10.847482,-1
119200,-4.041604,5.843097,-1
206277,4.5300255,5.014278,-1
594,-0.63170457,8.05212,-1
590,3.0685077,3.633481,-1
123558,-9.444756,11.85698,66
171517,1.5445439,6.652319,-1
93895,-11.73808,-4.7786555,91
67945,3.5347364,14.68669,48
71349,0.16355687,8.860826,-1
93886,2.2346823,-0.4330808,-1
91992,0.4044206,-13.765564,88
92026,-2.4262292,1.2822835,-1
93845,0.03171733,11.8990135,-1
32607,3.5753515,1.2897701,-1
194036,18.318035,12.003217,100
67819,-5.567931,7.1338754,-1
12696,-0.87401104,-3.3807504,109
71589,1.4614625,1.8601966,20
119133,5.5313964,-1.4991688,42
167444,-11.765148,-4.7515955,91
67550,-2.67606,7.7965207,-1
33019,1.8407071,2.4218552,-1
191929,-1.0279307,7.7284503,-1
124007,6.617719,7.7722926,-1
118972,-4.2461567,12.571096,-1
33006,3.2013443,2.621075,-1
171702,8.534713,-1.5560759,21
123952,-3.9631205,5.7410564,-1
118987,1.0629451,8.258805,-1
167525,-4.3207498,-2.636387,-1
167543,3.1549187,7.3950324,-1
12754,14.33233,4.6168556,86
167545,4.1287656,8.060993,-1
119079,7.8241425,10.542204,-1
32961,-1.9529171,6.640961,-1
123871,2.8423693,4.7007313,-1
167591,3.063081,3.6247604,-1
167595,-0.6335782,8.056713,-1
32921,2.9306364,9.599155,-1
194108,-0.76918477,13.034814,-1
29637,6.3162875,4.5952907,-1
123780,8.838325,2.0489044,85
206241,5.73537,1.6791056,-1
12703,-4.3201995,3.6627445,-1
94325,2.173566,16.375324,-1
33749,-9.359244,-11.614205,89
191517,1.564096,6.6364655,-1
34570,0.752764,3.1126778,-1
1040,3.5071778,14.391562,48
34540,-4.7450314,3.561475,-1
125807,2.4567542,3.793064,-1
125804,9.865169,-7.6196775,102
13478,18.415281,5.113167,64
94714,3.6049066,9.858602,-1
94712,-4.18893,5.9121885,29
13468,5.9112854,13.961568,-1
94699,3.5609534,13.6393585,-1
94697,0.8476035,6.9053097,-1
205756,-6.8700924,3.8337238,-1
66165,3.5818965,3.8805923,33
118020,-3.1839552,-0.30714384,-1
10390,-1.2227237,1.3615469,8
191079,1.3117198,7.8677187,-1
165743,-8.165876,19.341352,107
94681,9.605926,0.2562216,70
205776,2.798509,10.634912,-1
118046,-7.607698,17.87374,107
94657,-4.896409,12.6375265,-1
165773,0.49231616,3.9062765,-1
94642,2.5291452,9.99689,-1
34563,-4.847576,3.155928,55
172498,1.7963872,8.695057,-1
118113,8.298436,13.566162,110
72540,-3.9004035,2.2930532,-1
117562,1.5346465,6.7739663,-1
126281,-3.8821697,5.955003,-1
13674,2.4421268,9.47155,-1
194832,6.184679,10.961547,1
65723,1.9605923,-0.48823252,-1
13661,-3.3514526,10.568561,-1
172639,-7.145521,8.152529,-1
126214,6.1327243,27.368092,88
190812,-1.5714093,2.3645926,31
65777,3.0942235,11.605717,-1
65798,-3.5769236,1.9912935,30
190836,3.0871878,-0.82421434,-1
190863,6.9628863,19.402428,73
126075,-1.1400793,7.5366364,-1
34704,4.7289767,10.874288,49
190880,0.92884445,-7.697664,77
190888,4.1606817,1.1512002,-1
172556,17.91742,5.262381,64
65956,3.433053,7.3250613,-1
91220,3.0210154,11.5669985,-1
34639,10.207485,10.651509,-1
117791,0.7699227,4.997829,-1
165544,3.2943273,2.092408,-1
125936,-7.3059835,8.201275,-1
194597,-9.22491,8.250432,99
194590,10.299358,10.270869,-1
166541,5.12337,7.2998385,-1
172227,3.495248,-0.39799833,-1
166218,20.758062,-3.8011177,88
125241,0.17279339,5.5163913,-1
125210,3.0362399,11.63353,4
172197,0.7154565,2.766092,-1
125145,-3.3396099,1.4059185,30
91501,-0.14822741,9.150638,-1
118342,5.180003,9.486737,-1
166299,-14.929497,6.26614,89
125109,13.940734,7.341803,-1
34007,-6.1333203,12.611187,67
33969,-2.0196257,9.64362,-1
72048,4.0318956,8.716569,-1
125035,6.6872263,7.367238,-1
191444,3.7419572,1.0835252,13
125001,-4.4655943,3.6639795,-1
13152,3.5326848,14.680587,48
71997,-2.0467134,9.485085,39
166460,0.24505603,12.529438,-1
124833,11.337692,-0.717683,37
166489,1.9096556,2.230382,-1
91556,3.4249794,14.48013,-1
166499,6.385026,10.507977,-1
194380,2.5854912,6.6686788,-1
166216,-3.5813541,1.7763314,30
13249,-7.3151913,4.0412908,-1
165860,0.25601345,10.782676,-1
172236,-16.7344,7.1795416,89
118142,-2.1087556,6.653156,-1
205837,10.443664,3.2046454,44
191172,2.62668,5.557835,-1
118175,-7.5545406,10.806982,-1
172350,2.5656083,3.3206217,9
165953,-7.2824483,8.211696,-1
194541,0.7717017,27.32312,74
165980,0.28291017,5.2602735,-1
165989,-2.9480977,23.991568,74
94567,-1.9235107,5.3021984,10
165997,-0.83656263,12.477522,-1
165998,4.241088,2.2144568,27
13328,2.9305744,2.1766977,-1
194531,5.1986594,2.8500843,-1
191232,1.88427,4.3329206,-1
94555,4.5362377,9.143729,49
172282,-3.986048,5.587836,-1
29101,-1.0032649,6.0481787,-1
172271,3.723158,14.1961775,-1
194507,3.5159879,-0.0722074,-1
10520,4.527805,9.141865,-1
29121,-4.2798524,12.687759,-1
125263,-9.225348,8.250485,99
91461,3.6523867,4.830262,-1
72114,17.627352,-2.1768286,63
10947,3.5785286,3.8813748,33
544,4.135839,8.059267,-1
114644,3.1894433,13.869749,-1
11952,4.2359643,6.917132,-1
121889,0.6626739,3.1796963,-1
121874,3.011547,3.6138957,-1
31559,0.30485898,3.5748086,-1
30264,2.521059,0.71014094,-1
121869,3.0963845,6.1877217,-1
230,3.0108957,1.1206865,5
121864,-7.209544,8.238616,-1
30283,0.6975105,5.2608285,-1
170812,-1.5697576,2.3660605,31
93297,3.9566374,7.9336905,-1
69301,-6.8622565,10.431247,-1
69332,2.105968,-0.44467416,-1
542,3.1524496,7.393243,-1
120120,5.1728373,2.1283762,-1
193625,-1.1271497,3.8747573,-1
31390,1.855215,8.697401,-1
193607,-4.2842884,12.3649235,-1
92584,3.0935855,13.938739,-1
11363,5.162118,18.417467,51
174,-5.3859367,6.8623514,-1
121698,1.9497783,9.066302,-1
120178,1.9283682,3.4607463,22
206763,-1.9743059,10.442579,-1
31310,-6.96867,5.732922,-1
169247,-0.7348676,10.392532,-1
69196,0.437002,11.336133,-1
121901,-8.712229,-1.0580134,97
170836,3.0869741,-0.82095057,-1
30187,3.2940946,-0.077237874,-1
69032,0.9127715,6.7738996,-1
69033,2.3409564,9.156938,-1
31714,-3.9628978,5.8516994,-1
169088,6.2524524,6.527327,-1
122120,-0.13344696,8.974636,-1
256,7.6898103,7.1692967,-1
192737,5.376773,7.3069596,-1
92455,2.625858,4.565596,-1
170888,4.161445,1.1483518,-1
206671,6.592791,10.370701,-1
170880,17.858492,8.221381,77
93369,-1.8196325,6.666703,-1
122101,1.2980932,9.56659,-1
120018,3.3139591,4.9178114,-1
170863,6.9627304,19.402094,73
11283,-5.1799965,22.654394,102
169139,2.74285,14.200148,-1
169142,3.0559008,11.648871,-1
193678,6.2223825,15.01848,-1
69137,1.6554909,6.5311093,66
121967,6.2078834,10.9838505,1
121960,4.258009,4.903591,-1
70650,7.6200776,14.782604,-1
120189,2.5518706,-7.702056,102
193584,2.9916923,5.1905622,-1
93190,8.273672,14.970042,-1
69794,10.444922,3.20356,44
170013,15.528259,24.692135,88
121113,1.9627992,3.4716008,-1
92783,-1.229179,4.4712453,-1
92824,-4.2895536,3.4972353,56
30855,0.1895291,11.286807,-1
120481,7.442163,10.537211,-1
70243,1.796175,1.3981373,20
70231,13.431725,16.722971,65
206946,2.1575077,2.0115879,-1
170471,10.998773,24.040447,102
170198,1.048523,6.5691032,-1
120877,3.5885825,4.6679053,-1
170241,12.732346,6.636521,-1
70007,6.4982843,7.1351533,-1
70009,4.949419,-0.08474095,-1
193409,11.540901,0.791482,-1
193302,-6.373736,7.136699,-1
120824,4.495228,10.420028,-1
11595,-0.55678123,11.894034,-1
120769,3.5990005,7.9254465,-1
170356,3.0241175,14.382353,-1
70080,-1.9648222,6.609646,-1
30666,5.247655,9.546859,-1
92919,-9.359251,-11.614349,89
193172,1.9173119,9.678347,70
30971,-6.0994244,8.572065,-1
121517,8.142101,11.019434,28
69760,5.044838,-0.16120048,24
69514,-0.5002657,10.996286,-1
121488,-0.40543607,7.6644554,2
93146,7.8703113,1.1808449,106
121483,4.025329,9.597748,-1
69538,7.6167397,14.756428,-1
169720,-0.44572967,7.652532,2
193537,2.8431714,14.048406,-1
169735,-13.3551,17.607998,89
92673,3.3775246,-0.27354932,-1
193050,5.464857,-7.058896,77
169785,8.164432,4.986492,-1
11422,-4.716903,4.4040427,-1
170623,3.627163,5.002866,-1
30462,0.06653211,4.816304,-1
69623,2.7554274,3.8092937,-1
70398,4.6159654,9.316172,-1
70388,8.432036,3.4213536,-1
31030,1.8096131,7.171341,-1
193499,-4.9840384,3.9247324,-1
121298,-7.44564,3.4212205,-1
69675,1.9840301,3.7173772,-1
170587,7.90203,8.426004,-1
193477,-0.18033765,13.987222,-1
93065,-0.8790535,3.0116062,12
30985,-7.3079886,8.202163,6
69009,-5.2140536,3.3913095,55
11254,0.31387275,2.9386754,-1
122214,13.497446,9.276739,-1
68214,2.0024288,9.980206,-1
168285,4.2115574,4.663327,-1
92144,-7.3452272,3.6451375,-1
12439,-1.7715266,5.4360323,-1
32352,-4.360183,2.8735936,-1
93718,-1.688756,5.2504344,-1
192350,2.5660636,3.31801,9
29913,-4.0306773,3.4600496,-1
93714,2.6748831,9.216542,-1
11057,-0.8766979,12.173197,-1
119544,-2.023921,6.804047,-1
32279,11.956176,-2.5688338,58
171232,1.8846896,4.3373814,-1
443,-11.726887,-4.79055,91
11059,3.8910053,5.400547,-1
123040,10.431337,18.981306,82
168398,8.453663,9.162824,-1
32256,2.7753248,-0.7429867,-1
424,4.6216645,8.906724,-1
68343,8.534068,-1.5560642,21
71080,3.5455537,14.709156,-1
71079,13.653673,3.0930383,112
11072,5.766614,12.135106,-1
32233,8.289124,10.8667965,28
93663,-8.181403,18.101671,107
193946,0.40438142,-13.7656,88
32394,3.8405,9.757233,-1
410,4.011063,8.701595,-1
168261,14.497802,-1.0552511,111
93834,3.3331642,8.352962,-1
192197,0.71505,2.7738132,-1
32548,-11.756665,-4.759938,91
10964,-3.708481,2.2462468,-1
171444,3.7466161,1.0800273,13
119374,10.433018,18.983522,82
123356,-13.355139,17.60804,89
93826,2.1313229,2.0369368,-1
123332,0.2561501,10.98358,-1
192227,3.488272,-0.38518298,-1
524,-4.317051,-2.6327505,-1
92052,-0.8970391,6.1619473,-1
92077,5.204039,6.6401196,-1
123282,2.3458676,3.2369432,-1
92081,0.10744752,0.7240071,-1
192236,-9.3591585,-11.614499,89
123255,8.60048,6.7871795,-1
68137,-13.704296,-2.9899259,111
68143,-3.8631847,3.2622805,-1
93768,4.610117,9.6367235,-1
93759,16.920122,2.5035045,-1
168228,-2.0250702,9.873967,-1
192271,3.7357407,14.198548,-1
71183,0.19079152,4.930193,-1
192282,-3.9810858,5.580872,-1
29954,5.215966,18.473194,51
206501,-0.5243125,3.088638,-1
168992,-1.2808005,1.3220145,-1
192556,-10.547611,6.095096,64
12222,0.6503009,13.832399,-1
119794,-5.795073,12.424113,-1
31941,6.31647,7.0778832,-1
119813,2.07033,10.092121,-1
327,-10.361756,10.061211,-1
122542,3.4279575,4.3847427,-1
68726,-2.0617316,9.484279,-1
11188,-6.1411633,12.629631,-1
12185,5.8108716,2.1866693,-1
122460,10.306795,10.253556,-1
122401,13.771517,-3.5872383,98
70789,-7.471735,7.2673283,-1
168838,3.8457198,10.227241,-1
122362,-8.712327,-1.0580935,97
11219,3.0216284,13.993789,-1
168854,-1.9952391,5.6668153,-1
192639,-7.095345,8.116888,-1
31861,3.5672808,4.382501,-1
122290,-1.7624391,10.120938,-1
122283,5.8981514,12.231353,-1
68922,-14.928819,6.2655287,89
168961,5.9051414,14.779363,-1
11248,3.3653438,-0.12172091,-1
168989,6.9030347,14.799122,-1
92429,1.642658,2.7424715,-1
122609,3.8083441,1.5470246,-1
119731,4.7792177,5.9061193,-1
11080,-4.5046215,3.8916962,-1
193821,-6.2253757,12.69171,67
396,4.4453893,5.4573855,-1
71057,3.3804135,16.638649,8
12347,-2.0939298,1.2114816,-1
119609,1.3372382,6.7478766,-1
171172,2.6278758,5.562886,-1
32137,5.8069334,14.454931,-1
119638,14.332159,-0.6990398,111
122878,2.6601245,7.6870155,-1
68464,0.10687125,5.329161,-1
68470,-8.165861,19.341621,107
168597,1.3009235,1.7074134,-1
119681,6.2779865,4.4201574,-1
70972,0.34186688,5.719836,-1
122801,1.3774519,1.708268,-1
68534,-1.235143,9.590112,-1
192498,1.797991,8.696965,-1
122766,0.6596397,11.747481,-1
168671,-1.6792504,9.653719,-1
30049,3.530928,7.9270062,-1
32017,2.6078744,4.303912,-1
93510,2.7611964,4.959033,33
171079,1.3134695,7.865406,-1
72752,3.4411697,-0.46134382,-1
65671,2.663356,4.9316225,-1
91091,-2.1446855,6.7783527,-1
162646,10.5778265,3.0626304,44
195837,10.577585,3.0629,44
89766,2.3016384,9.674416,70
129771,0.47981697,5.9889784,-1
37145,-0.4153342,12.521818,-1
74357,6.3073792,4.5900893,-1
74354,1.9683932,2.833151,-1
62886,4.690022,9.627028,37
189247,-0.7258914,10.397256,-1
162609,0.2528805,11.711888,-1
62902,1.7947972,9.60874,-1
195776,2.7960837,10.645114,-1
34918,17.602846,-1.4309105,63
62940,-1.8711498,26.868397,89
89809,-1.1398498,7.594673,16
37052,3.360315,6.8206162,-1
37049,3.413319,4.5106096,-1
15039,-13.355214,17.60814,89
62963,-0.97909856,2.877867,12
74293,3.2539787,4.2875743,-1
195756,-6.867945,3.8280358,-1
115776,13.809085,21.677395,102
37013,-4.31738,12.487324,31
63056,6.0416484,1.8543022,-1
115801,6.0527353,14.163106,-1
162538,0.831616,14.703959,-1
62847,-2.878434,1.3876576,-1
37183,20.356934,14.451041,88
89735,4.7142615,7.690813,-1
96470,0.2321807,11.480209,-1
130006,1.4664513,5.6529164,-1
96462,2.0436144,7.179158,-1
96456,-1.0445323,11.303286,-1
37303,-4.1390986,5.0987334,-1
96431,1.9690292,1.91112,-1
189139,2.736147,14.202529,-1
96419,-5.637588,25.451021,89
1960,5.904537,14.77704,-1
189142,3.0391195,11.668472,-1
74445,6.146487,4.4006085,-1
162394,-1.2207074,-2.1691167,-1
162398,4.0874395,3.244,3
89712,2.9414842,5.091295,-1
37242,-4.293104,15.333319,75
15124,-1.6013285,11.516949,-1
62776,-4.153457,5.8646584,29
15119,-0.81024665,0.21052763,-1
62798,0.7624873,4.9608994,-1
15106,12.32429,9.028108,-1
115629,0.9611486,7.3405986,-1
174245,9.658168,14.068243,-1
129859,-4.5396547,3.9053118,-1
63097,-1.8710275,26.86859,89
14977,4.392345,10.317954,-1
9500,-0.5198094,3.0890634,-1
63328,20.03861,1.4210082,92
14863,-0.45560458,2.535082,-1
36779,0.39936608,3.430497,-1
89980,3.3162513,4.3615246,-1
116030,-5.1866417,3.3570955,55
163053,2.797802,7.1025815,-1
90000,4.535642,9.843285,-1
90002,2.8510711,3.43483,-1
36725,0.96436197,8.682449,-1
63464,0.73983693,3.1213508,-1
74007,4.094978,10.157999,-1
128973,-4.3413944,3.7325482,56
27758,-4.5898104,3.9309583,-1
173946,6.13266,27.36818,88
27768,10.175227,10.619238,17
14764,1.832085,2.567332,-1
116135,2.942327,5.076523,-1
36628,-8.912763,-5.9023376,110
63596,3.0707927,11.611594,-1
96036,6.24373,6.564615,-1
128825,-7.6078296,17.873707,107
36569,7.7235284,14.147166,-1
128812,5.1214886,6.5220175,-1
162978,3.337042,8.323544,-1
27694,3.0030599,2.1596406,-1
36935,10.454411,19.005423,82
129227,6.1505203,-2.8834019,-1
174108,-0.7696951,13.035375,-1
115819,4.4611673,12.941619,-1
1853,-2.0017266,5.677385,-1
89879,9.660728,10.676526,-1
27618,20.75825,-3.800861,88
174094,2.4017773,10.075168,70
129452,8.030105,-3.2934108,84
63150,3.665286,-0.56794095,18
204832,6.185151,10.961696,1
129417,2.0603867,9.32443,70
1837,3.8449275,10.226388,-1
129416,2.340926,9.650564,-1
27643,2.9301028,7.600748,-1
115884,-1.9620078,5.2671523,-1
115892,15.227919,-6.1746297,102
14914,16.487402,4.6988034,80
74160,-5.5394473,7.380739,-1
36868,5.1774106,22.930586,40
96158,4.824426,5.8517427,-1
27670,-1.8313068,5.3574133,10
129303,3.9556012,2.6745536,-1
74132,10.264741,10.573979,-1
89941,8.876533,1.9722695,-1
174036,18.318094,12.0032,100
96130,0.038570117,5.6725216,-1
1988,6.8978157,14.801933,-1
1991,-1.2794431,1.3237064,-1
131151,-8.051975,17.702774,107
27059,11.540792,0.7915284,-1
9074,-3.9974272,10.321994,-1
188671,-1.6787603,9.654812,-1
75049,-3.4685748,1.4950528,-1
97004,12.542143,18.333918,-1
130971,8.567679,2.6687284,57
27101,2.4285903,1.885502,-1
96999,-0.101157576,5.5475564,-1
204380,2.592041,6.6679125,-1
9129,5.090478,18.334904,51
161726,-1.3034104,3.8549085,-1
62018,-6.652246,0.87197423,42
89320,3.6343334,7.888588,-1
15508,2.242803,9.0933485,-1
196130,5.1631284,18.418255,51
62088,-1.8622442,5.4033227,-1
161778,15.228033,-6.1747665,102
74946,3.49412,1.2087111,-1
130677,-1.9851403,5.653964,10
15464,6.8729963,17.26259,63
62136,3.885748,5.383331,-1
174597,-9.228204,8.247478,99
62159,-1.9754177,6.6127434,-1
130637,-2.9851825,14.838967,-1
161513,6.144931,7.012459,-1
89195,1.6328654,10.592278,-1
188838,3.8419511,10.226144,-1
114836,6.201134,4.942201,-1
161163,1.7445238,6.492654,-1
75268,13.632558,-5.5867567,63
97236,-2.0015645,6.6156917,-1
161198,-6.1739793,12.653661,67
26929,0.25744396,5.0546374,-1
61560,-3.0251472,8.553317,-1
161210,-4.54192,12.900125,31
15725,-7.3036895,8.202264,6
15721,-3.8227792,3.6025054,-1
131466,4.9142485,7.73711,-1
196277,4.528094,5.0130224,-1
89114,3.8828626,6.3360443,-1
114714,-2.5042908,-1.3945949,-1
188597,1.304029,1.709129,-1
75199,-0.31250268,5.8814754,-1
196241,5.7360945,1.6792458,-1
61691,6.3297133,7.970376,-1
15657,-3.7256496,10.211143,-1
114767,6.3521123,6.5318384,-1
174832,6.1848826,10.962137,1
161358,-3.8583832,5.890979,-1
61727,6.165806,8.0709,-1
161398,-8.181453,18.101414,107
27019,23.59358,1.7602619,102
2246,-0.7348597,10.385734,-1
74896,-0.8797072,6.229789,-1
2141,3.044596,11.668975,-1
15173,5.3294773,-4.796846,-1
115344,-3.591746,3.3268816,-1
130358,3.2005017,4.76325,-1
204531,5.2132864,2.8417163,-1
96687,1.8116163,1.3891549,20
188961,5.8952475,14.775429,-1
62396,-0.5506813,11.482961,-1
204541,15.97444,-9.073941,74
130349,1.8980091,10.2154665,-1
188989,6.9019175,14.804441,-1
188992,-1.280787,1.3221036,-1
62471,6.737195,7.355163,104
15272,0.98515236,-10.175402,63
89549,-2.1588397,9.422011,39
204590,10.301935,10.257711,-1
89570,3.6574137,14.389821,-1
162185,2.8773615,14.061867,-1
204597,-9.228201,8.247611,99
162186,-3.8892868,3.0912364,-1
130256,0.33019984,9.5228195,-1
174380,2.5853164,6.6651425,-1
27373,4.769568,5.8872223,-1
15238,9.913174,7.1228867,-1
15220,4.009562,4.9552293,25
189088,6.253009,6.527928,-1
96551,6.2455273,11.327212,-1
9276,4.5293903,5.0146685,-1
204507,3.5267987,-0.06496062,-1
174590,10.305499,10.245564,-1
62361,-2.308483,8.275341,47
2138,2.7407365,14.20109,-1
74886,2.627673,1.9485732,20
62192,1.9584762,9.658702,-1
188854,-2.0037,5.6628075,-1
196075,-3.997262,10.32223,-1
27220,-3.4482543,-6.1611953,-1
74858,1.568715,1.9534144,-1
96813,-5.5375414,8.923192,-1
74813,-6.1142817,12.597291,67
174541,15.974414,-9.073981,74
62263,-2.6148891,14.437969,-1
161945,-4.7075353,9.245894,-1
130533,-11.734512,-4.782528,91
96740,2.2001145,5.6778626,-1
9240,5.736458,1.6790996,-1
174531,5.2006226,2.8498666,-1
74775,3.5467472,14.662604,48
174507,3.518854,-0.07011406,-1
96710,-2.613693,4.1664205,-1
115279,8.100041,7.653288,-1
89475,2.1139824,9.32473,-1
130428,6.3147626,4.4791627,-1
2087,6.255725,6.5220113,-1
36539,-4.2325363,5.9478493,-1
36535,-1.5940233,11.522688,-1
36531,-5.359413,6.8385615,-1
28383,1.8772439,3.2813537,-1
95251,7.6052313,7.2464614,-1
117044,4.9813833,3.5055175,-1
117055,1.7675046,16.005217,-1
64827,2.4455464,0.7407637,-1
95210,5.668076,7.7286735,-1
35597,6.2770486,7.1375203,-1
195135,-6.5708437,5.5502615,-1
14084,0.45168373,10.89448,-1
73188,-0.35460714,16.337751,-1
173172,1.915086,9.686739,70
190356,3.0205328,14.384017,-1
35562,5.5097113,1.9438164,-1
64931,6.2619047,4.583656,-1
164483,5.768907,2.1591763,-1
73172,3.4480953,8.332357,-1
28459,-3.4315605,-0.039141174,-1
64966,3.2958887,14.170971,-1
117110,7.946539,1.2604874,106
195090,6.378142,14.312822,-1
205384,1.4646242,1.8720237,20
164583,2.627884,10.477477,-1
14017,16.874516,2.5258467,-1
73124,6.264264,4.4334927,-1
117137,-2.455887,12.435079,-1
126982,0.19381444,10.888668,-1
64773,16.903622,2.519391,-1
127353,10.663116,16.175884,-1
117185,-1.9893258,9.564865,39
35661,3.5843716,3.8828616,33
116921,-3.8801007,3.6879456,-1
164127,-1.5698211,2.3668208,31
90605,11.718217,8.7305765,-1
95322,-18.516088,9.4901905,89
64598,-5.17997,22.654383,102
35774,-4.604501,3.8204422,-1
127592,-0.08639325,11.2008295,-1
164197,8.23573,15.017869,-1
164213,-4.217202,3.4727614,56
173302,-6.373986,7.1364594,-1
127529,13.937874,9.397517,-1
190198,1.0643512,6.5475826,-1
64660,-3.7574937,2.128245,-1
90654,7.974755,16.69036,84
1397,8.4536705,9.162849,-1
35717,1.9935634,4.037098,-1
95277,1.2491537,14.732043,-1
95260,3.3380532,6.8790417,-1
14178,1.8597157,2.323355,-1
190241,12.732585,6.636094,-1
9945,2.1695735,1.996684,-1
73279,1.0591648,8.286015,-1
28368,-5.566774,8.872097,-1
14155,6.044809,7.0407953,-1
173050,5.496819,-7.0848184,77
35410,-6.064665,12.547467,67
35809,12.44784,-4.8380966,79
1227,-2.0347245,9.874529,-1
28649,3.2818809,9.811554,-1
164917,6.127389,11.975318,-1
190623,3.6621492,5.0161867,-1
65413,3.4468763,-0.045022037,-1
126615,13.727239,13.911303,111
65425,-8.100076,12.650996,87
72884,-5.954545,-1.7754879,-1
90987,3.7441113,1.0843313,-1
165059,0.18571152,0.6223372,-1
94970,3.4958158,1.694129,-1
35014,12.250736,-8.276508,92
165082,-2.5512342,18.041384,101
126484,-13.631956,15.5978985,90
117479,8.499188,-1.5152888,-1
34990,0.3965797,0.766591,-1
65587,-18.516512,9.489857,89
34970,18.158468,6.785466,80
94931,-6.3637357,5.6811676,-1
28724,0.8368582,10.608491,-1
94927,-7.0914774,3.8973577,-1
172737,5.3791976,7.3045406,-1
94905,2.8664217,0.84727275,-1
34919,-6.868194,5.1395974,108
117539,-6.747368,1.9915457,-1
13830,-13.064524,0.14307791,41
65360,11.047913,12.888846,-1
190471,10.95702,26.26414,102
13845,2.2157104,1.9304003,-1
117214,3.2414916,13.827403,-1
164701,6.0327287,-2.5511858,-1
13967,-0.15863805,6.008105,-1
35346,4.8292646,6.0814667,-1
1284,4.2179294,4.667959,-1
73050,-3.429796,-3.6349723,108
10083,0.23868158,11.047412,-1
205437,-5.969348,7.3687387,-1
117243,6.2211423,7.0123224,-1
164757,18.158445,6.7854786,80
35297,2.1409602,6.6285214,-1
73035,-1.317247,10.152699,-1
205460,-1.0459592,12.096031,-1
126849,2.1545944,5.6976542,-1
195027,2.6258514,4.7502623,-1
1260,14.332107,-0.69929576,111
72990,1.8537434,9.7212305,-1
28579,-6.072338,8.542987,-1
72959,2.1749575,9.441237,70
35239,3.0491183,11.587931,4
13874,2.1784768,9.387986,-1
205494,6.1888876,1.8767307,12
190587,7.9021654,8.425988,-1
28293,-1.8621941,5.346569,10
128742,-0.7432634,12.375042,78
73747,3.2679367,-4.6205506,-1
90192,5.089374,18.333946,51
163627,-2.945705,11.572426,-1
36304,-4.019906,-11.398323,89
36303,-0.9546125,7.6985397,-1
90197,3.2426748,5.352003,-1
116367,3.9414608,2.0020907,-1
173678,6.232285,15.034247,-1
195437,-5.969497,7.368323,-1
189785,8.164169,4.987672,-1
63966,1.0975478,11.833033,-1
36251,1.8687238,3.1747162,-1
128371,2.5518072,-7.702008,102
36234,3.4838645,5.0873575,-1
163734,8.120256,10.984151,28
205090,6.405312,14.312908,-1
90258,4.8281517,5.9250154,-1
64031,-0.9084617,12.374011,-1
14495,1.984691,3.3994486,-1
128302,3.9758174,2.0549698,27
28041,3.5687053,14.470032,-1
9762,-1.9747117,10.443875,-1
195384,1.4534777,1.8698633,20
173625,-1.1220936,3.86125,-1
1596,1.3044598,1.7107129,-1
205027,2.6141765,4.7410345,-1
195460,-1.0444338,12.094495,-1
173607,-4.257846,12.392439,-1
63892,4.4393578,9.723679,37
128737,-0.21736604,9.371752,-1
9670,6.5943437,10.37093,-1
128708,6.4844327,7.596831,-1
163404,0.7578371,12.158526,-1
63716,0.05726569,4.817471,-1
95969,0.24048032,11.312843,-1
173821,-6.215672,12.685142,67
90112,1.4099578,8.871076,36
128611,7.850226,10.632558,-1
27882,1.8653003,3.6763494,-1
63787,9.865179,-7.6196785,102
195494,6.190081,1.8791233,12
14633,-4.223135,11.237195,-1
63801,1.6132497,6.5917363,66
95903,-9.922122,0.78213054,-1
90156,1.8481107,2.8318913,-1
1670,-1.6783836,9.660806,-1
189720,-0.4500153,7.6511045,2
189735,-15.356145,10.274509,89
63879,2.0267801,8.892537,-1
73779,20.758175,-3.8010042,88
116311,-1.9388012,9.342182,-1
36169,0.10706733,8.885039,-1
73332,10.284325,10.72529,-1
173499,-4.9903793,3.9341493,-1
173477,-0.18029734,13.987215,-1
90408,1.4877261,2.6482415,-1
35983,3.8597643,-2.6496882,72
190013,18.536118,-4.9156256,88
127942,-1.8187608,5.410129,-1
195257,16.703691,2.5379655,-1
205193,5.6866856,7.2723484,-1
205207,-1.4214823,14.823815,-1
73413,6.1326985,27.368238,88
28215,5.3294234,-4.7970996,-1
95500,6.491258,7.1306505,-1
163970,-13.35521,17.608196,89
90508,4.0328107,8.151538,-1
73391,4.659295,9.914447,-1
90518,2.079321,-0.57489234,-1
64463,-1.5315522,-4.690355,58
163979,3.3803058,13.656106,-1
173409,11.540892,0.79149336,-1
90552,8.531252,3.6232562,-1
205257,16.70378,2.5379624,-1
127756,-1.0024072,6.0523076,-1
195207,-1.4203438,14.816428,-1
28280,-4.0219235,5.934082,-1
195193,5.6913958,7.259929,-1
64334,3.2492769,-0.02477321,-1
116756,6.440113,8.441544,42
73655,2.3574815,10.073913,-1
36024,1.989562,15.725221,-1
128240,-4.019892,-11.398335,89
36158,6.3117537,8.035105,-1
64128,-2.687926,8.503756,-1
28076,18.658794,20.230003,88
116494,-1.665497,10.054091,-1
173584,2.9963796,5.193038,-1
163819,-2.6439238,11.176259,-1
116585,1.1649721,3.1679695,-1
95759,6.358789,7.01665,-1
116615,2.8114977,8.520376,-1
116633,-1.9594735,9.55477,-1
205135,-6.5715494,5.549204,-1
64236,4.2162604,-2.3986318,-1
128097,3.4405189,2.3229883,27
95720,6.150912,7.8169785,-1
173537,2.845793,14.049174,-1
95713,-4.5058727,2.9999738,-1
64278,1.776249,1.4081169,-1
95689,0.19008237,10.831227,-1
116733,10.440668,18.991796,82
28143,3.5657241,4.4025474,-1
128034,4.6786714,-13.773889,61
73473,2.095165,-0.59493345,-1
64316,4.21491,5.128337,25
127668,2.835793,-2.55244,-1
16638,-4.3231792,3.5589323,-1
52746,12.250744,-8.276489,92
5736,5.3773146,7.3059134,-1
44512,-0.4694625,9.827268,-1
44517,3.0583405,6.018849,-1
56044,2.001718,3.394593,22
177545,4.122507,8.086272,-1
184036,18.322115,12.023246,100
177543,3.1661773,7.382067,-1
179247,-0.728708,10.388307,-1
198961,5.891164,14.763508,-1
202737,5.3722467,7.293947,-1
142773,6.1327934,27.368267,88
19498,3.6599982,-0.53624344,18
24829,-11.209956,8.432619,-1
181172,2.6416123,5.569557,-1
177525,-4.316751,-2.6314416,-1
52960,6.078333,2.1984348,-1
108782,-3.7341416,3.7920766,-1
108762,-3.4883146,7.0022407,-1
185756,-6.8710766,3.8331444,-1
81878,0.18497057,5.4331803,-1
153679,-2.5416493,18.03101,101
49098,3.415342,14.274656,-1
104451,6.1570606,7.9001884,-1
110975,8.017137,-3.2905817,84
200623,3.6425424,5.0063686,-1
142713,0.9169337,11.50961,-1
142727,-6.110563,12.593989,67
182556,18.409542,5.11396,64
149873,5.468193,-7.1007576,77
53031,5.7707167,14.256142,-1
146321,-2.7213616,7.8031025,-1
100495,8.017198,-3.2903461,84
177595,-0.63240266,8.049766,-1
182049,-2.1367118,6.627132,19
138964,0.7294626,3.0914276,-1
151100,-4.7273827,3.4654558,55
177591,3.0750217,3.6175675,-1
108799,7.274564,7.3556867,-1
108795,3.4637346,4.366227,-1
5349,2.566533,3.3176415,9
153684,-4.7174845,9.236777,-1
18022,0.7127584,3.04609,-1
52931,0.0169211,4.8976917,-1
3586,7.9060435,8.427173,-1
44671,0.42480797,7.0739455,-1
6049,17.858677,8.221419,77
82660,9.888395,4.0521007,57
156756,1.8297611,3.1300054,-1
153489,4.351267,12.012554,-1
102857,-7.243913,4.302715,-1
177444,-11.747632,-4.768946,91
111109,-4.020068,-11.398343,89
153486,-4.980652,3.759543,-1
17986,-0.60302824,5.866807,-1
156766,-5.094518,10.712298,-1
200241,12.732796,6.636152,-1
108702,-0.31167364,10.631809,-1
138732,-4.705063,3.0960727,55
185837,10.458794,3.1897686,44
79928,22.1453,0.67774767,89
183946,6.1331596,27.36824,88
23401,-3.1832633,2.033682,-1
82663,-7.107076,3.8884995,-1
102757,3.8502772,5.061272,-1
42054,-4.5098104,3.102728,55
156681,-7.126612,5.364083,-1
108756,6.346428,4.6103263,-1
84677,4.093587,3.2260687,-1
198989,6.923701,14.776695,-1
198992,-1.2808123,1.3219113,-1
185776,2.8001168,10.636326,-1
79903,2.981812,14.184984,48
142930,-1.3338256,9.4786825,-1
100432,7.7676425,13.729209,-1
100430,3.4959629,8.449383,-1
100427,-0.7700733,13.036348,-1
138792,4.693873,9.632999,37
146233,1.7610562,9.459257,70
138788,2.0500681,-0.52513784,-1
153511,4.1376534,4.635711,-1
52851,16.831608,-2.4266922,63
180587,7.903093,8.425497,-1
139029,-0.15992297,13.943588,-1
106004,14.332543,4.6174464,86
104461,-0.48650518,10.167118,-1
100642,0.8694906,6.753737,-1
84887,3.0145144,1.1782134,-1
198838,3.844656,10.228243,-1
55697,-3.1578653,1.7105348,-1
100630,-0.67297834,10.26781,-1
198041,3.5047657,14.409814,48
55701,2.1128511,9.518478,-1
106861,4.9944315,9.148943,-1
53206,1.1966223,14.138153,-1
198854,-2.002551,5.672263,-1
53196,6.321441,4.5641875,-1
179139,2.7377713,14.197868,-1
78207,8.030209,-3.2930324,84
86343,4.2450924,4.9211335,-1
102527,3.3605852,7.312643,-1
55731,6.280739,4.515766,-1
46685,5.868602,6.4382095,-1
142466,0.40577838,0.7598828,-1
156297,2.6472905,4.8295603,-1
181079,1.3168669,7.864752,-1
49284,1.8030756,9.268263,-1
55649,8.203544,7.7490087,-1
109020,20.774984,9.754856,92
79642,12.386608,8.962409,-1
180623,3.6293507,5.003589,-1
47484,6.3492436,7.8318834,-1
42445,9.760658,-4.653764,38
106350,3.1882496,4.476536,-1
139359,7.0619073,7.531971,103
42433,22.362125,7.5499806,74
18229,-3.344416,-0.3650742,-1
110783,6.3280663,7.2748,-1
201929,-1.0277095,7.7294617,-1
105047,7.9683757,16.682703,-1
42417,16.8276,2.5138166,26
150007,-1.100035,18.98045,83
42416,3.4037235,2.4032822,-1
179142,3.0636454,11.649818,-1
55736,8.445083,14.946851,-1
86354,2.0690608,10.265359,69
184094,2.4292305,10.051222,70
24735,-0.13263948,9.021716,-1
149926,5.7576523,9.628127,-1
184108,-0.77024263,13.037047,-1
42233,4.5937166,7.523153,-1
79756,-0.3549735,16.335295,-1
153763,1.5778286,1.988156,-1
108862,-5.818604,12.422735,-1
20712,0.6650736,12.443959,-1
21175,10.198329,1.4569967,-1
49202,4.584513,9.998341,-1
53092,11.948185,-2.5558004,-1
21918,4.0102844,5.0719147,-1
104474,-8.166097,19.341972,107
139059,2.3120508,1.5233672,-1
200198,1.0536183,6.569796,-1
55918,0.719442,10.564406,-1
156516,7.865532,10.681914,-1
3622,3.6590219,5.028413,-1
102568,3.1974964,16.373983,-1
24730,8.535906,-5.9264884,-1
79708,-0.3390383,10.591094,-1
151047,4.084335,2.321068,-1
100607,20.758219,-3.8009632,88
7589,10.306293,10.247206,-1
44377,-1.687272,3.8266,48
139217,-1.7874589,5.389748,-1
106877,0.41114953,9.52191,-1
139215,0.015870115,7.284336,2
106325,4.0495768,5.052268,-1
6820,-6.2178116,12.685601,67
44412,-3.9963586,5.841574,-1
7596,-9.22809,8.247773,99
84862,3.80695,4.9996715,-1
79727,1.8228912,1.6331903,20
146409,-0.57478786,11.5954075,-1
149974,-5.239678,3.3983555,55
53132,-9.796921,22.510382,89
153810,3.8049798,14.193477,-1
142612,5.2999144,8.202437,-1
52799,-5.0945835,10.712333,-1
100390,4.6715193,8.435993,-1
23399,-7.188673,4.102832,-1
177425,4.6306953,8.899519,-1
199142,3.0605671,11.649788,-1
157163,1.4319489,1.6160134,20
56661,-2.7653956,6.172668,-1
186075,-3.9988184,10.321787,-1
45016,2.1354387,2.0530653,20
6583,2.9957266,5.191182,-1
199720,-0.47075266,7.6347904,2
46483,5.841175,5.843967,-1
137942,2.9307542,0.9366647,-1
151363,-4.2432494,3.1278982,-1
84383,0.93001,-7.697411,77
143494,-7.1603274,8.247583,-1
143496,-4.237896,3.3713586,-1
137931,-1.8261437,5.478462,-1
7831,6.185564,10.9626255,1
157235,0.40436435,-13.765603,88
183678,6.224702,15.019374,-1
25115,6.5259676,7.4545307,93
52327,-5.9602227,7.379548,-1
177231,3.011187,1.1175996,5
153074,-0.8058901,0.1944205,-1
46487,-1.89809,5.3211403,10
177257,7.6718473,7.17482,-1
182639,-7.142586,8.150164,-1
50385,1.9468263,9.352807,-1
81199,-3.2736096,1.2447854,30
4516,1.5441827,6.6775656,-1
103074,-4.0592356,-2.2002878,-1
84441,2.8357656,3.0153153,-1
199735,-17.533695,11.478566,89
50395,8.523298,-1.5488011,-1
138105,0.5451717,10.554978,-1
47837,0.019884089,8.460274,-1
84436,5.3295603,-4.7975144,-1
25067,10.168119,21.448074,98
181929,-1.0265287,7.731513,-1
23247,1.6321034,2.7338479,-1
199139,2.73961,14.198566,-1
149654,4.274984,9.175936,-1
157152,2.3416564,10.091541,-1
20623,0.24070744,11.312802,-1
137898,7.262226,13.550174,-1
84320,-0.76398015,12.061855,-1
143773,12.19434,9.146697,32
17658,2.491152,3.7925935,-1
56914,10.956675,26.264303,102
199247,-0.7280889,10.385403,-1
111599,4.026774,5.8099055,-1
45176,-11.304846,19.718504,89
80328,0.561582,11.04988,-1
17641,3.758545,1.1520265,13
6498,-4.9861445,3.9256387,-1
19875,10.175237,10.544082,17
203050,5.4670496,-7.06067,77
183625,-1.1261511,3.8627765,-1
19896,-11.738321,-4.7785764,91
99863,8.119173,4.9357824,-1
137619,-6.728517,8.608646,-1
25204,2.3340302,9.684889,-1
17620,-0.7717185,12.39191,-1
137718,3.3903925,-0.24421662,-1
41507,4.44737,14.41219,-1
103193,13.727322,13.911391,111
137854,0.34862804,0.7279344,14
152951,6.1299934,4.861101,-1
137828,7.0434504,7.482568,-1
6536,2.8490593,14.041832,-1
148349,3.5073283,-0.1785655,-1
111560,-4.1674795,3.421369,-1
146111,-4.3168416,-2.6316414,-1
186130,5.090192,18.334818,51
152906,7.9463243,1.2605159,106
149607,14.33724,9.573689,32
177175,-5.386,6.861205,-1
137781,-5.607895,12.506585,-1
19862,18.658735,20.230116,88
151393,-4.496667,3.5910385,-1
137749,2.393783,10.074708,70
56887,4.9000745,7.7471666,-1
45154,1.5874006,2.701547,-1
45156,6.160091,8.063366,-1
23265,9.98843,10.343228,-1
143278,0.038975313,10.486986,-1
6606,-4.2589965,12.391026,-1
100253,-1.9453561,6.6039667,-1
86606,7.9394255,10.46553,28
19629,3.2939146,-0.41659367,-1
86615,2.7255676,4.7427845,-1
56325,1.6344241,2.7903547,-1
44786,3.5279384,5.2486587,-1
17898,4.339018,14.211965,-1
138522,-8.320532,10.612465,-1
156865,6.1098013,6.9800234,-1
105286,-2.041379,-12.330044,89
104378,3.7932441,8.1864805,-1
177397,4.449359,5.4575105,-1
111236,12.688193,1.8418725,-1
200587,7.9035873,8.4248295,-1
19639,2.9466245,1.1578724,-1
56421,4.6332703,9.292711,-1
201702,8.535364,-1.5556815,21
41838,-1.9490802,5.284605,10
199088,6.2534165,6.526733,-1
77931,5.4457364,7.3170457,-1
177411,4.0149546,8.704761,-1
100204,2.055006,9.070677,-1
111127,11.421065,5.209725,70
148094,3.6970713,1.2704449,13
86561,7.9466887,1.2597884,106
108684,0.21268763,11.364558,-1
153450,3.6057243,2.655079,-1
4443,3.7443595,1.0788683,13
44719,6.639409,7.426587,-1
108652,-4.5400577,12.899373,31
108641,9.865176,-7.619724,102
17939,-1.2465168,11.381987,-1
143030,-5.7441134,8.766486,-1
106968,3.6597195,-0.57543695,-1
102933,1.7574301,9.679001,-1
6677,6.1976223,15.021768,-1
86589,12.250769,-8.276474,92
149804,0.54109436,14.521868,-1
138590,2.718399,4.9903255,33
102953,-1.7015114,10.103344,-1
56297,4.5722394,9.128358,49
138386,9.670829,23.366854,102
104375,1.6820209,9.322539,-1
52540,-3.7932813,5.883066,-1
44904,7.974829,16.6911,84
153264,0.15709896,11.610105,-1
56509,10.578017,3.062664,44
153245,12.356718,-11.262055,88
41706,2.6314476,3.2251284,9
5048,-2.0815487,6.605223,19
153213,6.8729086,17.262634,63
3470,10.998794,24.040398,102
77813,-6.692721,-7.251441,89
183821,-6.0770354,12.560624,67
103037,1.4354761,9.200947,-1
46516,3.0258224,4.2947817,-1
6624,-1.1277883,3.850861,-1
41675,5.003506,3.493068,-1
83393,4.389918,8.801864,-1
80075,1.5814924,15.71254,-1
149725,4.729484,10.873643,49
19675,2.1429644,4.3105736,-1
177328,-10.360936,10.060149,-1
84509,2.0995207,-0.54017776,11
44842,-2.2872057,6.8250127,19
41814,-2.7843313,14.644955,-1
100197,15.770865,13.737089,96
156960,4.077692,11.679727,-1
81948,7.6723633,7.174838,-1
17854,0.25739202,9.585416,-1
181232,1.8849449,4.3334002,-1
108546,6.3718233,4.5963306,-1
138348,2.4038818,10.068964,70
138283,-13.631899,15.5978985,90
41769,-1.1415399,11.394209,-1
23325,0.2335054,12.501785,-1
111296,5.258005,9.541868,-1
44848,-1.1981359,9.565751,-1
41760,3.4892402,14.413274,48
41756,4.3737383,-7.1946974,77
77844,4.583375,8.870024,-1
182498,1.7973402,8.694162,-1
42488,-4.0295777,5.869084,-1
142409,6.2354097,6.527377,-1
46873,-6.8889155,13.360117,-1
101407,8.836207,-12.209327,89
46959,-0.6723615,3.2424073,-1
85785,-4.8592834,3.4397717,55
43169,3.1527476,11.573275,4
46952,1.4746025,7.466206,-1
43164,3.3611655,1.5783156,-1
101968,0.45444775,0.7917117,14
185090,6.380819,14.316114,-1
178285,4.2417426,4.6528835,-1
43143,-6.993923,8.135429,-1
54791,-4.1539326,3.3798754,-1
141596,4.3519025,6.843357,-1
3887,4.164706,1.1500283,-1
18613,3.1051106,11.580734,-1
109598,3.0164824,3.3218637,-1
78701,-0.42763016,11.959709,-1
140599,3.5120106,4.8856463,-1
154519,1.9778703,1.8275614,20
140687,-5.178926,3.1712832,-1
141548,3.1081383,14.201546,-1
146897,-5.9840193,-1.7617011,-1
104805,-3.821125,1.5403237,30
180888,4.16124,1.1491683,-1
23951,8.535782,-5.92635,-1
178671,-1.6773354,9.654268,-1
5235,-1.8709152,26.86879,89
184597,-9.228214,8.2479315,99
198597,1.3039721,1.7108088,-1
146895,6.1511474,6.3541737,-1
200812,-1.5698794,2.365512,31
101890,6.4387274,8.435737,42
141550,4.4122806,5.1309814,-1
85753,3.5765665,16.070992,87
184590,10.30195,10.264456,-1
185027,2.6360338,4.73828,-1
182271,3.7481863,14.168668,-1
140783,4.7517314,9.114356,-1
155351,0.2926462,11.674467,-1
3879,0.9301801,-7.6976137,77
178261,-13.704146,-2.989901,111
155526,-1.4693881,5.3618703,-1
155484,3.4475253,2.360538,27
155494,20.743122,-3.8161623,88
3862,6.962294,19.401577,73
7035,18.318508,12.004556,100
7379,2.5818086,6.6664104,-1
198285,4.2108617,4.64938,-1
54922,0.34834057,11.364185,-1
82916,2.8656719,7.6470766,-1
140452,3.068665,11.595881,4
185135,-6.5712013,5.549364,-1
18542,4.4190264,5.1130238,25
101218,-4.4318995,3.711497,-1
106714,0.6830689,14.142872,-1
200013,15.528116,24.692265,88
54939,-4.0825233,-2.2427897,-1
104948,4.383292,6.8193774,-1
104956,-5.0520134,10.757803,-1
110384,7.857394,17.747433,110
110328,2.9717107,-9.599134,84
155465,-2.5509722,18.041155,101
155376,0.20196185,-1.6383538,-1
85843,0.11279534,8.579071,-1
184541,15.974388,-9.074057,74
150752,19.60239,1.3548876,92
184531,5.204241,2.8443923,-1
155390,-4.3615403,3.703159,-1
22216,1.0871962,10.4762,-1
140570,1.8232464,12.943126,105
54834,2.0062244,3.7844393,-1
43845,4.77178,3.5747511,-1
83073,8.131703,10.989404,28
178228,-2.028904,9.875128,-1
43069,1.2868997,9.349375,-1
184507,3.5477433,-0.08155163,-1
18576,4.564435,7.286869,43
154401,-17.533169,11.47909,89
140535,6.607972,4.7726107,34
21015,3.1933887,4.585253,-1
85422,-0.94895166,6.06726,-1
5196,0.7130098,2.771641,-1
180880,0.9303558,-7.6972284,77
106595,0.77144533,3.0451925,-1
78918,-5.6375675,25.451006,89
110043,1.5836862,16.100681,-1
182350,2.566348,3.302339,9
141358,0.38407314,0.77793056,-1
184832,6.1839046,10.961063,1
141104,0.86259323,4.029434,-1
141099,-1.3556283,3.2061868,-1
150520,0.45355588,7.515992,-1
180836,3.0895836,-0.81813145,-1
178597,1.3039973,1.7071697,-1
109778,-2.923372,-0.2644619,-1
54445,3.3636703,2.2459743,27
141427,-1.4703072,21.368055,60
85607,3.6109848,4.654756,23
180863,6.9622025,19.401484,73
182282,-4.019109,5.552392,-1
18789,3.1688228,4.88665,-1
49788,1.2831428,14.205276,-1
54232,16.700302,2.517311,26
85628,0.65601116,3.176558,-1
49719,3.1189342,-0.7269203,-1
85573,1.4769388,9.616325,-1
81554,5.386518,11.588425,-1
20942,-3.3204594,12.49157,-1
202282,-3.986255,5.582097,-1
154925,5.2943935,6.5407324,-1
43488,0.7460242,3.0194685,-1
180812,-1.5691804,2.3658383,31
109959,0.9220822,3.113813,-1
18869,0.93051535,-7.6972046,77
20968,-8.17246,13.62127,-1
20958,4.0541153,1.1425909,-1
81550,9.601906,10.683798,-1
202271,3.7427034,14.194449,-1
47088,-4.553879,12.930337,31
49767,3.788255,-1.0770624,-1
101713,5.017941,6.3338356,-1
54361,3.0733075,7.4982395,-1
202236,-14.929813,6.266382,89
47121,16.89922,15.215002,89
141518,-1.9476638,9.581116,-1
78832,2.1816678,16.27361,-1
18977,5.524371,0.007211513,-1
155134,1.5269972,1.490106,-1
54029,3.5294094,14.670399,48
7093,2.403879,10.075318,70
202197,0.7126113,2.769275,-1
140949,6.1505637,-2.883534,-1
78845,2.3438737,5.397561,-1
198398,8.453718,9.16275,-1
140885,-8.052103,17.702854,107
150479,2.4478052,8.420305,-1
18717,3.0884504,4.644538,-1
23966,3.6142797,1.152322,-1
5226,3.4876144,-0.38642833,-1
146929,3.9199505,2.1571562,-1
4078,1.3107402,7.865602,-1
78821,6.361891,4.582859,34
85723,17.60097,-1.427842,63
101512,1.9091148,10.482092,-1
101834,-3.5687366,5.433924,-1
49645,-10.360223,10.059706,-1
54067,2.0768688,10.285785,-1
155064,4.6819134,14.421585,-1
154716,4.019101,8.2457905,-1
54470,1.6085012,12.265572,-1
47127,3.1166599,9.572022,-1
24146,-1.7077653,11.041822,-1
202227,3.4752939,-0.37377158,-1
110056,0.9306845,-7.6972184,77
43658,10.664753,16.176073,-1
7107,-0.77054995,13.037484,-1
18756,5.3509245,-0.0046582026,-1
110058,10.08358,10.401123,-1
18972,-4.7384715,3.227591,-1
141495,-10.162439,-8.1368885,89
7244,9.658435,14.068186,-1
178398,8.453963,9.162806,-1
202350,2.5548034,3.2956736,9
140977,-5.100484,14.610475,-1
49643,3.2080023,13.832804,-1
46874,10.098459,10.835934,-1
155564,8.685711,3.8963156,-1
202639,-7.142686,8.150229,-1
54952,8.016711,10.901793,-1
178961,5.9055166,14.7828665,-1
139738,-2.5829935,16.621641,-1
139736,0.72414434,3.0198684,-1
55445,4.730602,10.887658,49
23713,-6.216906,12.685715,67
85068,2.3758144,16.382635,-1
19252,2.1325,9.8798485,-1
79541,-3.5029397,6.9967866,-1
139734,-4.7168827,9.236658,-1
155997,7.7222843,24.306484,102
154066,9.865214,-7.6199107,102
44178,5.3078036,-4.7586293,-1
178989,6.9118133,14.790731,-1
142223,16.8997,15.215527,89
178992,-1.2811644,1.3215866,-1
150097,-0.14036593,3.7917268,85
185384,1.444137,1.8634764,20
154101,6.133594,27.368076,88
42664,2.110519,9.666551,-1
6945,6.133804,27.368109,88
100930,1.5708557,-3.1195698,-1
142144,-5.179958,22.65434,102
139816,10.998993,24.040297,102
40173,-0.17864263,9.66309,-1
147603,7.4178534,7.5769925,103
105009,7.857571,17.747347,110
5281,-4.028169,5.520843,-1
18355,-1.7633082,9.818302,-1
146566,2.2885675,4.6987443,-1
55431,4.6056805,9.678965,-1
42696,-6.240204,12.7097845,67
104617,-3.4028842,-3.664201,108
78354,13.413693,-0.08407962,-1
22007,15.974377,-9.07407,74
47398,-2.8553789,14.72001,-1
4231,1.8836262,4.3373346,-1
156006,-9.7964735,22.509947,89
100804,14.14991,9.419166,32
78271,-4.4737635,3.979437,-1
110758,-0.73078907,11.978267,78
199785,8.163,4.9843683,-1
55580,-4.007505,2.1576216,-1
146479,5.1730237,22.926226,40
139492,0.11656347,5.3372593,-1
55595,0.11943569,5.3375883,-1
153992,1.8038453,1.3864775,20
42524,0.7191927,14.15221,-1
53338,6.188031,10.904305,-1
86249,1.7851298,2.622391,-1
19301,-4.8161335,3.388275,-1
184245,9.659036,14.067837,-1
139401,-1.6700114,5.4914145,-1
150042,16.29775,8.656792,85
19323,0.2587642,3.6175857,-1
185494,6.187709,1.8801748,12
179088,6.253467,6.526373,-1
139525,-3.2690864,1.3566054,-1
55557,-13.083346,0.16717413,41
18315,-1.5112187,10.398243,-1
81738,1.8196104,2.615013,-1
7530,5.2129025,2.8409483,-1
139613,10.08215,11.18268,-1
147698,3.301843,14.132052,-1
139604,-1.4080462,5.3606615,10
18308,6.143931,7.8071575,-1
156023,14.503664,-1.0674949,111
42605,4.4013863,-7.135561,-1
185437,-5.9702573,7.3688703,-1
19279,4.3128858,6.949117,-1
150087,1.6134509,6.591409,66
42596,2.9076588,6.352622,-1
78297,4.376161,-7.193633,77
185460,-1.0512282,12.114007,-1
7540,15.974376,-9.074099,74
154028,22.145359,0.67778194,89
156060,-0.78115255,12.460696,78
21984,1.5286807,2.6883934,-1
142109,1.9134487,1.6646641,-1
85110,-9.445002,11.857118,66
202556,-10.547586,6.095139,64
185193,5.694368,7.26459,-1
200863,6.962802,19.399807,73
182227,3.4935431,-0.395756,-1
85215,4.3738112,12.02898,-1
141800,-7.134641,8.160534,6
140344,-4.2125506,3.661053,-1
42897,-12.528719,12.836458,111
155698,0.9308034,-7.697226,77
198228,-2.0521092,9.851045,-1
43930,-4.002637,3.4753668,-1
185207,-1.4362391,14.819683,-1
110484,3.1973522,13.902153,-1
85958,-4.9377522,3.6160927,-1
24400,-2.495814,-1.3416194,-1
42855,8.431384,7.5102015,-1
42854,2.5042143,3.128431,-1
18471,4.063632,3.2738411,3
141831,2.8086078,9.662086,-1
104670,0.29383478,14.28909,-1
141760,1.5421236,12.2391815,-1
178838,3.8353002,10.237267,-1
155629,4.581995,9.109203,49
182236,16.89936,15.215377,89
78593,-1.4253106,9.613144,-1
42966,6.2501774,12.018195,-1
102080,-3.335736,-0.33990327,-1
200836,3.083991,-0.81858563,-1
85230,-8.166046,19.341797,107
18523,-8.166118,19.341875,107
81428,3.6971128,-0.60187536,-1
198261,-13.703999,-2.9898458,111
78580,-5.749975,8.769878,-1
198671,-1.6702867,9.654445,-1
3835,3.0893862,-0.8160562,-1
150267,-8.319674,10.611562,-1
154318,6.368011,10.987618,-1
55017,3.7327611,8.574593,-1
4171,2.625126,5.5616736,-1
55018,0.10328025,0.84097534,-1
43960,4.5960584,9.062437,-1
3811,-1.5697212,2.3678453,31
150947,14.34793,9.577853,32
110640,-4.3386393,3.7298794,-1
184380,2.6000469,6.6769953,-1
42781,3.6916442,13.762041,-1
155842,15.974886,-9.075299,74
200888,4.1690817,1.139352,-1
50062,-0.7492534,7.788842,-1
109236,-0.8970625,1.8018396,-1
110636,0.31061786,0.66859293,-1
142039,-18.51679,9.489636,89
7506,3.5215235,-0.073160216,-1
202049,-2.0843854,6.6181293,19
18375,16.872328,2.5221827,-1
139881,0.89320475,6.8104954,-1
154193,9.882696,4.053006,57
105006,-0.37770817,7.4963393,-1
182197,0.7118472,2.7722037,-1
47364,3.5376499,-0.6663647,-1
55366,-0.21584688,8.434951,-1
110587,4.988093,18.07164,-1
19172,-6.9994907,9.347228,90
141873,-3.676895,3.1589649,-1
200880,4.376282,-7.193686,77
49479,3.6849308,8.340721,-1
47333,12.209417,9.07571,32
55117,3.8806078,-2.6611745,72
202498,1.7961676,8.693471,-1
101051,0.40434375,-13.76562,88
5270,3.72638,14.196281,-1
155790,3.7617414,7.7841945,-1
185257,16.703468,2.5380878,-1
81417,1.9050518,1.6233382,-1
140025,3.0671482,5.0499864,-1
55176,-5.2994394,3.4289966,-1
20795,4.592898,10.098882,-1
109308,-0.99144083,6.0046425,-1
23789,5.4111395,-0.008961483,24
178854,-2.0059118,5.674918,-1
102166,11.54098,0.79145676,-1
140059,-18.549725,9.457326,89
178041,3.4836948,14.414165,48
183607,-4.2584677,12.389367,-1
24068,3.492099,6.561558,-1
136487,10.763035,9.144291,-1
112352,3.5263748,2.3502007,-1
201232,1.8839644,4.3368173,-1
151989,-2.9275289,14.77977,-1
157843,2.3295705,10.67088,69
183409,11.541056,0.79142016,-1
203172,1.9201655,9.684504,70
48709,5.9091487,13.961579,-1
181444,3.7433167,1.0753294,13
197525,-4.3160834,-2.6321218,-1
144942,1.082829,12.612914,-1
158524,6.371181,7.0349703,-1
107129,12.689622,1.834344,88
151665,3.9675741,7.7520766,-1
148532,3.10453,4.6177516,-1
45497,12.864492,8.920527,-1
107110,5.7747726,1.9715098,-1
45495,16.899296,15.215318,89
158543,3.9100611,5.563265,-1
149412,-3.231171,1.4128152,-1
149436,0.11773864,8.852059,-1
105756,3.9306812,1.7702702,-1
157802,3.0193758,14.373136,-1
80507,6.0719624,10.66242,-1
197543,3.1509898,7.395097,-1
41034,1.9101263,10.566741,-1
197545,4.1646237,8.023787,-1
4928,-1.0031615,7.752138,-1
99479,3.569758,14.635892,-1
148522,4.0203657,5.6685734,-1
57490,-1.5816823,9.647756,-1
158425,-3.8903978,3.3945093,-1
48035,0.56615555,8.626357,77
201444,3.7451012,1.0846744,13
20084,3.8076386,1.0320747,-1
81101,-1.9310415,9.826278,-1
51775,-0.96612185,6.0212016,-1
3240,12.733141,6.6359587,-1
48687,8.068297,13.904999,-1
176501,-0.5276799,3.0862203,-1
82082,3.0971413,2.7330008,-1
87619,2.100065,-0.54328954,-1
182737,5.3771353,7.303489,-1
98870,2.894834,5.073116,-1
203409,11.541826,0.79120857,-1
8134,-6.5727963,5.548709,-1
111921,1.8289772,8.837356,-1
186501,-0.52383274,3.0833404,-1
144182,5.5946903,1.9818941,-1
51792,-1.3323003,3.2723286,-1
157869,0.38623768,0.75526905,14
158513,6.0430794,-2.5529723,-1
20281,-6.069867,-2.7794645,86
107570,3.9893706,8.118379,-1
22762,15.520967,24.700401,88
136889,-3.7791402,3.3159842,-1
45949,3.6752183,3.259418,-1
99556,-6.9825077,-9.056626,89
46055,2.0055735,0.62660736,-1
51117,-4.8146577,3.457998,-1
83806,-2.1081128,9.796228,-1
112422,-3.3393319,2.289543,-1
151920,-3.8542478,5.7622046,-1
157715,5.17298,22.92607,40
45412,1.9479707,7.529505,-1
87141,16.848915,2.513659,-1
3012,6.1339836,27.368023,88
200356,3.0325027,14.376439,-1
80886,12.250793,-8.276494,92
8192,5.687462,7.261771,-1
87134,6.8908105,14.800123,-1
17480,3.8778012,8.466127,-1
77463,17.917473,5.26237,64
76916,6.3368726,7.086549,-1
149497,-2.580221,11.19126,-1
40344,6.2043037,4.9480705,-1
176946,2.159278,2.0001915,-1
80902,-5.751131,12.388702,-1
152658,4.0155263,5.06748,-1
58332,3.8903317,10.239882,-1
77490,4.2368865,1.9371023,-1
144071,-1.6402837,9.53006,-1
41145,-1.0551608,12.108592,-1
50492,4.607143,2.1466088,27
203499,-4.9842424,3.9278803,-1
57301,4.6703105,1.9162395,27
135762,6.260889,4.665414,-1
17464,2.3805315,9.85156,-1
45475,-0.99176836,14.924076,73
80856,10.818302,-0.2350059,-1
6408,11.54458,0.79043674,-1
107520,-4.267286,12.608532,31
5555,-10.547037,6.0953856,64
197328,-10.364699,10.064757,-1
41044,3.469947,-0.76598203,-1
45451,6.487528,7.5194416,93
105717,7.8952684,14.247116,-1
58253,5.3297105,-4.7977304,-1
82344,4.4311805,10.173206,-1
137053,-1.4658848,10.362271,-1
144096,-16.798157,17.56703,89
41088,22.362186,7.5499988,74
103352,14.494496,-1.0374192,111
48725,-0.07467352,5.5838127,-1
40407,-3.307589,1.3776615,-1
6171,1.9212843,9.68083,70
148514,4.73074,7.6951094,-1
135723,3.3865187,2.4667757,-1
179785,8.167195,4.982604,-1
51125,4.151392,14.285858,-1
203477,-0.18105498,13.983953,-1
152593,-6.05793,12.60729,-1
41078,0.7129245,3.078086,-1
46023,-6.107942,12.591859,67
148877,3.2305532,14.216472,48
186763,-1.9688044,10.442979,-1
181702,8.534725,-1.5558487,21
50681,10.44655,3.2020438,44
103618,-0.37565622,3.024813,-1
17233,10.462999,19.014194,82
99054,-3.9237049,3.373208,-1
176671,6.588879,10.37044,-1
201079,1.3052751,7.8658457,-1
20234,5.316522,8.220964,-1
149313,-1.8586664,9.918283,39
197425,4.6213026,8.9120455,-1
22822,-0.55428445,11.946123,-1
22542,6.8805113,17.259842,63
158065,3.47294,14.407191,48
51445,-0.8243245,6.1510496,-1
48131,3.5360355,-0.32924005,-1
8089,6.380769,14.315519,-1
20237,-3.4484737,-6.161613,-1
151632,1.6889199,3.6719947,-1
77175,6.7140813,-10.401463,74
77263,-1.8121345,9.514285,-1
107210,23.593515,1.766022,102
152280,3.3312023,3.1436431,-1
25592,-1.3992219,9.20934,-1
57947,5.528343,-0.11738484,-1
87351,3.9482367,8.194087,-1
84014,-6.875856,3.8336985,-1
81056,6.2851453,11.036008,1
144674,5.268494,10.003166,-1
104128,6.18578,10.884461,-1
105613,0.38103357,11.5274515,-1
40702,-4.124659,4.039754,-1
104126,3.1220353,7.1598825,-1
45772,2.8372126,5.222282,-1
99149,-1.677367,5.5531697,-1
105890,1.8636663,2.189319,-1
48100,2.5293,4.6582828,-1
145636,6.456428,14.95056,-1
152217,-5.221875,3.3932471,55
158256,7.8580065,17.747238,110
136351,13.770829,-3.5867116,98
158290,6.8303165,5.6685715,-1
136269,6.2425375,16.139723,-1
186671,6.6008644,10.362098,-1
77179,3.8205276,7.70113,-1
145692,-3.1725054,1.7351096,-1
51417,-2.5419803,11.257117,46
136402,-9.155102,8.302728,-1
50765,1.0164151,10.623772,-1
197411,4.015214,8.703558,-1
107656,-4.6997294,9.242607,-1
158147,0.7849066,3.0288696,-1
203302,-6.374225,7.136671,-1
144536,3.9262536,8.21213,-1
197444,-11.736884,-4.779613,91
21639,-5.527956,7.2982903,-1
176763,-1.9748507,10.444215,-1
40569,-4.1612806,3.9071572,-1
99347,-1.8809695,5.35646,-1
48527,-4.7247596,3.8113363,-1
149260,-4.5400276,12.899051,31
51667,6.014846,12.124898,-1
145803,6.3872075,7.0911674,-1
8026,2.6162782,4.7394524,-1
107189,1.6500937,7.7163205,-1
145595,-2.0198853,6.6149487,-1
5497,1.7970662,8.693485,-1
149381,7.722548,24.306158,102
77312,14.266479,9.412691,32
4701,8.535015,-1.5558796,21
107721,8.705425,6.7322307,-1
83894,-11.304545,8.425201,76
145572,22.145355,0.67781085,89
148839,1.8923699,15.952761,-1
48047,6.2800717,7.683931,-1
183172,1.9173295,9.683605,70
157933,-4.5315337,3.0935872,-1
148840,2.1436253,6.7282853,-1
58107,-3.565918,2.126117,-1
103457,5.288856,6.5485964,-1
48484,3.6018076,-0.5240646,-1
77108,13.653896,3.0932412,112
45615,4.8310037,3.6053243,-1
152368,-5.65559,8.762333,-1
48152,2.4447057,10.153809,70
105592,1.7950743,1.4059577,20
48064,2.3587341,6.3556767,-1
152130,12.55111,18.332823,105
58003,1.7634962,3.0156207,-1
152290,0.34386292,0.42182922,-1
144490,-2.6874235,8.50412,-1
183302,-6.374664,7.1363993,-1
51311,4.1320806,9.952909,-1
80788,10.839505,-0.25782314,-1
3197,1.0534519,6.556286,-1
82392,-5.744033,8.73761,-1
81021,6.8112106,12.401108,-1
87338,-0.72116494,11.710098,-1
136571,1.5781397,9.379011,-1
180356,3.0345645,14.375412,-1
57632,4.2588344,9.256857,-1
197397,4.4535575,5.461975,-1
51297,-8.320818,10.612549,-1
180013,15.526919,24.69357,88
22527,1.6262841,24.987587,53
144834,4.334125,10.097976,-1
144379,12.3384495,9.01625,-1
136643,-0.086853124,8.997869,-1
158383,3.4990551,14.652587,-1
181517,1.5439647,6.65344,-1
45838,10.1678095,21.448326,98
151878,4.071055,3.2554524,-1
41027,0.7716977,27.323153,74
8206,-1.4189429,14.808531,-1
87029,-7.1450653,3.9420707,-1
197595,-0.63320667,8.05608,-1
201172,2.6090004,5.566573,-1
135474,0.21973754,14.343048,-1
58349,-4.0135345,2.3496776,-1
183050,4.3762684,-7.193766,77
201517,1.5431248,6.654547,-1
5638,-7.142033,8.149734,-1
183537,2.838457,14.039472,-1
157530,-4.392357,12.753872,31
107388,1.2951196,9.438233,36
103923,2.9301789,1.1969883,-1
186277,4.527508,5.009547,-1
149106,-2.7200754,2.2778656,-1
149011,-4.51363,3.845617,-1
57046,3.5757577,8.167531,-1
80393,11.420748,5.209543,70
137511,1.8746284,4.405147,-1
98632,-2.0913086,9.695203,39
46114,6.431928,8.424202,42
149529,7.945357,1.2707797,-1
112596,10.465853,19.01713,82
183499,-4.9852934,3.9248261,-1
179720,-0.4492217,7.6476245,2
108061,3.029258,11.631552,-1
45319,0.33348104,9.49802,-1
145092,8.683103,3.8952363,-1
137305,10.577997,3.0625982,44
197257,7.67123,7.175168,-1
107465,-5.072873,10.753568,-1
135516,-13.631948,15.597941,90
107458,1.311354,14.210701,-1
179735,-9.359184,-11.614756,89
48745,6.700616,15.619353,-1
144030,5.3144555,0.048982374,-1
104283,5.0809355,-0.16508833,24
51041,5.8942027,2.1360736,-1
137315,7.416659,7.3505063,-1
157551,7.6312,-2.282455,-1
197591,3.0633132,3.6282957,-1
158787,2.906312,6.348159,-1
84269,0.69263124,4.0009575,-1
180198,1.0511457,6.5737944,-1
98647,-7.1454425,4.403907,-1
103309,9.978914,10.674685,-1
112636,3.2845042,9.752294,-1
203584,2.993348,5.1907077,-1
135418,20.756523,-3.802664,88
83741,-11.98215,4.1088247,94
197231,2.9942496,1.1170942,5
46165,0.1539512,12.059353,-1
200471,-5.1799626,22.654322,102
82314,-4.162601,5.90832,-1
17608,0.12179433,2.9167907,-1
98575,20.036549,1.4207262,92
203607,-4.2589507,12.389555,-1
105491,-9.935664,0.76655006,-1
183584,3.0008144,5.1860046,-1
22468,2.0151088,3.7979307,-1
17611,4.121233,9.528747,-1
3355,3.037535,14.3761635,-1
176277,4.526213,5.013321,-1
99844,-4.229417,3.4717543,-1
108136,4.822582,10.45121,-1
151741,1.8949171,16.16389,-1
50972,8.604733,6.7841754,-1
86969,-2.5507164,18.040796,101
52085,-4.498985,3.8668096,-1
40177,3.3860092,4.408809,-1
6476,-0.1804063,13.984715,-1
103276,-2.041411,-12.330041,89
8256,16.70378,2.5379965,-1
98604,-4.044895,3.3849752,-1
99783,4.6430516,9.877996,-1
145297,-4.140918,5.8975563,29
186241,5.736501,1.6790036,-1
21346,3.866873,4.8042774,25
180241,12.732978,6.635778,-1
148438,6.668916,6.6554246,-1
80377,0.27005038,9.679132,-1
80376,1.7555661,9.678814,-1
48325,3.5034451,14.753459,48
51003,6.2373734,16.134506,-1
135409,8.567718,2.6678324,57
135407,1.5003645,7.763574,-1
157474,11.3376465,-0.71676666,37
98592,10.1061325,10.461987,-1
52037,5.410301,-0.007748634,24
158871,0.5328978,11.85484,99
25231,-3.9120412,4.5165887,-1
77576,-6.747648,1.9963657,-1
76846,2.2875295,-0.71507806,-1
6301,-6.374503,7.136565,-1
57238,13.91135,9.429348,32
25756,1.9466859,16.15087,-1
183477,-0.18408947,13.980941,-1
58369,10.446839,3.201645,44
180471,-5.1799946,22.65432,102
83467,-1.6985518,5.381464,-1
157621,0.93094605,-7.697333,77
186946,2.159223,1.9981816,-1
108020,-0.8958135,9.375192,-1
40322,15.202151,13.782142,96
203537,2.83868,14.031132,-1
41154,8.842634,-12.203027,89
58358,5.6960645,7.7223096,-1
45352,0.19654621,9.618674,82
105508,14.362207,4.648042,86
58371,3.0259178,1.0448849,-1
151709,1.2039963,11.916814,-1
173740,3.1730943,13.568124,-1
36362,1.7357106,2.5189075,-1
45827,-3.5777178,3.5150137,-1
4119,3.0297258,1.026609,5
44070,0.8993348,10.286684,-1
127841,-1.0821214,3.1840398,-1
150953,0.1425676,8.532532,-1
154167,4.081706,4.876925,-1
68193,2.9202843,4.58665,-1
64008,5.792182,14.245834,-1
116474,5.09088,9.565231,-1
180665,-4.125139,2.397858,-1
79101,13.770903,-3.5861967,98
173653,2.0777884,1.5774189,20
23943,0.9874605,2.478212,-1
46122,3.510596,14.739227,-1
163796,0.73970383,20.75774,-1
32415,0.19978845,14.326127,-1
201128,1.1397581,9.382749,-1
122900,-1.1697338,6.045984,-1
67356,8.453087,-1.4521353,-1
43566,7.9615154,10.580928,-1
81357,15.526876,24.693584,88
94340,3.9908278,7.8337326,-1
83018,-8.181568,18.101631,107
29274,-13.355451,17.608225,89
50085,5.4762373,7.352722,-1
189713,15.612,6.3253345,52
122897,2.8381336,-2.5607731,-1
36187,4.606333,9.993151,-1
123012,1.9490099,7.0378428,-1
127801,-3.354735,2.1155255,-1
83727,6.699015,4.7901363,-1
202020,10.58756,3.0293605,-1
94063,6.2771745,6.5458384,-1
146585,0.26795745,10.997791,-1
53537,-7.145761,8.216375,-1
127805,14.332038,-0.6996129,111
66867,-5.8811226,0.36279875,45
191692,2.872397,3.6514895,-1
51313,2.4554284,3.3248289,-1
199493,-3.3132482,3.3996131,-1
107370,3.4171424,14.143063,-1
128488,5.6790123,14.2634325,-1
11024,3.7871828,9.700181,-1
35969,5.562454,10.109885,49
14517,18.318575,12.004556,100
205079,0.71459705,4.0564365,-1
184636,1.6149503,16.431782,-1
119480,0.5572272,15.242242,-1
141974,12.416792,8.935084,-1
154475,5.995073,7.0079327,-1
80793,4.8820157,9.9731045,-1
163599,-6.149334,7.516164,-1
27925,0.5400357,12.2749605,-1
150926,-3.9521403,3.822203,-1
43604,1.8100532,16.184256,35
33518,3.7871156,0.07140975,-1
12338,-3.2042303,1.3375131,-1
171182,3.590125,1.2683027,-1
83909,17.930334,5.258862,64
726,-1.3881308,5.492577,-1
51273,8.535049,-1.5559174,21
167262,5.8576164,14.124461,-1
182925,8.53481,-1.5559049,21
116304,2.3328865,2.7354376,-1
171178,5.316779,7.3659444,-1
171885,6.5263076,15.008863,-1
22292,-1.2097886,-2.2385597,-1
10621,-15.356027,10.274344,89
79216,-0.51791835,11.647171,-1
19191,-7.214086,5.278145,-1
116828,5.1756454,2.125848,-1
205017,-0.7457685,10.231183,-1
53602,3.4256701,9.7094555,-1
202248,-4.294874,15.335638,75
85154,0.93861103,7.2688823,-1
107601,3.1829872,13.72111,-1
119604,1.6284685,8.809728,-1
14298,5.4713173,11.559833,-1
141980,-1.8644911,9.665849,-1
94079,0.8763471,14.683613,-1
64407,5.3688684,-0.016336786,-1
19177,5.9761515,12.325235,-1
173452,3.9383647,4.3864202,-1
167259,6.6661024,14.962763,-1
202136,6.563157,14.999292,-1
43773,2.6419723,7.7003593,-1
92265,4.6615005,8.997529,-1
44141,-7.8696117,11.739459,75
191905,13.286469,9.110802,-1
22619,1.6185709,1.4325855,20
173356,8.150753,11.038509,-1
179986,-0.07344692,13.901978,-1
19257,14.337792,9.573856,32
202156,3.567756,3.997202,-1
22570,-6.9246016,5.185593,-1
66823,-2.5442212,11.260072,46
128368,7.4255996,7.5800624,103
95809,2.680379,10.496033,-1
106662,4.015647,5.0483737,-1
81507,-3.7906086,5.733754,-1
144748,0.32966033,9.191882,-1
73337,18.022638,-7.350198,74
101894,16.29805,8.65698,85
184773,7.268589,4.389825,-1
204998,9.046314,16.360481,95
22574,4.734505,1.8100003,27
127700,1.531714,10.554186,71
73323,0.26347503,9.423921,-1
154532,7.3901043,10.46172,-1
81341,3.5740318,14.3517685,-1
124338,-3.7984226,3.8563726,-1
46153,5.2995844,-6.883181,-1
173644,-1.318337,5.890471,-1
101696,1.648971,2.5967288,-1
101699,3.4410944,6.52526,-1
116429,-4.02293,5.5979857,-1
66792,3.6490397,4.7882595,-1
184775,18.658651,20.230125,88
142234,-4.2675304,12.608454,31
206186,-4.3968797,3.5988028,-1
191907,1.92985,9.423143,-1
46150,6.6977153,-3.7777655,-1
14221,3.9249017,9.705846,-1
29247,3.0387557,22.303368,-1
22194,5.6005754,-0.006121285,-1
6296,6.5870166,3.0199716,-1
152191,-2.04145,-12.330039,89
67145,2.3337326,6.3842907,-1
154095,1.7143059,2.4363382,-1
67353,-3.0821953,2.2848277,-1
35904,0.9439221,7.384082,-1
23731,3.4707944,-0.33132404,-1
64491,1.621217,6.7963614,-1
109925,4.5227003,7.55626,-1
95401,3.8782732,5.59236,-1
173398,15.526929,24.693565,88
154823,9.760581,-4.65395,38
35876,5.0904284,18.335052,51
191480,0.67913884,3.9240077,-1
32238,9.598277,0.26856485,70
123230,11.7184305,8.730123,-1
23730,0.34485924,6.8011684,-1
46732,3.8836055,8.026331,-1
20889,6.2909627,10.992661,-1
79012,0.28201586,0.79474455,-1
79021,9.710012,10.67131,17
163762,-0.45833296,12.553545,-1
66845,2.7764132,4.885162,33
116470,10.0932045,10.547672,-1
109139,-0.44961682,7.703868,-1
46741,2.1742065,9.711109,-1
29868,1.9819344,10.794741,-1
43612,-15.399453,8.500565,89
840,3.383083,14.405462,-1
116898,8.3747225,7.530926,-1
202169,-1.1340477,7.5884647,16
178962,7.1090918,10.446625,-1
103887,0.74259096,3.8300579,-1
36395,8.191183,7.8360076,-1
83711,3.7738585,1.2271584,-1
171154,3.4229453,2.3485901,27
64535,5.6641006,15.291759,-1
35837,-13.355351,17.608223,89
144754,-2.6473048,14.505748,-1
32444,4.245672,5.0104837,-1
116909,3.6386194,2.334076,-1
4235,5.099222,10.550831,-1
50997,3.3542786,7.9023213,-1
102258,-7.2262125,8.204232,-1
127759,-8.052357,17.702974,107
53479,12.217106,9.068791,32
79209,0.70172656,2.9875982,-1
206178,10.579182,3.063432,44
119428,2.2780187,29.05644,89
116428,1.4935429,2.785948,-1
178922,18.513887,-4.8958435,-1
164052,-0.37728655,9.136377,-1
142169,6.2733216,11.045308,1
94358,-13.051003,0.14772226,-1
109321,0.7054788,11.037082,-1
173465,2.7987182,4.089775,-1
20791,-3.4752052,2.1012428,-1
154246,3.035746,-0.2597329,-1
194205,1.8394814,1.4604383,-1
43900,-3.4641547,1.9617978,-1
95749,17.614733,-2.1989295,63
67201,12.217121,9.062694,32
12841,-9.34054,-11.635919,89
124288,1.0945692,8.221604,-1
36163,2.808047,7.88242,-1
128122,1.2923375,14.469712,-1
4153,3.4237297,2.3437057,27
166999,6.365238,4.595753,-1
4906,1.9295243,9.421381,-1
94093,-15.954254,2.5411513,87
79329,-15.354073,11.482036,89
5924,8.53481,-1.5559697,21
53831,3.5561302,2.763777,-1
67025,7.3036213,15.309914,-1
183126,-15.954099,2.5411189,87
79321,8.245006,22.406162,63
201120,3.0422714,1.0014101,5
64195,1.9210676,3.383971,22
67167,-1.5954269,16.156345,-1
151698,2.7815297,7.0718246,-1
171236,5.1131015,10.556339,-1
182359,-0.5606986,8.005756,-1
11051,0.42499816,6.673444,-1
67016,5.399397,0.017197356,-1
83776,2.5491025,3.8207698,-1
201236,5.0991173,10.549688,-1
168354,4.731236,1.8111718,27
102083,4.6812077,9.205536,49
28120,1.2978252,3.9695666,-1
151935,3.687655,7.6136403,-1
68385,3.2298307,11.313245,-1
5155,3.5682387,4.0178685,-1
103798,10.443589,18.994535,82
64254,1.8813037,-0.89213413,-1
85245,1.7793573,3.072764,-1
83643,1.672875,15.978569,-1
163837,18.658606,20.230217,88
141742,3.8626158,2.7446268,-1
50923,0.6007497,10.903938,-1
171907,1.932209,9.426191,-1
202202,-4.0138516,5.2377076,-1
102072,3.6637046,-0.6048091,-1
33631,-1.1229804,11.945364,78
145122,17.030817,2.4514737,26
85242,2.550262,4.9958386,-1
29408,5.9300213,2.1543076,-1
178655,-0.3015945,1.0651165,-1
33201,18.404917,5.1151004,-1
83828,-10.361944,10.061168,-1
79174,-7.175362,4.3232546,-1
32278,12.223093,9.108911,32
20856,4.0832744,6.226195,-1
7040,2.7864325,10.627997,-1
91646,4.9633584,5.6995816,-1
12864,3.596696,-0.5588978,-1
128389,-3.2845988,12.4862175,-1
94099,2.1900423,10.10578,-1
79284,2.3967655,10.059482,70
51156,4.60763,9.687464,-1
146914,10.237965,10.698422,-1
205056,6.408347,10.426987,-1
11065,0.87958044,6.8533716,-1
124608,2.4338436,6.4844003,-1
71842,10.106589,11.260613,17
90288,6.285841,4.539068,-1
150754,0.8041245,6.9006906,-1
80865,-2.1806905,10.016804,-1
107518,4.691302,10.738962,-1
141654,0.8978395,6.810766,-1
141652,13.40427,9.448602,-1
63954,-0.3231064,7.5828896,-1
4904,13.254482,9.087561,-1
49825,-7.2005825,3.7871885,-1
79281,6.1459823,27.40014,88
22178,13.632641,-5.5867963,63
13005,1.4661988,7.463173,-1
91641,17.614721,-2.1989713,63
20908,0.9506193,5.9027905,-1
73594,-8.319731,10.611553,-1
5168,-1.1334516,7.587879,16
166958,3.8351216,9.786326,-1
67075,4.372594,6.8250403,-1
33886,15.587329,11.288977,97
166951,-1.2538218,7.4255285,-1
64186,5.3758144,7.495973,-1
79170,3.4462652,-0.5448285,-1
94163,4.5472755,9.906302,-1
29510,1.201733,3.1096663,-1
5940,2.9719465,-9.598896,84
124283,0.39614052,5.8929014,-1
83842,-0.33352995,7.5663977,-1
721,-7.868906,11.740197,75
198655,-0.30645677,1.0665582,-1
201178,5.3183312,7.3645735,-1
101826,7.722458,24.30638,102
145550,-4.5561695,3.1868446,-1
146779,-9.357291,-11.616926,89
183163,4.21465,5.1778617,25
127988,9.670723,23.366943,102
199617,-3.9178681,5.6364975,-1
64337,-0.2980746,5.400771,-1
205177,-3.5737665,6.107117,-1
71721,4.4048486,14.365174,-1
85180,-1.7282661,5.4970975,-1
46810,0.2285721,11.341317,-1
23947,-16.260525,14.4630995,89
180209,2.495975,9.422782,-1
83164,0.27650705,5.588951,-1
45879,3.4443903,2.2694857,27
109730,2.145085,6.7495127,-1
103989,1.7677555,3.3175974,-1
184630,3.9433694,4.4011965,-1
13063,1.8270643,-0.9210253,-1
118774,-0.4741856,10.136747,-1
85194,-3.9027042,5.6835246,-1
83623,1.3610761,2.6526783,-1
10645,3.0382917,9.797487,-1
79376,3.7397776,1.0782872,13
201182,3.5905168,1.2457047,-1
14327,3.0590549,11.656648,4
23999,4.728317,7.687689,-1
166661,5.969433,7.653136,-1
90280,1.3027005,7.933953,-1
63886,0.28838786,12.726166,-1
5201,-3.9942713,5.254241,-1
787,10.54957,10.924144,17
7065,3.6697173,-0.645199,18
83899,-1.0603812,12.110014,-1
45873,4.1266766,7.670542,-1
180682,1.8867002,3.8670492,-1
4884,6.5560603,14.992356,-1
91604,6.097475,4.4626303,-1
51270,4.2234435,3.1558628,-1
46801,3.4021804,7.279849,-1
201154,3.4326174,2.3583815,27
127965,2.9550982,4.6683993,-1
184554,9.34752,10.601891,-1
28177,-10.362388,10.061521,-1
163915,3.8826663,2.6379108,-1
33378,3.8258774,10.218461,-1
64366,2.01924,1.9374465,20
67157,2.7414677,5.5021577,-1
91793,13.809071,21.677423,102
141882,-3.9531512,2.081082,-1
73468,0.5369171,14.524948,-1
145568,15.228229,-6.174935,102
4127,1.1379637,9.382891,-1
90357,-1.5098855,4.151205,7
22781,3.5745676,5.0439057,-1
33530,5.6688304,-0.09775198,-1
172020,10.587965,3.028724,-1
124666,1.9295899,10.324887,-1
191885,6.5561423,14.992948,-1
192359,-0.5705181,8.001219,-1
107586,4.553167,2.0499983,-1
144878,1.6455472,2.7282465,-1
171905,13.284601,9.109141,-1
183052,-8.166282,19.342205,107
150668,-2.9078798,11.53783,-1
6162,4.2195053,5.1855307,25
102099,-5.164571,14.614326,59
51228,-0.14959924,5.598762,-1
64275,6.1264186,4.6534877,-1
33654,3.51917,3.5340538,-1
36062,3.511127,9.500167,-1
49922,-16.799492,17.565836,89
14564,3.997165,5.0178256,-1
28061,4.0152626,9.467557,-1
53924,0.51655686,6.78709,-1
182941,2.9719584,-9.598823,84
36173,3.5214448,7.9254665,-1
33673,3.0023177,1.6852615,-1
128459,-5.78928,-5.788051,81
146659,6.0532966,12.194525,-1
189986,-0.07416376,13.901285,-1
141480,5.369628,7.359027,-1
20809,-0.34334335,7.501389,-1
189757,-3.4882126,6.9968286,-1
128258,-0.797741,0.22797698,-1
4181,3.5949187,1.2506016,-1
178824,-2.201111,15.1477165,-1
45882,-5.9037848,8.572311,-1
6159,-5.53018,8.928009,-1
10791,3.968643,3.1063142,-1
180202,4.528376,2.2096107,27
20332,0.724232,4.946825,-1
95652,5.9177,2.1381776,-1
183160,-5.532721,8.926098,-1
23820,3.2687187,-0.4499656,18
1654,-0.30162105,1.0692394,-1
73475,5.912486,2.1311715,15
5135,6.562417,15.000989,-1
4177,5.321395,7.3623266,-1
50024,3.2603145,1.8357415,-1
11069,3.049137,8.931327,-1
20808,2.0647454,-0.5345402,-1
34535,22.36225,7.5499945,74
64600,-17.53301,11.479235,89
34998,-3.4635968,1.7476636,-1
45381,-1.1281383,7.5736613,-1
190665,-4.120215,2.4153357,-1
81215,4.3660245,1.796565,27
72840,-1.5189058,9.214066,-1
205619,-2.9080608,7.6887393,-1
190682,1.8875021,3.8587425,-1
80481,17.85898,8.221525,77
165862,0.040671065,11.03583,-1
93898,5.7411323,2.1338956,-1
4479,0.68007153,3.9271693,-1
13738,-1.2468562,1.3563613,-1
165856,4.0160394,2.60577,-1
191154,3.4235306,2.3509207,27
183465,2.7989678,4.091893,-1
145954,5.120982,6.5189586,-1
179757,-3.489255,6.9963326,-1
165875,9.605068,0.25778547,70
44798,9.167837,8.283682,-1
179398,15.228441,-6.175411,102
167889,-0.71418506,10.851019,-1
180533,-4.5158253,3.0072484,-1
143035,0.47818694,6.895209,68
126550,0.8864257,5.607418,-1
52724,3.2334116,7.5968056,-1
84223,3.9923565,8.128893,-1
191178,5.314084,7.3619504,-1
183452,3.942924,4.3952284,-1
44825,4.3010917,9.890811,37
143114,0.15857613,8.889053,-1
84215,-8.711767,-1.0588284,97
183871,-2.9481862,23.991602,74
94611,1.0052688,10.506942,-1
194066,3.6784074,-0.63845634,18
108021,-2.2880478,10.126738,-1
28739,5.398402,0.008449948,-1
191120,3.0440695,1.023702,5
146170,2.8031065,14.105566,48
23292,3.5160453,-0.104931936,-1
201480,0.6773022,3.9251707,-1
52555,-7.5528173,10.804242,-1
167841,3.380341,14.412817,-1
94644,-4.2938886,15.334342,75
32901,14.275286,9.404658,32
123790,5.233102,0.016431574,-1
165170,-7.436885,8.063364,-1
84258,-2.0772796,9.777541,-1
23053,-4.3708005,3.7054226,-1
191128,1.1524155,9.369672,-1
153219,1.070282,6.5986857,-1
146171,2.0205536,15.731489,-1
28722,0.497676,7.430039,-1
201692,2.8734007,3.6505313,-1
23042,3.102434,-0.88503337,-1
6652,2.0755253,1.5655135,20
119221,12.446605,-4.839138,79
52661,-1.0484048,3.2446666,-1
194899,1.4166931,12.197351,-1
153274,0.93097717,-7.697329,77
206231,2.310339,11.426685,-1
125601,4.0841794,6.2309027,-1
65623,5.7159863,1.8815337,-1
6643,-1.3100178,5.898774,-1
65624,1.6147459,2.4585884,-1
34363,4.723172,10.8343315,49
123548,0.8188863,9.43324,-1
205838,-8.180188,0.063149035,-1
45479,10.168068,21.447685,98
165956,6.4679766,7.0643535,-1
164875,6.77981,7.9437556,-1
180547,-4.049822,-2.1839697,-1
65381,4.3482013,6.8489227,-1
46569,-15.356344,10.272949,89
125453,-0.387272,11.907889,-1
71326,-0.008443603,12.233756,106
145927,6.7526464,7.334712,104
66363,-1.1770303,13.33056,-1
119252,-10.362359,10.061547,-1
83489,9.724527,10.641986,-1
13824,8.502432,3.4502492,-1
123501,-15.35402,11.480043,89
123504,10.143028,10.46987,-1
44718,-8.099787,12.652764,87
190604,-3.5849333,1.2763408,-1
180550,18.536144,-4.9155407,88
20022,1.922217,2.9522114,-1
84190,-1.5679548,2.3840418,31
84635,-0.041703265,9.100242,-1
205850,5.173127,22.92622,40
192136,6.564097,14.996412,-1
6051,-8.166302,19.342155,107
164834,1.8853964,15.923678,-1
190582,-2.2513022,-0.31364924,-1
66382,3.2615104,1.9295217,-1
206288,-8.161196,19.340345,107
19581,-17.532845,11.479599,89
72224,8.244984,22.406109,63
29755,2.0494995,-0.5473426,-1
29619,3.7663224,8.173628,-1
13346,5.334564,7.384793,-1
126674,23.593689,1.765829,102
199051,3.522893,15.123021,-1
190618,-5.928929,8.532399,-1
172359,-0.56306696,8.00247,-1
118171,-0.87341875,-3.3800175,109
13363,15.733702,19.813099,89
65445,3.8419113,8.03627,-1
104225,-0.024544576,9.161431,-1
65447,12.455159,-4.8454084,79
44784,-0.5126312,12.256926,-1
28675,0.23968618,0.70962816,-1
50363,-14.929609,6.2660613,89
35069,-13.703897,-2.9898448,111
67714,1.8007344,15.841311,-1
191182,3.5895169,1.2317277,-1
90988,-3.2578049,1.669912,-1
72851,1.5672166,9.22037,-1
13778,6.197948,11.989041,-1
200963,0.85732824,6.948225,-1
194554,9.347575,10.601813,-1
583,-2.1188383,7.116103,-1
102910,8.105818,13.867532,-1
164935,2.9513402,13.993128,-1
165947,4.470701,5.1035743,-1
32922,2.7006047,7.494679,-1
167911,5.6762495,11.9915285,-1
143018,6.3142223,4.4887395,34
72231,23.593523,1.7656974,102
67948,1.6443923,2.8100722,-1
123533,16.89594,2.4803421,-1
151254,4.093191,4.947214,-1
45429,18.658566,20.23025,88
144094,-4.901259,-0.7544185,104
91364,2.2100031,-0.47266263,-1
13801,-11.304867,19.718502,89
54298,-4.539121,12.898973,31
44744,-3.415027,-3.6507206,108
19719,9.671062,23.366663,102
50376,4.6780496,7.618013,-1
194839,-3.8193998,1.5396904,30
192020,10.588262,3.0287886,-1
167722,-7.8692245,11.739887,75
13566,-4.779655,3.4254005,-1
108238,-2.9280443,14.790702,-1
52230,-4.2311416,2.529795,-1
103188,0.055067133,5.367518,-1
19853,3.7467825,-0.34260544,-1
179617,-3.882191,5.598715,-1
13549,-5.797367,12.556519,-1
123727,1.0550934,8.283438,-1
152900,2.1891344,-0.62174803,-1
32887,2.0555928,-0.5241675,11
117789,18.409727,5.1140585,64
152890,0.43334275,12.921535,-1
34672,6.208587,10.987785,1
183653,2.0808706,1.5724157,20
183644,-1.3169855,5.890899,-1
29675,5.314285,0.058283597,-1
146116,0.46955052,8.826305,-1
34699,5.3449254,6.8904953,-1
117974,-7.736776,4.148969,-1
72640,1.8093008,1.5219219,-1
6464,2.796201,4.0974874,-1
72636,2.0689354,9.084751,-1
143651,-5.5355334,8.9184475,-1
91216,-1.2074635,4.4982424,-1
167727,-1.3963596,5.477769,-1
65895,2.77058,2.3019497,-1
22458,0.5326997,11.854637,99
32888,7.689489,14.420377,-1
117961,1.2904017,14.078193,-1
46436,18.543419,-4.910358,88
94708,4.940122,5.725419,-1
52536,0.5572001,15.242557,93
34547,6.436206,8.436935,42
45189,-11.767793,-4.7487893,91
199253,0.8847536,5.1377134,-1
1045,-5.306605,3.465799,-1
28906,-4.337757,3.747842,-1
123749,18.409983,5.1139054,64
28928,-2.3144174,6.846632,19
190997,-0.5559559,11.486933,-1
117918,-0.43487075,7.4912286,-1
66073,-2.948235,23.991617,74
143818,6.2909594,4.547282,-1
165625,5.3934255,0.017173698,-1
45217,0.20536828,12.94171,-1
71438,-4.1616096,2.372321,-1
10337,-3.2333775,2.1875813,-1
45188,2.389154,7.3137693,-1
117927,3.3627656,5.0326056,-1
200997,-0.55396473,11.488172,-1
190963,0.8554409,6.9479146,-1
143741,-1.2522967,11.383438,-1
52168,-7.9881945,17.781235,-1
66113,-5.3689756,10.53211,-1
10352,7.6730733,15.547491,-1
125915,0.40268102,6.6097803,-1
72545,7.6767216,7.1741967,-1
205743,15.77082,13.737083,96
50436,-6.573848,6.60624,-1
143776,-4.551129,12.830915,-1
5019,10.58793,3.0288048,-1
199713,15.611839,6.3255787,52
10319,2.5975273,-5.428854,-1
10346,-1.5484943,5.628129,-1
52276,3.6539216,8.487036,-1
52289,-0.7320479,11.357831,-1
152788,-1.0884128,6.0598655,-1
52478,4.0106173,5.024785,-1
65725,-0.796955,7.765498,-1
91306,3.2743688,4.44203,-1
194813,0.4178045,8.61005,-1
83443,2.087891,2.049035,-1
108433,-6.2160606,12.686131,67
107077,15.608341,6.3249245,-1
13652,14.346775,4.6360607,-1
84265,-3.4973385,1.2957906,-1
167788,10.546671,10.917313,17
183740,3.173996,13.591393,-1
1103,6.160844,4.400541,-1
72709,3.2703483,9.78629,-1
152735,6.4351306,4.6011014,-1
6451,3.9429555,4.391629,-1
91122,6.3917193,6.51835,-1
80245,0.39770812,11.533261,-1
117591,7.0059032,13.7526455,-1
179493,-3.2860465,3.4020882,-1
94893,2.6864386,1.5737823,-1
103317,14.332128,4.617052,86
104248,6.1504335,4.452092,-1
83412,3.0775971,4.964092,-1
29704,15.587308,11.288967,97
44950,-3.0213847,8.544165,-1
1117,3.332138,5.1257377,-1
151322,4.637267,8.918937,-1
146024,-8.912712,-5.902278,110
32749,6.7140965,-10.401436,74
123642,2.9852016,1.7702731,-1
71378,12.721263,6.641456,66
10254,22.145386,0.6778333,89
44999,-0.5538095,7.980378,-1
67822,-1.2421567,1.296879,-1
108403,1.4523265,5.6382914,-1
194636,1.6145927,16.432499,-1
65844,3.4786458,4.9883327,-1
179713,15.611138,6.3252444,52
108351,0.14437857,8.298822,-1
45067,5.634386,0.02492964,-1
152762,19.602169,1.3547347,92
84285,2.3902984,8.274625,-1
126062,3.6809134,14.43907,-1
28837,1.6563494,15.733305,-1
72420,1.6501356,2.787436,-1
84356,3.355936,-0.13221775,-1
152972,-1.5932707,11.514402,-1
194773,7.2690105,4.3888507,-1
51975,1.691173,15.909051,-1
194775,6.134541,27.367857,88
91156,6.1507792,-2.8840032,-1
13447,3.597025,0.9134711,-1
13445,-7.0684037,3.7679589,-1
194630,3.9476688,4.4048204,-1
45017,4.450773,9.7932,37
117634,3.0079052,4.4684787,-1
1005,7.482414,10.550605,-1
20627,5.663718,15.287677,-1
103133,3.0678134,5.9914975,-1
123659,-4.206067,2.4645457,-1
19968,4.2921796,14.296616,-1
126182,15.526902,24.693556,88
103121,1.2635709,3.9201922,-1
65307,6.271864,12.025648,-1
93976,5.3873243,14.224881,-1
166435,0.83053905,5.0348573,-1
103549,0.19380563,8.4866705,-1
153873,3.2101293,16.767845,8
201905,13.283556,9.108629,-1
33002,2.8966138,11.629311,-1
168118,3.3298812,5.124732,-1
125136,5.8739395,6.750601,-1
123334,3.0171797,4.0329485,-1
172169,-1.1340007,7.587916,16
127293,8.133803,10.987762,28
108923,-9.444642,11.856988,66
125142,0.94121116,11.854321,-1
127284,-5.789236,-5.7880096,81
888,-0.71826345,10.854878,-1
14103,-0.47393525,7.5572,-1
64799,14.331966,-0.69985545,111
183297,6.5867243,3.0202427,-1
35648,6.3955946,7.5361795,-1
127378,-5.280036,3.4090743,55
107704,1.7574992,9.464669,-1
46318,-15.356171,10.274072,89
28379,4.8819056,10.094466,-1
201907,1.9032526,9.352813,-1
108990,5.540447,1.9650605,-1
117042,10.227983,10.749167,-1
172156,3.5723064,4.017065,-1
108966,4.083905,3.2676086,3
145758,-8.051682,17.703274,107
53234,-4.2386603,5.919269,-1
64786,3.1054704,4.875139,-1
14102,3.2423048,7.283611,-1
1353,4.73441,1.8080081,27
198824,-2.2009375,15.147839,-1
167540,5.374886,-0.0027133203,-1
173160,-5.5321894,8.926223,-1
168104,6.1628494,4.398733,-1
72102,-5.296671,3.398154,55
528,-1.9725364,9.014921,-1
28438,4.537313,9.126482,49
125239,2.4979098,9.870291,70
68063,5.4668827,-7.060568,77
95182,9.691492,-4.5916686,-1
164475,6.677805,7.007448,-1
6125,-15.954004,2.5411077,87
529,4.51112,7.414703,43
144365,-0.91092396,7.649191,-1
64935,-13.7037945,-2.989797,111
172202,-4.0050173,5.244645,-1
164469,10.546215,21.505203,98
80645,0.73959035,20.75791,-1
95208,6.064858,6.767399,-1
171692,2.8717005,3.6512024,-1
29162,14.337608,9.573824,32
29161,3.9057994,-2.6469686,72
19398,0.27779192,10.705401,-1
73198,1.6685183,16.072197,-1
167529,-1.9712203,9.014824,-1
173163,4.2403855,5.2015367,25
107781,-1.6062473,10.048951,-1
152338,0.20137762,-1.6385993,-1
142577,5.924047,2.1334653,15
107789,16.899223,15.215325,89
167530,4.5061016,7.4296722,43
201885,6.555806,14.992906,-1
143874,3.39186,9.558045,-1
172925,8.535112,-1.5555121,21
173297,6.587678,3.0203753,-1
28326,13.924011,9.397725,-1
179051,3.5224872,15.121234,-1
195177,-3.5670867,6.111221,-1
50726,2.3799562,3.8375437,-1
93789,15.5873,11.288994,97
32468,3.1830757,7.6261306,-1
144654,10.108579,11.257737,17
145678,-0.7317339,11.361373,-1
190202,4.5307283,2.2103937,27
66724,2.084972,-0.5677397,-1
190209,2.5099623,9.405612,-1
116962,3.9603505,4.3942933,-1
28339,2.4432344,1.4280788,-1
206194,-4.123549,4.0162106,-1
64635,11.097648,14.034051,-1
23655,15.5872755,11.289056,97
72028,2.012197,9.9809265,-1
53419,-2.460905,12.465252,46
154033,12.551397,18.332573,105
35773,1.0137041,12.44377,-1
64615,18.658535,20.23029,88
19270,10.167991,21.448303,98
71210,6.4169555,4.6549015,-1
94027,0.10475756,11.498086,-1
146495,5.3264694,8.266908,-1
192248,-4.2942123,15.334526,75
144695,3.4792972,6.5502267,-1
102339,2.0232432,3.960449,-1
53400,3.7608116,3.5792518,-1
83555,8.843048,2.0035093,-1
44241,2.3351932,10.662034,69
125071,0.70520097,4.9205737,-1
142442,-8.051794,17.70486,107
33966,9.6942835,-4.5934434,38
84021,4.902682,10.113349,-1
180618,-5.9283586,8.532118,-1
23620,3.693459,1.3483064,-1
144604,0.050876357,10.337918,-1
29200,13.43134,16.722628,65
84026,4.0531826,2.2699492,27
12516,-5.7723536,-5.781417,-1
106846,9.551519,10.570547,-1
72055,4.752575,1.3152333,-1
6870,-2.948287,23.99162,74
172136,6.563276,14.999442,-1
184205,1.8178204,1.4380876,-1
51483,5.9514017,12.189013,-1
127418,6.013265,13.997924,-1
127437,4.557375,7.1326656,-1
166372,4.051738,7.708844,-1
64696,1.4529796,1.4317278,-1
119397,1.890555,10.534443,-1
109042,12.44888,-4.839171,79
33948,1.8572243,1.4908116,20
104146,1.7693849,15.998457,35
66707,-13.6319475,15.597991,90
50685,3.4161823,2.3430972,-1
10979,3.1632297,11.4961195,-1
93796,-4.367499,12.701237,-1
124008,2.977573,9.832973,-1
102431,0.1564969,7.1635528,-1
33959,0.85092276,10.455506,-1
83546,6.1504164,4.5120254,-1
102439,3.741425,5.35864,-1
64936,2.2982361,3.3232265,-1
23553,6.1914477,4.42521,-1
164498,-1.6330621,9.975243,-1
52943,0.31953767,7.1540456,-1
194041,2.7859085,10.628469,-1
191236,5.102445,10.553568,-1
142807,0.53509593,14.560554,-1
10941,4.471633,2.1988928,-1
126880,-6.61597,3.7989016,-1
79840,9.5349455,10.575833,-1
168006,7.4640284,10.532869,-1
19505,8.186358,7.8481803,-1
102717,-0.6538509,3.0093255,-1
192156,3.575661,3.9884155,-1
183398,0.4042278,-13.765608,88
35288,2.8221118,9.712097,-1
167584,-2.1166613,7.1209683,-1
152455,6.2016416,12.006236,-1
195056,6.387831,10.445082,-1
126822,2.8266108,3.7997723,-1
104431,5.7012887,2.2007787,-1
29781,2.5986552,3.8535466,-1
65128,1.6407788,1.4654595,20
192169,-1.1284842,7.5883436,16
84150,-9.915228,16.118992,-1
35331,-5.881083,0.36267292,45
22386,0.9006962,3.0099099,-1
106923,4.0896416,4.6409984,-1
198962,7.102827,10.444713,-1
179253,0.8758435,5.1238675,-1
171480,0.6819584,3.9267046,-1
151159,3.5463116,5.2941546,-1
151166,13.940799,7.341773,-1
23477,10.083336,10.422022,-1
144176,0.16676995,8.869132,-1
126820,2.7350283,2.7772257,-1
180604,-3.5857162,1.2748542,-1
194998,9.046356,16.36034,95
67702,2.9800012,7.4628563,-1
35248,2.9897974,7.39662,-1
172941,2.9718688,-9.5989485,84
52894,-0.2986111,11.114684,-1
164807,18.631937,20.260271,88
142882,0.63128984,10.566986,-1
190547,-4.049951,-2.1839712,-1
84642,3.615691,7.902603,-1
46388,-16.799488,17.565786,89
6397,15.52694,24.693525,88
19566,6.1480947,7.811782,-1
65299,15.230273,-6.1759443,102
190550,18.658495,20.230268,88
95064,2.1965873,16.264185,-1
44619,-0.114133395,3.783072,85
144154,0.53737,5.957736,-1
10489,-2.0208206,9.704273,-1
6739,3.1730633,13.590931,-1
190533,-4.5619965,2.9782941,-1
32949,1.8598279,3.2265735,-1
118221,1.7812761,15.870931,-1
195017,-0.7424859,10.231268,-1
151195,-7.346079,3.6409793,-1
10483,17.877775,8.232858,77
50330,3.1773705,4.713785,-1
51811,0.37587416,3.5125945,-1
29610,-3.5291903,1.336564,-1
19540,18.16874,5.1769333,-1
84757,-13.70368,-2.9897776,111
153665,12.448908,-4.839202,79
50603,-1.8657919,5.3539457,10
152396,15.9745655,-9.074524,74
153729,1.5796654,7.790568,-1
142702,-4.564717,4.2351956,-1
127142,-0.018169347,9.26297,-1
123377,2.1056721,-0.54629725,-1
125260,3.40953,20.547709,38
142708,-10.362075,10.061054,-1
50255,5.4724584,8.327334,-1
64973,-1.5488151,10.072467,-1
72115,-3.5832343,2.0274456,-1
184066,3.6829097,-0.65003026,18
19460,2.1237211,6.604735,-1
6355,8.167944,11.050984,-1
199398,9.67075,23.366776,102
123398,1.5036149,6.510146,-1
123375,4.238971,4.8505735,25
45572,10.1112585,11.248439,17
192202,-4.0052137,5.24524,-1
104203,10.447248,3.2014139,44
66539,2.0052848,0.6264231,-1
151092,11.098724,14.035379,-1
117090,-4.484203,3.9918504,-1
173126,-15.954599,2.5420148,87
95180,5.3001456,-6.8848453,-1
90762,2.7486286,5.43341,-1
123921,6.2973423,11.056713,1
910,5.676516,11.991714,-1
22363,2.034873,-0.5139266,11
164546,16.919188,2.4839149,26
84810,-9.228252,8.247694,99
19449,4.085392,3.3332157,-1
123899,18.390123,5.109042,64
142732,-7.200673,8.251191,6
539,5.374603,-0.0031358723,-1
117193,4.1757736,5.0929546,-1
164627,5.472609,9.473896,-1
173052,-8.181186,18.100895,107
44510,-15.399484,8.500562,89
13990,4.386246,10.226087,-1
106922,3.2509248,5.040549,-1
184041,2.7912612,10.641046,-1
73068,-0.5559888,6.0574555,-1
198922,18.513674,-4.8957334,-1
23495,-1.9199384,6.823775,-1
142756,8.459345,3.5121822,-1
94536,-11.733323,-4.783997,91
90843,4.3242993,4.8535175,-1
13972,-2.4823616,8.372719,-1
45580,1.5557404,9.635629,36
107858,-9.564341,14.010674,-1
10046,8.30454,10.869857,-1
146288,5.087777,6.618112,-1
46370,-0.7208346,11.964121,78
126980,4.709805,8.885101,-1
80588,12.639728,6.640947,-1
51714,0.21350412,11.06527,-1
168046,-5.304925,3.471227,-1
125287,18.65852,20.230185,88
119341,1.3228972,1.9327592,-1
183356,8.141562,11.026509,-1
195079,0.7137385,4.059614,-1
180582,-2.257084,-0.3134916,-1
199757,-3.491052,6.996379,-1
172248,-4.294838,15.33491,75
4691,2.9151888,3.6450565,-1
49580,-0.83939755,11.351672,-1
80932,17.861217,8.2229,77
36427,5.9389195,6.86315,-1
181905,13.284456,9.108906,-1
17662,12.250822,-8.276502,92
26599,2.7288368,10.569824,-1
160517,2.2661412,2.5076685,-1
88697,2.1700246,2.055323,20
21318,3.801092,1.6113557,27
114017,-3.9714265,5.4922347,-1
60759,-4.5539494,12.930348,31
41485,-1.1517109,9.539976,-1
170665,-4.1289086,2.4258976,-1
188104,6.1620803,4.396484,-1
181907,1.9294497,9.416803,-1
160546,-4.7843175,3.1160247,55
188118,3.3005059,5.1483297,-1
38760,3.027732,11.645902,-1
30399,-4.179563,3.435304,-1
70472,-1.076002,12.118868,-1
2492,-3.3164058,3.3954537,-1
200547,-4.050017,-2.183992,-1
88673,4.484663,9.697634,37
69552,-5.2868414,3.4114482,-1
17639,-1.70444,5.2934117,-1
169713,15.615575,6.3282804,52
186194,-4.1240854,4.0173326,-1
38852,-5.142696,13.562625,-1
38850,3.186815,11.894326,-1
30414,3.0944364,9.873974,-1
137673,4.9973984,3.4882896,-1
186186,-4.3530684,3.5449743,-1
188046,-5.308563,3.4712856,-1
149605,14.4985,-1.0555131,111
157342,5.1387644,18.342205,-1
186178,10.389283,3.2597718,44
204066,3.6768036,-0.63806844,18
38823,6.0413294,12.1087675,-1
17696,-2.0507631,9.48998,-1
41486,2.695624,2.053842,-1
8742,15.770478,13.737625,96
70490,-4.3738422,4.0783195,-1
111485,-1.7544924,9.479507,-1
111477,2.0066051,11.250415,-1
97620,8.499065,-1.5131807,-1
16023,3.7572184,19.318512,-1
170682,1.8845403,3.8602242,-1
48886,-0.79955846,12.875703,-1
86826,3.9196558,3.0263112,-1
169617,-3.9503515,5.635442,-1
81996,2.4481783,9.194907,-1
47857,-0.44167843,7.627592,2
56716,-1.1624105,6.1670766,-1
47839,2.696027,3.7466042,-1
197722,-7.8694043,11.739875,75
121525,-0.98156977,6.0297813,-1
41582,-1.6296557,9.124637,-1
132305,-4.8210416,3.3418539,-1
11391,-1.3865016,3.219796,-1
75635,0.32408395,5.72844,-1
132348,-18.518932,9.487286,89
26656,10.309906,-1.8008932,47
56762,-7.124213,5.370401,-1
26653,1.5464141,10.640206,-1
26631,-6.573521,6.605162,-1
200550,12.356728,-11.262052,88
132394,5.422194,7.447147,-1
86869,2.8858347,3.7939892,-1
25130,1.6830004,9.340415,70
7838,-3.823349,1.5360914,30
106056,5.603143,7.1755323,-1
132381,6.1492667,-2.883002,-1
111504,-3.5973456,2.1390245,-1
75682,6.697832,-3.7777264,-1
121499,12.377263,8.983811,32
88737,1.3803047,10.919985,71
157246,-6.861505,10.447965,95
120224,-13.039789,0.14889765,-1
132372,-0.37113655,5.7527714,-1
38868,6.0218654,12.00908,-1
203052,-8.165325,19.341602,107
131369,-6.215393,12.685574,67
137296,-0.97657585,2.877296,12
88519,3.4496024,4.445728,23
77506,3.5654051,14.355428,-1
87060,1.7310272,9.774388,-1
187889,-0.7263703,10.843935,-1
60410,4.644452,1.9026897,27
75873,5.838168,2.1607263,15
75871,9.015481,1.8388113,85
60429,-18.51879,9.487597,89
57177,2.0237973,-0.5458817,11
97827,1.8233414,9.976033,-1
88528,4.3140893,10.313913,-1
25287,1.3925626,10.933294,71
57171,4.244087,4.81409,25
132929,0.4042255,-13.765608,88
187911,5.6773243,11.992642,-1
77527,1.411745,1.8456501,-1
137328,-1.8668132,26.875063,89
31094,7.28208,14.919386,-1
170618,-5.9292135,8.53238,-1
120310,-4.1065946,5.78719,29
137261,-7.368578,8.21478,6
197584,-2.1198516,7.119615,-1
160155,-3.5811481,2.0145326,30
60307,-15.356451,10.272966,89
48732,-4.9467654,3.9485993,-1
41142,2.4930873,1.8948127,-1
2616,-3.933184,5.6151924,-1
160188,4.113585,3.303785,3
60344,2.2791197,4.725774,-1
157680,7.050093,8.229281,101
88482,-3.7648025,3.1955755,54
121371,3.83054,7.7105575,-1
137190,1.7898881,8.7697,-1
187841,3.3630645,14.4029875,-1
137226,5.695799,7.715261,-1
160211,3.3311517,-0.23919311,-1
157666,3.0431938,1.1524409,-1
203126,-15.954619,2.5419824,87
57122,7.2654414,14.93298,-1
160287,-4.046706,5.786873,29
132610,0.20120867,0.5558174,14
181885,6.5558596,14.992952,-1
160338,-4.799988,3.8949094,55
186231,2.3089635,11.428634,-1
132666,2.0650403,2.5375834,-1
188006,7.460169,10.532487,-1
132660,3.450733,1.8094531,-1
193052,-0.3307407,17.867422,107
132653,-3.9815295,5.69056,-1
17600,12.448973,-4.839291,79
169757,-3.488533,6.998796,-1
69584,0.36156896,11.44374,-1
38906,-15.9538965,2.5411203,87
105996,5.329699,-4.7982817,-1
41348,2.812579,7.876622,-1
56985,-1.9069455,9.670614,-1
132626,1.8025892,1.3978997,20
204041,2.7872107,10.631267,-1
132623,-11.948199,4.1172605,-1
157421,1.6170905,7.871707,-1
113916,-9.79655,22.510063,89
160336,4.592302,7.534961,43
57026,4.397636,5.1027784,-1
7898,1.4123852,12.193776,-1
97826,-3.9178953,3.953479,-1
47929,0.30663046,8.594655,-1
26491,14.391044,4.676568,86
160296,1.8629441,3.8992991,-1
149536,-4.265122,3.7360601,-1
16203,2.8904934,3.7732413,-1
186288,-8.1653185,19.34141,107
16197,1.5244029,7.9985366,-1
160298,-4.7916303,3.3809338,-1
132851,6.0031857,6.719505,-1
137488,2.0369544,-0.52016765,-1
41286,2.7780185,2.1552055,-1
160307,5.9872336,2.2520204,15
60501,5.292751,6.0144734,-1
200533,-4.5306425,3.00907,-1
196633,6.031026,12.087058,-1
38967,10.956354,26.264551,102
60930,-3.9295044,2.0658317,-1
7812,0.4169528,8.609159,-1
41950,-0.9786471,2.8778958,-1
56272,12.250855,-8.276502,92
175017,-0.7472365,10.22754,-1
100340,-16.260649,14.46313,89
47695,-0.7867306,0.23464513,0
131661,4.8269315,10.455127,-1
56244,-1.8041406,5.3927555,-1
26886,5.332538,0.087413706,-1
3546,-4.0445566,-2.1758425,-1
161114,1.2578176,9.384648,-1
114614,3.4346013,1.1736244,-1
161119,3.851679,6.359222,-1
200604,-3.5843532,1.2763399,-1
174998,9.046224,16.360416,95
148102,-1.5197544,9.23132,-1
15762,1.1156358,9.50811,-1
3549,18.53694,-4.9150286,88
138677,6.2025175,10.975661,1
185850,5.1569743,22.904778,40
100319,-0.46743077,7.7159934,2
89053,-0.054393854,9.094872,-1
197841,3.3817508,14.412234,-1
156839,9.604995,0.25767216,70
88987,6.2675304,6.890559,-1
138422,20.03755,1.4202873,92
111217,4.9029164,5.952719,-1
69375,5.4667583,-7.0603333,77
77929,6.1923466,11.960251,-1
49752,0.3574986,0.77812254,-1
92572,2.3235168,6.5809345,-1
175056,6.413191,10.430279,-1
148150,8.605503,6.783967,-1
89016,1.6722775,16.079817,-1
138528,-5.881696,0.36254486,45
86614,4.8040857,5.92753,-1
131733,-1.1970631,4.37315,-1
77943,2.5255442,3.330339,-1
3532,-4.515451,3.0028102,-1
38329,0.1126826,11.895358,-1
26867,11.337726,-0.7174165,37
197889,-0.7221415,10.851796,-1
77991,-4.4099026,2.4290066,-1
160733,-4.020218,-11.398678,89
148078,1.8543426,9.551592,-1
38195,3.2574449,13.967812,-1
193644,-1.3173966,5.8906617,-1
69296,0.9079775,9.742012,-1
131430,5.9866223,14.150203,-1
181182,3.5795228,1.2518587,-1
21226,2.971997,5.069359,-1
181178,5.320317,7.363481,-1
61621,-4.1215463,5.867921,-1
89113,4.935148,5.733552,-1
38248,-7.0833087,3.8886275,-1
114711,3.683371,4.832165,-1
5358,-0.5619891,8.000569,-1
174899,1.4132653,12.195942,-1
89118,4.191936,5.2300344,25
56111,-5.740093,8.766406,-1
182020,10.612415,3.006538,-1
197911,5.6767087,11.992238,-1
196288,-0.3312739,17.867815,107
138777,-5.6180954,8.84675,-1
111097,2.2209952,9.963312,-1
131463,16.97806,2.4929326,26
131543,5.993094,14.013397,-1
69327,-0.119484685,5.0211186,-1
169398,10.955919,26.264894,102
75300,8.899798,4.791546,-1
185838,-8.180272,0.06309907,-1
30303,3.673974,4.444072,-1
56167,16.830276,2.4877133,-1
70597,1.8286448,12.826512,-1
86521,5.276782,14.223605,-1
21859,6.3893895,4.3291035,-1
97221,-3.1217816,1.7461354,-1
131507,-4.203816,3.5429423,-1
78012,2.9845712,7.537161,-1
56153,2.6024315,3.0652359,-1
42024,3.8209255,10.213883,-1
97220,13.398995,9.148376,-1
197788,10.566295,10.928422,17
148159,-9.35731,-11.616961,89
131842,5.4638495,-7.0730753,77
132133,17.861223,8.222947,77
114191,6.5787,6.5589776,-1
138130,-4.726363,9.225428,-1
8837,-8.18098,0.062726766,-1
132180,-1.6047931,12.2645035,-1
175177,-3.571197,6.107296,-1
15953,5.466337,-7.0609803,77
41655,1.8384029,8.879212,-1
132124,2.5282657,9.997803,-1
192925,8.53496,-1.555883,21
38547,-1.1329522,7.5848503,-1
88851,2.4705696,3.7872524,-1
114215,3.0328918,9.809175,-1
26742,-1.1345869,7.589214,16
202925,8.534989,-1.556,21
8849,5.172253,22.924997,40
97515,3.5883794,8.405745,-1
149693,6.997466,14.749234,-1
177262,5.8384805,14.143127,-1
26719,-3.0372157,2.278066,30
114169,-3.1968937,1.2389433,-1
88788,-9.564341,14.010755,-1
197727,-1.3976696,5.47696,-1
56627,2.1570108,2.0579333,20
75609,-0.15915045,5.640841,-1
202941,2.9717472,-9.599004,84
47830,6.2497153,11.344037,1
88817,2.6519167,2.6527421,9
26704,4.1852365,9.274152,-1
111438,2.2780523,29.056393,89
17777,2.9355087,1.8147106,-1
69478,6.0180254,7.506376,-1
132260,10.664738,16.176016,-1
132256,10.76317,9.143973,-1
132234,-4.1540127,5.8907924,29
60986,4.8791633,6.906556,43
177259,6.6667533,14.962795,-1
61062,-14.966285,12.241108,89
77803,15.770718,13.737272,96
132103,4.791762,9.85883,-1
188354,4.7340956,1.8116696,27
97414,-4.120385,5.030916,-1
181236,5.103327,10.553075,-1
148199,5.3436036,7.5182242,-1
192941,2.9717553,-9.599017,84
75473,8.178131,10.793031,28
48978,3.0194697,14.125882,-1
105300,-0.952143,6.0706525,-1
148167,-0.62158304,10.777011,-1
114419,0.22621408,9.608289,82
114435,4.5513554,2.1938555,-1
41832,0.3434278,11.430661,-1
82619,15.526933,24.693476,88
169493,-3.3009865,3.3994684,-1
204205,1.8179182,1.4390448,-1
175079,0.7137584,4.061812,-1
200582,-2.2591238,-0.31389624,-1
114375,-11.974861,4.1146617,94
48965,-3.4482155,-6.1612105,-1
148222,2.8050833,7.880074,-1
111364,-0.45611182,12.081251,-1
77808,1.9447565,1.826131,-1
31294,-7.0950947,5.4800124,-1
148283,10.0999975,10.406526,-1
2397,10.998861,24.040247,102
138222,17.00333,2.4788063,26
61094,-9.91202,16.111984,-1
120186,-0.025480514,9.199315,-1
77838,8.430124,7.4867215,-1
41712,10.168058,21.44848,98
7774,18.536924,-4.91501,88
75488,1.1049745,3.8966727,-1
81959,0.25940514,10.332984,82
7772,7.268737,4.3891873,-1
88908,-4.718467,9.235354,-1
88910,-1.6388918,9.315667,-1
56487,-8.099842,12.652884,87
113797,-18.518898,9.487546,89
92708,3.8582473,2.1971297,27
48445,6.6147776,12.333248,-1
39870,0.65230745,6.5724897,-1
135791,2.7371619,5.1220183,-1
134594,0.920054,10.81123,-1
87641,3.4506888,4.422992,23
16718,0.5017899,0.853031,-1
48230,3.332696,-0.25917977,-1
120553,-10.347183,10.053633,-1
26039,-0.06485,13.921052,-1
17147,-8.051687,17.705246,107
113208,1.2071131,8.057139,-1
48457,3.70263,14.1431875,-1
134486,-2.4724593,-1.3388624,-1
181692,2.8747349,3.6549995,-1
77090,0.9311129,-7.697647,77
158439,2.7283735,3.8899174,-1
112288,18.158459,6.7854753,80
88096,14.362021,4.6479573,86
203398,12.356758,-11.26209,88
170202,4.5441747,2.207993,27
58191,0.085401684,5.620942,-1
59133,5.4662037,-7.0604954,77
25673,1.5388612,11.043616,-1
48431,3.3297126,1.0869281,-1
158551,-6.4117637,8.1474285,-1
134685,-2.0990727,6.870222,19
113036,5.8626785,12.0582,-1
134679,6.25698,11.07852,-1
203452,3.9454784,4.3848376,-1
88065,-6.9824443,-9.056686,89
159245,0.25050297,11.666404,-1
25681,18.022661,-7.3501973,74
170209,2.4966905,9.420333,-1
88071,6.8744807,17.263945,63
134641,-14.929651,6.2661376,89
134378,5.5314326,-1.4991332,42
135920,11.097687,14.034045,-1
39691,-9.9115095,0.791768,-1
158317,1.8057137,2.05579,20
120988,3.8344016,2.9712162,-1
203356,8.1419,11.026536,-1
98302,-4.5622835,3.9182076,-1
149281,-14.968843,12.235715,89
25585,1.6914886,9.903688,-1
57891,5.2278867,7.3553205,-1
105615,7.722814,24.306124,102
181480,0.6791945,3.924008,-1
30827,3.223694,6.28079,-1
39690,4.158218,14.298176,-1
40648,3.6701033,6.701941,-1
121003,-3.8466246,5.602088,29
48123,3.3914356,-0.23121731,-1
69868,6.193637,4.507852,-1
88175,3.4069655,0.20876117,-1
69865,10.16117,21.44732,98
159499,-2.883823,14.739247,-1
48145,4.8446574,3.6074789,-1
16637,3.3110206,14.050991,48
17209,0.95123166,3.9824176,-1
120467,2.8889327,10.016901,-1
112237,3.473799,14.363767,48
149252,19.602182,1.3548218,92
203740,3.1736732,13.591612,-1
134359,3.3156445,8.270761,-1
40563,-12.528861,12.8366995,111
135992,1.2964236,8.827611,-1
159400,2.5899425,4.926201,-1
134347,-2.9396446,23.963497,-1
48538,-5.8807287,0.36268425,45
39748,4.2199464,4.699851,25
148768,11.099057,14.035456,-1
40592,0.20288557,12.35669,-1
59332,5.918626,2.137384,15
69904,2.8216224,14.254528,48
39743,1.8024502,9.357722,70
40597,1.9646449,1.7462405,20
11491,-0.37326062,7.567607,2
112363,-0.45108324,11.366261,-1
77003,3.9215832,4.559605,-1
48424,2.1072865,2.7158158,-1
70189,3.872644,8.257754,-1
58812,-3.801293,5.5401998,-1
70176,0.8595943,3.880226,-1
149005,1.8385273,10.404553,-1
193398,15.527008,24.693401,88
176194,-4.125062,4.019102,-1
112842,2.608105,3.0269437,9
176186,-4.3950377,3.596042,-1
135515,-9.357353,-11.616995,89
30772,0.53569776,5.6934843,-1
159063,2.2781327,29.056328,89
2985,-0.07346166,13.902084,-1
87955,1.4477944,2.6962414,-1
48266,6.1969504,10.952653,1
176178,10.443496,3.206581,44
203653,2.0955672,1.568912,20
134908,1.3458285,1.6182852,20
40049,10.177099,10.577198,17
159031,1.3864392,6.721353,-1
112799,0.1774539,8.45169,-1
82330,-0.31057456,5.4500427,-1
135421,-3.943111,2.3067014,-1
25837,1.7752874,9.402592,70
58606,4.477811,9.7174425,37
158895,2.8375244,4.8403683,-1
135212,1.4316025,1.6166077,20
87875,5.323064,7.338041,-1
25824,10.205736,10.659668,-1
135392,-4.040053,3.3920696,-1
176288,-8.051852,17.70528,107
120690,3.7949164,-1.088081,-1
58672,4.4317174,6.023622,-1
40122,-2.5701268,14.419521,-1
176231,2.3096056,11.429698,-1
193356,8.142681,11.026985,-1
158864,0.1262869,5.441613,-1
135410,2.0867913,10.01701,-1
58738,2.1071863,-0.521227,-1
203644,-1.3177954,5.894863,-1
197259,6.6667395,14.962926,-1
135527,8.096237,10.927366,-1
197262,5.833628,14.150242,-1
25733,-3.9156682,5.5893645,-1
58955,2.351739,3.7495167,-1
112887,4.678701,-13.773911,61
112437,0.7946975,3.8773699,-1
39968,-0.5712744,11.588233,-1
158609,12.449123,-4.8393373,79
158605,12.691782,1.8534386,-1
148938,1.5377842,6.996169,-1
76970,2.7369816,3.0950916,-1
112936,3.570472,2.3788767,27
8176,-3.5715568,6.107937,-1
193297,6.587138,3.0199769,-1
40408,-4.4756017,3.502785,56
187259,6.6670046,14.962865,-1
76530,-1.1599,7.5849614,16
187262,5.8368263,14.144087,-1
203465,2.7995863,4.0967817,-1
148957,4.7790055,6.127169,43
30755,-11.755521,-4.7610664,91
25920,11.956194,-2.5688505,58
135657,-7.1285744,5.335856,-1
58878,13.925418,9.389172,-1
98440,2.3122523,9.198582,-1
25923,3.3568327,8.222608,-1
40037,2.551012,4.9286714,33
58406,5.7530155,7.3696837,-1
25763,13.950882,9.409594,-1
40031,-15.962105,2.537897,87
87985,5.4057307,7.3501554,-1
25931,4.355857,6.841998,-1
40304,7.0114365,6.8685102,-1
134878,5.5999146,7.4778504,-1
58370,4.183574,9.486917,-1
134856,-1.1817135,9.51465,-1
48363,1.2971224,1.7217249,20
105675,-5.211398,3.3853376,55
70015,21.501457,3.7891192,61
57881,1.6801476,15.9185095,-1
48111,-0.7800677,0.2500526,-1
133112,8.194999,21.310934,-1
203871,22.3623,7.549993,74
57508,4.627346,9.900384,-1
59849,-1.6538709,9.234788,-1
159865,3.4288156,2.3217869,27
148560,4.1344934,1.7562851,27
113572,10.763242,9.143953,-1
113579,-4.5777626,3.502641,-1
82080,1.789735,1.3958167,20
77370,-4.2236505,11.236245,-1
159899,3.9979398,8.603608,-1
203163,4.2148666,5.1823874,25
7997,9.046181,16.360403,95
25407,3.7836912,-0.5154473,-1
113626,5.160068,6.3905234,-1
57440,3.6412272,14.378725,-1
120393,20.356916,14.4510565,88
111862,0.28490546,8.659055,-1
59979,5.6713505,0.054657474,-1
69710,1.147911,14.093691,-1
40933,-9.912056,16.111992,-1
149394,1.857451,15.880098,-1
57509,-3.5762634,1.9769145,-1
39439,5.596455,7.169657,-1
70337,-5.89818,8.536666,-1
59764,-11.264039,8.433968,76
175743,15.1995945,13.782345,96
133675,8.041363,10.968831,-1
136731,22.362368,7.5499973,74
157934,0.90340674,6.8071036,-1
59809,3.1854637,13.396371,-1
11726,7.8257523,10.687816,-1
8016,-0.74421614,10.232792,-1
76110,-5.6375265,25.450993,89
26291,3.8154585,8.576612,-1
57541,-2.9483404,23.991634,74
76085,5.3297377,-4.798255,-1
133626,1.4880214,6.6083665,-1
136762,0.9768349,4.028863,-1
157832,6.227243,12.051394,-1
193126,-15.953336,2.5417225,87
88181,7.202114,13.536603,-1
41083,-4.1283436,4.0203376,-1
87160,4.0714116,8.664183,-1
160089,5.0048156,9.863597,-1
77460,10.166864,21.448246,98
133254,-0.8270662,11.155443,-1
16325,-1.869865,26.870264,89
157733,1.9476814,12.614529,103
87154,3.3653502,-0.28991237,-1
99595,0.04912338,10.331278,-1
39191,0.81095177,4.106634,-1
187722,-7.8694816,11.739835,75
160119,-7.2788033,3.9429915,-1
92715,5.326038,7.0124044,-1
187788,10.550785,10.919647,17
170604,-3.5860317,1.2732986,-1
121341,12.681549,6.68111,66
88459,-1.4889803,7.687597,-1
57280,3.179476,2.185615,-1
175619,-2.9089258,7.689144,-1
113699,7.0676723,14.908338,-1
99587,6.17101,10.900114,-1
170582,-2.2567816,-0.3137069,-1
197529,-1.9732242,9.008385,-1
197530,4.510985,7.4278774,43
133353,15.587308,11.289034,97
203160,-5.5327487,8.926326,-1
99533,4.0562077,8.107134,-1
197540,5.374565,-0.004321047,-1
187727,-1.3812407,5.48003,-1
98010,-4.1250696,4.0406,-1
137047,10.839091,-0.25758928,-1
8618,-2.9095712,7.6883,-1
60113,0.12949578,4.7092147,-1
157764,-4.043151,4.0618715,-1
149466,-4.5036483,3.7174578,56
87179,6.07781,7.8728957,-1
60132,-2.9234028,-0.26462054,-1
21713,18.536955,-4.9149113,88
39441,-3.1266277,2.2826421,-1
82090,6.7006593,15.618576,-1
25464,0.49198627,0.83432645,14
76205,6.300222,4.5586886,34
11696,-10.162551,-8.136901,89
98202,6.3111506,6.5644264,-1
134034,-0.46623668,7.6111064,2
113418,0.21157447,4.412239,-1
99196,7.5869484,5.556814,-1
57763,1.5706828,-3.119367,-1
203297,6.586818,3.0196965,-1
98192,2.3116784,9.714436,-1
57744,2.6810157,-0.69329077,-1
136464,4.5051847,9.315522,-1
175838,-8.180645,0.06288992,-1
186633,6.0229926,12.088123,-1
48638,0.9846854,-10.175546,63
11472,-0.5422832,11.920707,-1
39576,-1.2803776,4.34077,-1
57731,-1.7684002,5.3525457,-1
48632,-3.8896163,3.4340954,56
39612,1.0781484,12.432496,-1
40733,1.0645059,6.6084437,-1
175850,5.1723433,22.925133,40
39662,-18.518896,9.487564,89
193452,3.9334981,4.3752875,-1
158221,6.427762,4.745713,-1
148635,-5.279666,3.410442,-1
134159,-9.796663,22.510185,89
99085,-0.9984529,6.0457873,-1
159528,-0.21274863,8.443992,-1
2756,-3.4899218,6.996916,-1
176633,6.0319686,12.085869,-1
158203,-0.9466979,3.202508,-1
57827,2.1033509,10.422164,69
88202,1.0833088,10.287434,-1
26170,10.655887,16.164433,-1
8078,0.71215105,4.061026,-1
57727,10.578431,3.0626392,44
48076,1.6470051,16.404842,35
133972,1.8204976,10.643235,-1
40858,5.304989,6.574738,-1
113454,6.1506042,-2.8836172,-1
3201,4.5362453,2.2093215,27
77290,-14.968863,12.235533,89
57634,-17.532866,11.479465,89
57623,1.9743949,15.938242,-1
57622,1.7783141,6.4740825,-1
169986,-0.073513374,13.902217,-1
193160,-5.5328755,8.926332,-1
57617,-3.107944,2.279416,-1
99311,-5.70027,8.779215,-1
121156,1.5910556,-3.1399686,-1
170547,-4.049525,-2.1836448,-1
3208,2.5144832,9.420104,-1
187584,-2.119988,7.121035,-1
59710,1.5334643,12.246621,-1
170550,15.5271225,24.693232,88
2712,15.612513,6.3255577,52
88254,5.6546474,7.430385,-1
193465,2.7994466,4.092423,-1
70332,-0.10506587,12.176444,-1
193163,4.2169337,5.1822577,25
8055,6.412933,10.431052,-1
170533,-4.545383,2.9978292,-1
187529,-1.9415808,8.99744,-1
76194,6.8370795,5.67104,-1
187530,4.5054083,7.434117,43
26222,2.295875,9.6191225,70
87357,11.400333,5.2159405,-1
39534,4.6305146,9.581419,-1
48668,-0.45345047,9.2734,-1
158010,-14.969042,12.235144,89
30947,3.1734097,8.858538,-1
93031,-4.5534177,12.930163,31
187540,5.3761306,-0.005194897,-1
136541,-1.4133246,7.6657104,-1
159710,5.329483,-4.7986217,-1
112063,3.879471,4.4385405,-1
15683,0.62186307,10.948001,-1
15823,1.7080503,2.547272,-1
89648,2.8068266,6.376281,-1
168962,7.112086,10.446935,-1
100866,2.5596719,4.479484,-1
155963,9.889877,4.0557313,57
198104,6.1442323,4.370087,-1
86152,1.843978,8.754191,-1
63395,7.0475936,8.220538,101
86138,10.152905,10.566354,-1
89562,3.7218845,5.280847,-1
162201,3.8354082,8.007379,-1
89589,-0.47037032,9.749296,-1
198354,4.728458,1.8120551,27
24219,15.527245,24.693071,88
62528,-1.6968883,3.8222609,-1
189051,3.5216672,15.124744,-1
89566,12.250877,-8.276503,92
62499,-13.057807,0.13914368,41
15279,-0.4998206,11.599298,-1
177911,5.6784506,11.9927845,-1
63398,0.037054516,10.772387,-1
155987,-1.20207,4.3828607,-1
55447,-3.995784,5.0049486,-1
18334,3.03095,9.812978,-1
2050,3.5211613,15.134956,-1
185017,-0.73896056,10.232023,-1
85748,14.294924,9.47549,-1
96613,-2.6767037,5.195316,-1
78344,23.593504,1.765538,102
42660,-9.912639,16.11249,-1
37463,4.6090074,9.04467,-1
96610,4.375432,5.0655823,25
42687,0.4356873,6.6592617,-1
130157,-5.7752185,7.461069,-1
182169,-1.1358885,7.5864697,16
147601,10.994895,12.938697,-1
70744,4.1037755,14.233469,-1
206633,6.0255513,12.084706,-1
150182,-6.1423655,12.620713,-1
55380,6.016198,14.160837,-1
180997,-0.5553136,11.493776,-1
15170,4.8117895,9.216315,-1
3581,-2.254703,-0.3140859,-1
12101,3.5055604,5.087592,-1
96108,3.0071409,2.7583458,-1
204899,1.4087412,12.191747,-1
93435,-5.1141744,3.0200927,55
185056,6.4115853,10.430637,-1
204636,1.6058736,16.441427,-1
204630,3.9678233,4.384978,-1
139834,6.5575275,12.264263,-1
18359,4.135496,3.5724585,-1
78364,-2.948406,23.991657,74
15192,9.172947,8.287857,-1
110179,7.2952657,7.5215635,-1
96107,2.5149436,17.480833,-1
31982,18.536903,-4.9151983,88
49412,7.7228723,24.30614,102
168922,18.50589,-4.8879976,-1
15207,-3.4480245,-6.1606965,-1
162242,1.5809653,6.6462,-1
163025,1.1767536,6.6300755,-1
82941,-0.48930326,12.664121,-1
200682,1.8847463,3.8607137,-1
62584,7.915685,10.531764,-1
155936,-3.7256105,10.211322,-1
204554,9.347528,10.601709,-1
139727,0.4041669,-13.765616,88
122707,0.5091876,5.821512,-1
62346,5.4664326,-7.0610104,77
74729,-3.1494727,1.7455832,-1
78272,6.4261413,4.3418245,-1
177788,10.568131,10.929929,17
73994,4.0033574,9.591425,-1
62334,4.035297,9.74404,-1
139500,5.298554,-0.015661813,24
140471,8.430804,7.488939,-1
7553,9.347021,10.601972,-1
37615,-1.759511,5.4652724,-1
156066,3.6793325,8.118209,-1
89489,-1.9214503,9.820471,-1
162012,5.287956,6.980214,-1
37602,-5.573618,7.11061,-1
162017,3.0493445,11.625322,4
202359,-0.5620922,8.000722,-1
54606,0.95952284,7.39321,-1
85742,3.0298402,22.333136,-1
100711,5.2770033,-0.026855662,24
74798,-1.8910246,9.458759,-1
89419,1.8809115,10.540903,-1
169051,3.522323,15.12403,-1
89429,4.2358823,4.8265333,25
69027,3.9388537,9.73174,-1
199986,-0.07316676,13.901963,-1
27263,2.6147275,3.1358576,-1
261,5.837223,14.145857,-1
100734,-7.304866,8.199597,6
18247,3.0161319,0.9428207,-1
14782,-4.3233223,-2.6463208,-1
55638,-1.7702603,6.6805606,-1
110769,5.880896,2.1208427,-1
178354,4.73683,1.8157957,27
63467,-5.633223,8.814299,-1
42562,10.955781,26.265615,102
129067,1.6543453,16.31694,-1
47184,8.070939,3.1523638,57
156002,10.998773,24.040327,102
86212,2.7967515,10.174333,-1
15305,-1.3125986,3.2027967,-1
15303,-4.0496893,5.948273,-1
9287,-7.608448,17.873678,107
140849,3.6861663,1.7309754,-1
156052,1.8437052,1.5977724,20
139663,3.5553057,8.500992,-1
24550,4.0119953,8.156422,-1
129070,2.2464933,9.8240185,-1
177889,-0.7324222,10.853523,-1
140848,-9.940624,0.7602523,-1
74641,10.955489,26.265131,102
140851,3.1930513,2.606974,-1
182156,3.5608985,4.016176,-1
188962,7.114214,10.447024,-1
89508,0.30672377,0.51886785,-1
189493,-3.309167,3.3994186,-1
177841,3.3872156,14.418319,-1
129043,8.178725,7.885648,-1
68980,-1.6391169,16.336702,59
115358,6.3326106,4.6013145,-1
110115,3.0588117,1.7321517,-1
139537,13.8062,21.677473,102
195619,-2.909896,7.688643,-1
184998,9.074788,16.353127,95
188922,18.512808,-4.8948207,-1
78810,4.3650036,5.0691237,-1
182136,6.5612545,15.002129,-1
92392,3.6747053,14.545225,-1
198118,3.3349338,5.130286,-1
24187,0.21778299,6.2928367,-1
189253,0.87906057,5.1340714,-1
62901,-0.24518195,12.329891,-1
74337,3.423227,14.692871,-1
47237,-0.1298568,9.197356,-1
110468,4.5361314,2.2115843,27
122400,6.134814,27.367762,88
129732,-2.2475867,9.97899,-1
185177,-3.5584285,6.1186595,-1
78671,7.979232,1.3101051,-1
55005,-0.6127462,11.987163,-1
204773,7.269394,4.3893566,-1
78570,-0.45323405,12.582177,-1
204775,6.135167,27.367752,88
193740,3.1732361,13.59191,-1
140354,2.539642,3.813308,-1
150383,7.9709415,10.93651,-1
96332,-7.2151685,8.174379,6
129779,-4.5417147,3.283278,-1
74358,0.6094056,8.489077,77
31944,7.886015,10.417011,-1
178104,6.152421,4.385234,-1
101129,0.10723508,10.942891,-1
1921,18.513025,-4.894711,-1
18601,-4.214868,3.1330488,-1
96331,1.305924,1.7081747,-1
178118,3.3146212,5.152653,-1
140345,1.1892633,6.7722864,-1
122555,-0.4216057,7.5238166,2
174205,1.8464913,1.4457334,-1
162841,0.9332819,-7.703484,77
55027,-7.247915,8.181631,6
115747,-13.061059,0.14001885,41
15028,16.82505,-2.4314694,63
180963,0.8504581,6.9523177,-1
155557,1.9652375,12.611427,103
119854,3.148794,13.94568,-1
63052,12.250895,-8.276501,92
195743,15.199539,13.783102,96
22074,-4.190199,3.8160315,-1
155481,0.7564836,3.9972785,-1
122554,13.228329,9.095956,-1
27592,6.593137,10.370479,-1
122514,3.0392241,11.525021,-1
36959,2.986366,7.5424967,-1
204813,0.4144427,8.607948,-1
85862,-0.70966846,10.3647375,-1
89837,-8.911689,-5.900525,110
21029,10.443703,3.20547,44
140440,-8.051798,17.705448,107
182248,-4.2943654,15.334769,75
74291,3.229075,4.292948,-1
150303,3.810081,5.385228,-1
18573,3.1791081,16.377047,-1
27625,3.586289,16.059687,-1
110309,1.8493634,1.5629696,20
5247,-4.2947307,15.3349905,75
110292,15.733746,19.813103,89
110411,-7.1773562,4.1627593,-1
101199,-2.5186343,18.006527,-1
129648,1.9079875,3.3882802,22
168824,-2.2008464,15.148016,-1
170997,-0.55515754,11.489668,-1
43109,-0.21380714,8.439398,-1
68597,6.278105,4.478575,-1
129943,2.9717138,-9.599052,84
1961,7.111356,10.447415,-1
31853,-1.8698434,26.870384,89
18637,3.2102323,5.311415,-1
110615,2.7181957,3.187202,-1
129283,2.104909,2.7328656,-1
129953,0.6524806,10.596577,-1
182202,-4.0130143,5.2449775,-1
62746,-0.26652318,9.15669,-1
81686,-2.1345947,9.468109,39
86032,2.6397054,3.1004505,-1
78713,8.069006,10.683963,-1
178046,-5.307222,3.4712615,-1
55205,20.77529,9.756308,92
85787,5.1610966,9.459953,-1
55292,-0.59251714,5.919382,-1
204839,-3.820889,1.5386666,30
178006,7.4618683,10.532943,-1
139890,1.9221961,7.3778567,-1
15164,15.974598,-9.074581,74
162330,5.172389,22.925371,40
86089,-16.799553,17.565666,89
15161,3.5679219,7.169523,-1
89680,18.023108,-7.3503933,74
78392,0.25285256,10.985404,-1
170963,0.8453112,6.9478674,-1
68892,9.8652,-7.6198874,102
55310,8.837202,-12.208371,89
68603,-4.901304,-0.75459677,104
70768,1.8645327,10.135186,-1
129907,0.63356656,5.683744,-1
174041,2.7871773,10.63048,-1
110571,17.861385,8.222992,77
18463,-4.6143446,3.403036,-1
150228,-14.969179,12.235134,89
110518,-0.98208576,2.8774426,12
115632,-3.337905,1.4064021,30
101080,3.4605324,-0.7647012,-1
85966,8.55588,-1.5772406,21
78698,3.338664,14.349849,-1
140229,9.684104,10.670823,-1
62774,0.34094533,6.6362224,-1
21006,-8.912735,-5.9022045,110
129815,8.439155,3.380608,-1
174066,3.6836987,-0.6681129,18
129805,3.1781235,6.421275,-1
195838,-8.180751,0.062821284,-1
119790,0.38307235,6.6253858,-1
96162,3.2441618,-0.05349235,-1
115615,14.140395,9.41461,32
122635,0.8345976,4.0690355,-1
1823,-2.1965818,15.155844,-1
86000,10.24191,10.647045,17
115929,-0.3718101,6.064512,-1
47212,2.0258749,10.358151,-1
68642,0.2732305,0.671834,-1
42815,3.062137,5.384924,-1
24437,-4.5771995,3.7973733,-1
189398,7.7229815,24.306007,102
155801,1.8899957,10.429744,-1
185079,0.7118132,4.0726843,-1
195850,5.1723986,22.92545,40
140639,12.356761,-11.262106,88
156206,-5.63751,25.450994,89
12273,-6.839931,10.418586,-1
139120,5.3761926,7.4175277,-1
68501,-5.8809366,0.36250457,45
61859,15.527365,24.692942,88
169253,0.8813274,5.136471,-1
154990,7.2586594,13.778102,-1
20975,1.2715664,1.9009312,-1
163339,6.0067563,20.76561,80
31588,1.8108615,2.312089,-1
69197,-0.11163202,12.23173,-1
200202,4.5372386,2.2063806,27
7635,1.6048379,16.439562,-1
189617,-3.9180462,5.629787,-1
196178,10.443839,3.2052295,44
69191,2.8598137,3.5681753,-1
97048,0.7852212,5.0420713,-1
116220,17.861435,8.223042,77
120069,-1.7037462,5.469758,10
171128,1.1411897,9.381305,-1
196186,-4.4159937,3.5958903,-1
49671,2.4695747,9.877616,-1
27048,0.48244816,6.9319873,68
149859,-0.2496795,-4.554576,112
181154,3.4093947,2.351307,27
138959,1.2404181,6.629159,66
7204,1.8459927,1.4376572,-1
110040,3.4096782,20.547726,38
138970,20.35679,14.451086,88
68496,2.7611506,7.0678754,-1
200618,-5.9293866,8.532177,-1
75109,-5.18003,22.654343,102
73871,3.8126109,8.005525,-1
196194,-4.1293993,4.027883,-1
61813,-4.267947,3.4840229,56
18090,1.4173563,2.790144,-1
105156,3.3460705,14.109327,-1
161566,0.87677515,3.9288259,-1
75017,-0.039132155,11.901734,-1
11140,14.504372,-1.0668902,111
43378,12.551384,18.332556,105
54452,7.58797,5.556114,-1
43373,6.2817473,11.038306,1
36560,-4.9151525,3.4248412,-1
21177,-1.8653173,9.613274,-1
171120,3.0272474,1.0224565,5
55889,9.944895,10.676187,-1
101587,-4.3885026,2.844823,54
130916,2.1581492,9.822429,-1
156479,1.344757,7.8846383,-1
110930,6.401159,13.874222,-1
61989,-0.9986629,14.928071,73
101604,-2.301681,8.244766,47
75032,6.434197,4.341037,-1
184839,-3.81948,1.5384748,30
155023,18.31857,12.004406,100
3617,-5.925789,8.533348,-1
42186,13.43141,16.7225,65
173871,18.022741,-7.3502164,74
61920,4.7324924,9.345421,-1
20984,-2.7146342,8.510194,-1
86431,5.555705,9.641846,-1
97032,3.4943175,8.478818,-1
55895,2.9805672,11.5943165,4
92472,2.6502264,5.436843,-1
198006,7.46692,10.532853,-1
82735,3.3397279,14.188981,-1
110949,5.1902256,6.6767735,-1
121939,12.551179,18.33285,105
68522,-0.32713985,17.860136,-1
174773,7.2688565,4.3896723,-1
174775,12.356762,-11.262133,88
61789,6.4436483,4.718285,34
174839,-3.820048,1.5385593,30
69258,0.5559514,11.88743,99
196231,2.303536,11.430175,-1
104838,-4.4692636,3.2259033,-1
128621,2.066246,-0.5791421,-1
24831,16.851908,2.5214436,26
70624,1.6597717,10.708017,-1
73842,-0.9853981,9.498719,-1
116258,1.3279768,9.4552965,-1
63751,-6.866454,5.136052,108
177529,-1.9745998,9.011006,-1
177530,4.5060062,7.4340744,43
21882,-6.9949117,8.133269,-1
128604,4.2288575,9.302674,-1
97138,-11.738286,-4.7786536,91
193871,22.36239,7.5499983,74
26978,-0.898292,12.413097,-1
18010,1.7997302,1.3451425,20
24852,6.2819533,12.016576,-1
138810,0.019149194,11.86408,106
24846,4.1905274,3.1765301,-1
78042,-0.11369534,12.232132,-1
161343,-9.253499,8.223812,99
138828,4.239172,4.791961,25
42079,-2.709637,6.193535,-1
156641,4.9663715,6.062935,-1
114764,-0.69449466,12.941527,-1
147029,18.022758,-7.350219,74
156630,6.006735,20.765665,80
184813,0.4123526,8.612116,-1
24827,-1.6623123,16.328157,-1
200209,2.510144,9.421602,-1
188655,-0.30797726,1.071569,-1
3603,-3.6430528,1.2190932,-1
163413,6.8242264,7.451486,-1
42118,6.1724687,10.941024,1
86462,0.28574416,5.732732,-1
38031,-8.325668,10.61435,-1
63719,2.4960406,3.3620255,-1
3996,-0.5539571,11.493255,-1
97087,15.228761,-6.1754794,102
54373,18.543411,-4.8636208,-1
177584,-2.1264536,7.1261115,-1
193653,2.0825992,1.572462,20
61780,5.517052,-1.4664751,42
75144,2.137097,16.362669,-1
148012,2.0539265,-0.61252975,-1
156620,-2.9484622,23.991714,74
121851,0.2997509,11.0547085,-1
14661,-2.2158337,6.8022857,-1
2252,0.88948005,5.1478477,-1
81845,0.6940303,4.878239,-1
174813,0.41618654,8.60944,-1
68473,-0.29852763,9.4299965,-1
114799,1.1238114,11.843766,-1
86475,-0.7966608,10.975225,-1
185743,15.778144,13.736759,96
131236,6.128946,12.068517,-1
177540,5.4026732,-0.0007973663,-1
36474,0.40410748,-13.765646,88
138859,4.95052,2.1172326,-1
114971,3.9217591,9.737152,-1
7629,3.9370983,4.378849,-1
22072,-4.677737,3.87615,-1
55782,-11.305096,19.718163,89
36647,4.6882734,9.041988,-1
200665,-4.0968957,2.4218116,-1
147865,-0.44327667,7.632162,2
128922,1.9947579,9.192882,70
55757,1.7552776,1.5746285,-1
74950,9.735743,10.609264,-1
110845,18.658575,20.230019,88
86371,2.2207222,2.409379,-1
81789,-1.3916352,4.390928,-1
156302,3.8947794,2.30567,-1
149976,2.9717,-9.599126,84
184899,1.4113897,12.1972,-1
43321,3.822743,1.2166011,-1
120019,8.5016775,-1.5217804,21
149975,13.6525345,3.0913951,112
110825,-1.3877136,9.223086,-1
128873,3.4232264,9.563173,-1
116134,5.111892,6.454841,-1
198046,-5.3115697,3.469988,-1
128929,0.4465469,8.7224,-1
181120,3.039574,1.0191694,5
36654,-1.1081715,18.98267,83
156429,3.3711908,2.3506598,-1
9193,-4.1178107,4.046344,-1
139249,4.712919,10.824752,49
174630,3.9668705,4.3910184,-1
163173,0.51176447,7.1501775,-1
168655,-0.29697275,1.0660859,-1
74913,3.2483354,2.180418,27
177722,-7.869102,11.740376,75
161826,6.133749,4.7778664,-1
147844,1.8627924,16.119104,35
89373,7.9611225,10.895231,-1
42362,-8.912258,-5.90116,110
49220,3.4455802,4.443339,-1
9177,10.44475,3.2052329,44
188824,-2.198649,15.150715,-1
55718,3.2257512,2.59464,-1
49218,0.37423503,5.3461366,-1
18189,6.1591673,8.065617,-1
74918,-3.1519578,1.7781634,-1
177727,-1.397722,5.476802,-1
3664,-4.1192346,2.4186027,-1
163269,6.131132,4.437267,-1
9632,6.0405574,12.091467,-1
27199,2.0353806,11.2683,4
74929,1.8361536,10.541931,-1
24667,3.3873518,-0.16812873,-1
106342,-3.840054,3.1700232,54
62175,5.8203797,2.1722474,15
156342,-5.907854,12.437829,-1
3681,1.8863779,3.8599122,-1
161863,3.6276734,1.2525208,-1
9185,-4.3914757,3.5778902,-1
31661,-3.45474,1.8280216,-1
54483,4.1794953,5.065295,-1
105034,-7.1599565,3.8054516,-1
43349,-4.791101,3.1391506,55
89397,-5.2387724,2.942666,55
174636,1.6093601,16.437527,-1
27137,5.0897193,18.334665,51
62254,-1.5316068,-4.690527,58
149972,-4.72762,3.7891448,-1
15385,-0.010894287,10.393984,-1
181128,1.1344475,9.380231,-1
185619,-2.910236,7.6889353,-1
110771,8.095777,10.937984,-1
78885,-4.3297234,3.6343815,-1
122039,-5.4324965,6.9633994,-1
82763,-4.175644,12.614629,-1
155088,-2.7728066,7.6808724,-1
174554,9.346505,10.602209,-1
42237,-6.0698028,-2.7797709,86
110916,6.236888,6.5290923,-1
161717,5.3033714,5.9718056,-1
85638,-4.241265,3.639787,-1
100561,5.6979895,6.4626465,-1
62228,9.604982,0.25773385,70
81772,-4.7422967,3.3664,-1
161750,6.023661,14.86495,-1
122795,2.434266,6.43498,-1
12274,-9.9269285,0.77729005,-1
3962,0.850014,6.948073,-1
69077,0.60161036,3.2162254,-1
101491,2.7072418,1.6730148,-1
119717,3.2847745,8.439375,-1
9230,2.307352,11.430187,-1
258,6.6670103,14.96293,-1
55790,-3.0057955,8.541552,-1
128846,0.435704,3.4425037,-1
96950,2.4102724,5.355857,-1
47496,3.0691712,11.606773,4
150003,1.5347407,15.808383,35
148632,-5.275678,3.407658,55
82996,0.535139,14.526273,-1
67411,-2.1202793,6.7666383,-1
68553,2.4664443,9.704526,-1
149187,6.1283283,4.4443736,-1
48436,-3.4751608,2.172977,-1
67542,6.0681124,12.172792,-1
107328,-3.3523498,1.3936517,30
68442,5.234932,7.119917,-1
167278,2.375465,16.381622,-1
104129,4.5815773,9.034394,-1
33040,-3.7304442,3.2106457,-1
30915,3.220127,7.050554,-1
145697,1.6262653,24.987625,53
147415,4.245363,5.2321997,-1
120883,-18.518948,9.487546,89
71670,0.25037497,12.52878,-1
150466,7.4211454,7.5810156,103
145474,-13.631961,15.598025,90
120433,1.9830337,15.960822,-1
106702,5.765158,7.3758864,-1
68563,3.6026726,14.205563,-1
168765,-5.7789702,10.794634,80
93666,10.443999,3.2050328,44
104916,-3.9378822,3.150827,-1
82960,3.092895,11.554432,-1
146927,-4.9016085,4.0580993,-1
168467,-4.534505,3.867739,-1
124226,-1.7962627,9.622896,-1
68399,10.433136,18.98358,82
92852,3.0283546,22.338175,50
48291,6.089165,7.0562234,-1
146746,0.9314165,-7.6986575,77
82383,2.6529758,-0.5948583,-1
121090,3.4034467,2.427126,27
104933,1.6419859,2.8718781,-1
82967,-0.3137497,11.388326,-1
33114,3.704025,1.6473722,-1
123000,5.0420475,-0.12516095,-1
147192,3.3086574,2.236677,-1
30815,-9.756119,1.2423832,-1
32051,3.6208389,7.7767467,-1
119747,-0.28245637,12.03552,-1
119748,2.067152,9.717526,-1
148996,4.528804,5.0630836,-1
70283,-1.4703366,21.3683,60
71048,-0.43294075,10.264379,-1
30759,-0.31085193,9.102316,-1
105695,-13.061087,0.14000204,41
148717,9.050417,1.808583,85
106671,5.7813096,9.611272,-1
119719,4.1499367,9.843948,-1
120806,17.861536,8.223175,77
168706,6.2187624,6.713212,-1
168704,3.3475196,0.078158595,-1
46998,-2.6413023,14.500989,-1
82332,2.9915125,1.105407,-1
124255,3.7089124,8.31388,-1
48372,3.6745775,-0.6388821,18
30825,-4.6646085,3.502778,-1
82160,-0.40043107,7.696828,-1
120600,-16.260656,14.46327,89
150412,3.2351985,13.94454,-1
146940,5.304765,6.541327,-1
119564,1.7412117,10.434454,-1
147287,3.63749,1.1525483,-1
30748,-2.994476,14.845615,-1
168731,-14.969404,12.234941,89
119749,-3.0271447,2.3385382,-1
105768,2.612696,3.0469568,9
105880,-0.22572881,9.052145,-1
151748,-4.046842,-2.1739337,-1
48278,7.9953146,10.639279,-1
83029,6.324557,12.016477,-1
150386,2.5518062,-7.701888,102
49693,1.7970569,8.733061,-1
50735,1.0780067,14.847381,-1
150544,-15.953742,2.5411558,87
149149,5.355356,0.018268669,-1
149026,-2.1161745,9.443903,39
167371,-4.3165894,-2.6317153,-1
82985,-15.399521,8.500563,89
68706,5.919276,2.1284902,15
149097,5.3158956,5.9709067,-1
167214,-3.8115816,3.0677855,-1
70168,3.592706,14.609343,-1
49683,4.468263,6.8268,-1
46983,0.21143675,0.63517976,-1
151667,-2.935082,14.785441,-1
147289,4.710171,6.4569097,-1
48206,0.83969235,12.27186,-1
107383,10.1755705,10.616562,-1
33086,3.0910683,13.9855585,-1
148997,9.643407,10.64984,16
48222,-8.181153,18.100964,107
68378,3.464747,7.1555386,-1
81602,3.442751,8.120897,-1
167414,-8.165313,19.341343,107
120755,5.737318,2.1329327,-1
82234,3.1224184,11.688551,-1
149000,-13.631962,15.598048,90
32164,-0.42096543,11.894479,-1
105884,2.8508537,4.8509946,33
47188,7.6312814,-2.2824538,-1
120079,1.4315088,8.127685,-1
168773,4.4666686,8.878869,-1
83433,15.526717,13.694858,-1
169604,1.5707563,-3.119764,-1
167786,12.356781,-11.262154,88
69492,3.5163476,7.910573,-1
82527,2.0160546,9.812628,-1
68080,6.202523,6.6264005,-1
121545,4.9224663,10.499517,-1
67862,-3.3368962,1.6286415,-1
104310,0.40201044,10.692054,-1
121554,7.3169413,15.325808,-1
106100,2.3346424,9.64705,-1
105391,0.93002546,-7.6945386,-1
47790,-3.9853451,5.888751,-1
46511,-1.0677037,11.209884,-1
70691,7.5883245,5.556242,-1
47789,3.9588022,8.142322,-1
104337,15.974624,-9.074633,74
151071,6.3430204,7.021861,-1
81206,-1.3626493,10.740407,-1
49182,5.0898685,18.334162,51
32733,8.240929,10.886892,-1
50231,5.16362,18.41853,51
69441,7.9031234,8.42307,-1
120050,15.733797,19.813103,89
67908,1.2893076,14.635059,-1
149913,1.2019086,2.0195384,-1
50369,8.017612,-3.2894182,84
105379,12.690186,1.8474486,88
169605,4.7728457,9.281769,49
81312,-3.0494218,2.3159132,-1
69546,-1.467342,9.228993,-1
167778,1.9789994,-0.4479166,-1
71220,0.2665668,0.73757267,-1
104555,1.4235092,1.6068155,20
104531,1.8236833,12.799824,-1
93956,-0.8276054,7.7521224,-1
31183,1.9206791,2.4090352,-1
150066,3.8458204,10.132798,-1
121477,-18.514616,9.4945755,89
119403,-18.518776,9.488126,89
46696,-4.2482896,3.1560712,-1
49315,7.558547,14.691249,-1
49308,2.8510587,4.8938613,-1
122146,4.5773096,3.014365,-1
149619,-0.42501774,11.9996605,-1
31196,0.498703,7.1659927,-1
48866,3.1644785,1.0652542,-1
31737,6.4765606,7.093269,-1
49274,3.1611428,6.204435,-1
123716,3.1978703,4.746353,-1
47483,4.2310452,8.747959,-1
123328,18.318235,12.451104,100
119159,1.7955147,1.3803719,20
151376,3.6714847,-0.60233873,-1
169627,5.0005975,6.6248155,-1
93822,10.955287,26.26519,102
81154,-2.637086,11.195529,-1
71227,6.1634636,8.013047,-1
31238,-0.29369345,5.8766646,-1
147833,-2.3587813,12.30495,-1
81156,-3.3018146,1.9306998,-1
119215,-0.32725376,0.45656604,-1
92620,2.696107,10.446747,-1
69411,12.080515,-0.6804631,-1
148265,-3.912311,3.448206,56
169443,-4.1528287,3.8837225,-1
168034,-1.0992965,7.564869,-1
148130,2.163691,2.0712233,20
50299,3.0402966,11.636467,4
47687,3.0284061,22.33809,50
169289,-3.8044374,3.1800134,-1
169433,-1.5315907,-4.690443,58
146194,15.974645,-9.074713,74
46566,0.40403503,-13.765736,88
123492,-3.4581413,2.2472692,-1
146223,-10.362601,10.061342,-1
69328,3.528556,4.5523696,-1
69242,6.278497,4.5285773,-1
50314,12.872562,8.92034,-1
31437,15.229651,-6.17651,102
32647,0.2903179,0.49110958,-1
169380,13.632454,-5.586809,63
106957,3.3200715,-0.15463313,18
123468,0.93112665,-7.6987267,77
82653,-3.5847855,1.2629318,-1
105244,2.308917,2.7155225,-1
123415,5.2129345,2.1460729,15
49039,5.7951374,7.073884,-1
148031,-6.860899,10.447415,95
93304,3.991081,7.8053284,-1
31486,0.4579275,3.3065941,-1
71270,6.0346766,6.5312033,-1
68004,4.6707964,2.2198358,-1
47697,-0.27076706,10.731046,-1
82681,-14.969359,12.23452,89
146181,3.4274569,2.475424,-1
32708,-0.97507006,3.8767374,-1
70659,3.443627,7.3025002,-1
106889,4.0051284,8.19253,-1
81838,3.465068,2.247959,27
167846,15.527516,24.692669,88
92617,1.0443246,10.554607,-1
121631,3.3703117,-0.25588053,-1
68053,12.228281,9.057453,-1
167861,4.971232,5.7300906,-1
47754,-1.4666743,21.35623,-1
105137,3.9596107,8.199854,-1
81956,2.0129688,3.901017,-1
105142,0.008635218,5.705412,-1
120152,12.690532,1.8461837,88
123559,8.128211,13.580082,-1
31392,10.10122,10.426129,-1
149789,6.7009935,15.61899,-1
81932,3.6077178,0.7926494,-1
169234,0.96183634,8.677246,-1
105200,1.6493448,2.9360027,-1
49121,4.3301096,8.773628,-1
168055,6.3013573,16.081635,-1
69213,10.3036995,10.723095,-1
71259,-4.1279187,4.9947586,-1
31371,2.1568227,2.0067048,20
69372,6.3156767,4.5230517,-1
47705,-2.9212492,14.783398,-1
31386,14.336371,9.571156,32
106159,-0.20433167,8.450163,-1
83221,-18.519184,9.4879,89
47450,10.578474,3.0626485,44
149347,0.7906185,9.410235,-1
106501,-7.251347,8.240731,-1
32342,2.241642,-0.41498682,-1
68262,-3.1134124,10.730116,-1
50625,-2.0113149,9.43493,-1
32350,-1.2733374,9.3640585,-1
119098,-3.861377,3.5911276,-1
68854,1.4483284,6.6977887,-1
81653,3.0476182,11.644211,4
151477,1.6712942,15.838706,-1
168852,20.718077,-3.83635,88
30994,6.1312246,4.4306893,-1
30997,0.060513023,4.824498,-1
69731,-5.5670223,7.142965,-1
32356,-1.7798315,5.382616,-1
81679,4.0861588,6.2298913,-1
121249,-0.5488246,11.889821,-1
168302,1.9123446,7.407436,-1
169895,-6.860694,10.447225,95
123858,4.376116,-7.193702,77
31015,1.7934535,1.3982692,20
120390,-2.971801,14.818067,-1
68865,-1.9675694,5.538245,10
121275,-1.9855626,9.615953,-1
147542,-6.2417126,12.71142,67
50551,5.0314393,8.722073,-1
149459,-3.9789274,3.3732367,-1
119108,-4.1214166,3.836159,-1
49503,3.5965793,7.1924453,-1
82868,2.2167513,6.2847323,-1
70729,2.3136172,9.94796,70
81098,0.6485511,13.833997,-1
106525,-4.2070684,3.055642,-1
92353,5.7091084,7.2808805,-1
92769,3.6519957,4.7736716,-1
150319,3.1165876,4.273266,-1
82109,5.3553843,8.887201,-1
93028,1.7704481,1.5189539,-1
123975,6.2690387,12.020263,-1
68785,0.8750815,12.16855,-1
83526,13.631998,-5.5868,63
93697,-13.355386,17.608257,89
168822,7.071641,14.889475,-1
81068,5.805515,2.153594,-1
50667,-0.82995474,0.15851815,-1
83099,-0.3309429,17.867432,107
50654,-1.7658858,5.4424806,10
47306,3.4061267,1.1185611,-1
119520,-11.162502,8.440952,-1
121154,3.523123,7.79684,-1
50013,2.8014348,7.8790326,-1
91847,5.4105124,0.007025453,-1
150850,2.9758449,5.823161,-1
82886,2.492428,3.7854066,-1
151490,13.808655,21.677359,102
30977,22.362417,7.549994,74
104204,-1.5069618,10.376392,-1
119084,-0.38010746,8.916078,-1
93051,-3.3135588,10.6251745,-1
149460,20.356724,14.451076,88
67706,3.2892435,14.167689,-1
68219,0.7022563,2.9705286,-1
148518,3.1215003,11.617885,-1
48754,12.238986,9.06395,-1
169793,2.2064548,10.105628,-1
146558,-1.2505767,9.572376,-1
47923,5.1722274,22.925348,40
169783,1.4550316,9.204675,-1
150111,21.501566,3.7890391,61
123236,3.092256,7.605526,-1
69573,6.287852,12.022118,-1
120269,-9.912287,16.112234,-1
150103,-4.980518,3.7482736,-1
151421,6.2083297,11.0435705,-1
107069,-2.6197488,4.1613574,-1
50118,20.356707,14.451106,88
82044,6.9302545,14.81411,-1
68973,-4.5633893,12.901726,31
47897,2.6796339,10.514005,-1
169747,-1.1186024,9.533603,-1
146068,2.6540647,9.242368,-1
106825,0.8691893,5.8311977,-1
167653,-0.4188009,11.538345,-1
92906,9.721683,10.667207,17
120687,-4.2303886,3.5862033,-1
48807,2.0597327,-0.5454567,11
48823,2.5308406,9.999295,-1
92432,2.1434524,9.048781,-1
105487,-2.5418394,18.031242,101
122215,-1.6672426,5.459906,10
71437,3.6299586,-0.5126936,-1
122236,3.409631,20.547874,38
68149,2.0367513,2.5184608,-1
121409,7.9402356,10.740963,-1
83186,6.17856,6.596759,-1
121315,-0.21068057,8.439571,-1
106766,1.2486247,14.733068,-1
119953,-8.17038,19.357622,107
146607,-3.6294146,2.0638237,-1
83183,-2.7067487,14.56758,-1
150939,4.1889014,11.547608,-1
122315,-5.8817225,0.362753,-1
123825,4.5171213,12.935394,72
92386,2.7286794,3.2634525,-1
104625,10.2229185,10.651439,17
167618,-6.454524,5.604019,-1
168885,-6.873583,5.1280494,108
119472,1.4037395,8.871422,-1
167622,-2.0264668,9.57546,39
150119,-0.88330585,-3.3502378,109
67729,3.0201452,11.591307,-1
146002,-4.9006414,-0.75494045,104
121381,-4.1588926,3.8257802,-1
82063,4.3762913,-7.193622,77
81130,-2.945114,11.570781,-1
149513,18.658657,20.229975,88
169819,10.998638,24.040375,102
49409,0.8799995,6.9320364,-1
32903,3.8670554,8.0144615,-1
91892,6.1293726,6.946776,-1
121406,6.356495,4.4932094,-1
107078,-1.5948894,9.275268,-1
120302,4.376207,-7.193826,77
135247,-5.881644,0.36213735,45
163984,-16.733128,7.175494,89
33295,4.877784,6.904255,43
37944,10.2603245,5.5041313,70
138951,-4.6829014,12.740054,-1
156571,-0.20760801,10.436625,-1
42154,-1.8168482,5.777404,-1
156566,1.5889144,-3.1379318,-1
138984,5.472052,-7.063339,77
89227,1.8582428,8.800338,-1
89228,17.00309,2.4790275,26
75078,2.9182596,6.433412,-1
61868,9.865188,-7.6198406,102
61871,2.2782063,29.056261,89
114903,3.4283829,16.213049,-1
138986,-3.497967,2.0349858,-1
37963,22.362427,7.549991,74
75060,-4.2328377,3.5658574,-1
37949,2.0515726,-0.5099055,-1
37996,3.4819674,2.3602574,27
156572,-0.53389686,9.798911,-1
138924,-4.1816406,2.6983483,-1
156622,-2.5508945,18.040977,101
131327,2.980562,11.591223,-1
114768,8.19506,21.311003,-1
61706,1.056968,8.2915125,-1
61711,5.348893,0.008368459,-1
114796,-5.7789545,-5.794535,81
38097,7.3407264,15.338069,-1
97131,10.094625,10.624753,-1
78088,3.5384324,1.3834543,-1
89161,6.669716,7.004913,-1
161394,0.24552232,11.412897,-1
156589,-6.9481864,8.164505,-1
61775,4.840335,8.993703,-1
156585,1.929485,3.3905537,-1
156535,5.1896553,6.3071527,-1
86432,3.057506,7.062018,-1
131387,3.944238,9.582198,-1
156439,3.9199889,2.1748166,-1
86387,17.002773,2.4791577,26
89343,4.678705,-13.773895,61
86384,5.82709,6.4807663,-1
161754,-1.4138991,4.26363,7
161756,0.36639798,9.44056,-1
78184,3.6951349,-0.6040523,-1
100571,-6.812809,10.40746,-1
96852,6.318325,4.5482965,-1
139216,0.08353917,5.6437807,-1
62109,17.226328,-1.8889434,-1
110837,-2.0405037,-12.33048,89
62140,-4.518612,3.875255,-1
115058,7.723094,24.305994,102
139303,-5.51843,7.1380835,-1
86393,15.229191,-6.1756687,102
130827,-8.168822,18.084442,107
55809,6.2216516,12.065908,-1
37910,15.611332,6.325264,52
75051,-3.9863734,5.6750917,-1
75042,-16.734629,7.1798263,89
78118,0.8129136,3.951262,-1
55904,6.2610264,11.033413,1
139067,-5.0535374,10.757377,-1
75030,-6.0768394,12.566613,-1
161612,7.2294025,13.772301,-1
100553,0.1647192,0.5222081,-1
61974,9.514046,6.8495445,-1
139140,-9.357422,-11.617021,89
55847,-5.7622414,8.752004,-1
42235,7.681277,14.392616,-1
130884,10.227957,10.643876,17
161725,3.660522,-0.6633646,18
61651,0.24153432,0.71133304,-1
100438,1.4183924,2.8963428,-1
77819,5.769942,7.3235774,-1
111198,1.839773,16.149647,35
75449,5.7083745,14.19518,-1
131861,-9.939346,0.76242805,-1
61240,3.2983613,5.025523,-1
41840,0.122456096,11.191107,-1
156930,-4.901566,-0.75466895,104
138395,2.8597217,1.022133,-1
41852,1.9248369,12.609353,-1
41860,-8.17279,13.621329,-1
160988,-2.7585342,14.619755,-1
61287,10.229193,10.991528,-1
100265,-2.7204874,7.8024964,-1
161031,-3.3781948,2.1110678,-1
131774,-16.276375,14.449242,89
75386,0.25936493,11.349261,-1
131906,2.6522992,5.0761256,-1
160940,-0.43880412,7.604739,2
131916,3.043089,11.619925,-1
131997,-9.911142,16.111713,-1
61141,3.651446,4.743015,-1
56497,3.0618393,7.4228826,-1
88901,10.664642,16.175823,-1
100134,9.723721,-4.618698,-1
160899,1.8770759,12.72122,-1
131954,-1.0410618,11.961543,78
114398,-2.5882673,14.450353,-1
88933,-4.4974914,2.5533702,-1
41774,-1.319627,9.648098,-1
88936,1.9596075,7.218924,-1
138365,5.0617056,7.51633,-1
111292,-7.8198743,11.72087,-1
38436,7.5208116,0.84879285,106
56299,6.226216,15.01349,-1
38345,-6.9824023,-9.056746,89
42057,7.9464154,1.2597978,106
61361,-0.5874208,5.4200625,-1
161181,0.12200593,11.216677,-1
161208,4.9879255,3.4936025,-1
161211,0.8902569,11.520761,-1
42015,5.163509,18.418573,51
156722,3.9361691,7.8785396,-1
156713,1.2717342,1.8390355,-1
56122,5.29814,0.049724594,-1
75233,-10.272307,-1.6856908,77
161234,4.138246,1.7622364,27
114705,1.961727,3.4373467,-1
38187,3.2096617,16.76777,-1
61609,10.492283,10.8749695,-1
131405,5.7266893,14.203517,-1
161256,4.7311263,10.877987,49
89065,10.839478,-0.257807,-1
111113,0.022274395,10.252442,-1
75270,5.9964337,4.6485443,-1
114567,-1.5316002,-4.6903358,58
131689,-0.12474685,6.201318,-1
111176,-16.799625,17.565535,89
114525,-0.89363605,10.988212,-1
111129,1.875795,9.43325,-1
131653,2.21604,6.685218,-1
75350,-4.3165593,-2.631746,-1
138670,18.658688,20.229883,88
114667,7.597882,14.408078,-1
131638,2.3874612,8.275494,-1
131570,5.1918926,9.537472,-1
56219,12.551659,18.332434,105
161158,-7.203815,8.232625,-1
138727,4.9742637,9.188099,-1
114625,3.255842,4.2996354,-1
89385,-7.8408337,11.731728,-1
110800,3.014898,14.387929,-1
74888,2.7365658,3.260676,-1
89861,3.0516012,7.5230193,-1
89779,7.9456277,1.2586453,106
62897,6.0880175,2.0372224,-1
55021,20.356653,14.451128,88
54994,-4.4507737,3.663955,56
115748,4.319274,4.9273233,-1
129659,-0.30440357,9.116335,-1
74301,-3.5624905,2.0084753,-1
54971,-0.4845185,11.700718,-1
162698,5.1478987,7.295341,-1
129586,6.281786,12.00705,-1
54964,0.671978,12.274707,-1
129572,1.6078274,6.584757,66
42989,-1.0466969,6.3385296,-1
115777,0.9281471,8.65488,-1
74288,-6.94021,5.160237,-1
74348,0.7865606,3.029341,-1
140298,2.3039017,9.713987,-1
42872,-6.2151313,12.686256,67
42823,7.8128476,1.1306193,106
140016,0.11944673,11.11784,-1
62747,3.053404,11.614794,4
42798,4.061781,5.0963917,-1
55210,0.62529105,11.793963,-1
42821,6.2663374,4.324566,-1
86004,1.6087658,1.93371,-1
62804,12.356817,-11.262166,88
42862,3.872327,6.347177,-1
140208,4.991785,3.4889731,-1
89737,3.0514016,5.201205,-1
62816,3.2110934,16.768024,-1
129828,-3.768889,3.083476,54
129794,8.837243,-12.208339,89
54940,4.5309935,7.100346,-1
55672,10.436857,18.987747,82
36971,2.9714537,-9.599069,84
155369,10.444731,3.204518,44
129364,-3.286985,1.2520013,-1
101294,4.5364375,7.6233864,-1
101326,23.593565,1.7653942,102
129338,-2.508792,8.714676,72
162913,3.5395482,3.9997993,-1
140607,10.954966,26.265594,102
63268,4.6786866,-13.773878,61
85803,-0.08813542,8.179572,-1
162933,1.7776421,16.042286,-1
129248,4.8912687,7.7498074,-1
115958,-4.622153,3.0863085,-1
36823,0.9286814,6.523062,-1
54744,13.808498,21.677345,102
74172,7.4607015,10.534633,-1
110234,-1.2388345,4.3653736,-1
78691,-16.262566,14.461821,89
43053,6.4967465,7.796659,-1
96246,9.670676,23.366774,102
140453,-1.2385578,4.4750857,-1
89869,3.1477473,7.9118648,-1
115813,2.9854043,3.3706217,-1
54875,2.0401497,9.01013,-1
36928,3.3032804,9.779957,-1
96217,-4.012453,5.799349,-1
54813,-1.876417,0.6203687,-1
89887,5.1723957,22.925472,40
63144,4.799247,2.2483146,-1
140551,-2.5420399,18.031513,101
74215,1.4791135,5.612358,-1
96178,-1.9635228,9.324527,-1
54818,-1.8649757,6.868424,-1
129962,-9.912357,16.112356,-1
155844,-15.197335,11.7666855,89
89708,3.702928,7.8628306,-1
62714,0.45514053,7.12787,-1
62318,-0.97866946,2.8770459,12
161982,4.629391,2.238111,-1
55600,-1.8413303,6.5961957,-1
156092,2.6405146,2.679897,-1
115285,18.391203,17.58554,53
42569,-5.146246,3.2302675,-1
162043,-8.179561,18.098867,107
115299,-0.774204,13.0440445,-1
37577,6.1528487,6.8449545,-1
139535,13.808252,21.67728,102
139558,0.18130066,9.598569,-1
139578,9.865177,-7.619786,102
86239,-1.5386479,11.4897995,-1
162075,0.49544272,5.879996,-1
96657,-3.5089948,1.7035946,-1
100733,8.460801,3.512048,-1
130501,6.3091226,4.489697,-1
62295,-3.52579,1.9458998,-1
161926,0.18171431,14.313824,-1
74873,3.376536,2.093203,-1
78237,3.058085,2.926148,-1
42420,0.48816076,11.123425,-1
130604,6.6574025,7.014539,-1
156258,1.8327452,9.459928,70
96812,8.195088,21.311092,-1
139388,-9.770988,22.48766,89
156210,-2.6547391,14.520984,-1
55650,0.23797756,10.98799,-1
89413,-5.1113343,3.0467846,-1
55648,-1.2480261,4.4165053,-1
139653,-4.0260897,-11.401176,89
130352,4.975027,3.5138617,-1
139660,6.1819596,12.022314,-1
37343,-0.3598694,7.569599,2
115561,4.2067604,2.2441216,27
62660,2.3332663,10.668519,69
62676,6.3117213,4.5018687,-1
130024,-5.720333,8.775537,-1
89653,-0.53061503,10.18864,-1
139844,3.8698854,6.348965,-1
89654,-0.45134455,12.605039,-1
89622,0.49769926,8.732038,-1
139847,0.8944101,6.81302,-1
55362,4.9040756,7.719312,-1
62687,10.578285,3.0625026,44
37328,0.9311305,-7.6986747,77
129983,15.22945,-6.176393,102
55316,0.6794828,14.147535,-1
42714,9.967918,10.707202,-1
37375,0.23739651,11.367912,-1
130320,15.974649,-9.074766,74
155941,10.926931,26.293016,102
115382,2.452322,9.17471,-1
78342,21.501558,3.7891376,61
37454,4.678633,-13.773911,61
78345,2.2160614,9.865643,-1
86140,2.739849,7.7977495,-1
55413,2.5335777,1.8885944,-1
62549,-1.6368265,16.345978,59
86135,0.29381114,10.783614,-1
100912,4.5303483,9.89244,-1
37385,3.5532079,3.9372764,-1
155925,4.6281505,2.1967075,27
74533,0.9850051,-10.175492,63
130124,9.865195,-7.6197906,102
100119,4.740637,1.7865287,27
54735,3.6773643,1.9594922,-1
136335,-5.78934,-5.7881064,81
159473,-3.5957575,2.1474135,-1
134221,-0.50096226,11.513796,-1
88154,1.2503272,3.1225023,-1
113332,1.4629898,12.192731,-1
158289,5.4005733,0.04522462,-1
40654,2.403868,10.074512,70
57884,4.366399,9.9156475,-1
87505,0.050151993,4.8072248,-1
136282,2.1862707,2.0175123,-1
134161,6.142946,6.7738543,-1
159508,1.9505723,3.4018822,22
87490,0.44066,8.507824,-1
57848,-6.2151594,12.68546,67
59435,4.7660713,5.843307,-1
112158,-4.8481507,3.3205297,-1
159461,-5.6374884,25.45099,89
98278,-2.046571,6.587804,-1
134268,8.235038,15.015367,-1
40594,2.753877,7.7998285,-1
159370,2.1701841,2.1693733,-1
112226,0.47679028,5.5883512,-1
134344,-0.1473089,11.566035,-1
77157,-5.2781196,3.408492,55
58027,2.1363084,4.31933,-1
136037,3.4795988,-0.46818376,18
76305,1.891458,16.14207,-1
159422,9.760424,-4.6537547,38
87561,2.0087905,3.7599874,22
98312,-6.812878,10.396482,-1
87560,6.3025813,4.5513554,-1
39721,18.022795,-7.3502355,74
57954,-2.8706067,1.3656819,-1
76240,6.2146144,4.5299606,-1
59453,1.9005064,1.8446618,-1
135986,9.857255,7.0767145,-1
134138,8.185437,7.855857,-1
40857,2.4947863,1.9031992,20
113456,9.67062,23.366777,102
113480,-6.924103,5.1741076,-1
113485,-3.8256311,5.6062636,-1
159770,3.8639228,9.896396,-1
159771,6.8117743,5.6807923,-1
112031,-15.953749,2.541207,87
133786,-2.028036,9.673984,39
57600,4.3528504,-2.3616748,-1
136662,-5.1663103,14.614381,59
136677,18.391253,17.585451,53
87287,-4.1894116,3.0065515,54
99301,1.6405913,9.233125,-1
112075,-0.83297527,11.385791,-1
159670,0.66886127,11.809646,-1
134006,6.48935,4.692213,-1
158183,-5.786968,-5.78903,81
159571,-4.020384,-11.398706,89
57823,4.83119,10.446631,-1
39611,13.940831,7.3418,-1
136465,16.679886,2.5174265,26
99253,1.7426498,9.400616,-1
57687,-13.703628,-2.9896896,111
88238,6.7140946,-10.401442,74
39570,2.3915517,2.9123032,-1
57722,1.931561,3.3389635,-1
133959,10.267688,5.4977946,70
40816,0.5136929,3.3665946,-1
77253,8.0303,-3.2929025,84
88106,-1.4103609,9.235027,-1
113221,-0.38153347,10.041498,-1
97484,2.2072315,1.6204101,-1
135684,7.8352833,10.654096,-1
87951,2.5564556,4.982937,33
98665,2.363182,9.657058,-1
158771,7.83452,13.8903265,-1
134915,2.9717,-9.599138,84
135610,4.1986036,5.0863123,-1
98710,9.694412,-4.5936775,38
40335,-4.3842545,2.8408105,54
40340,12.551234,18.332846,105
134818,1.7094209,16.27674,35
87996,4.7632065,9.433488,-1
40349,-0.85353565,11.871101,-1
135666,-2.9448647,14.796848,-1
58945,2.3771434,6.509226,-1
158793,1.5088924,6.516118,-1
76810,16.964993,2.4840803,26
58481,0.40226635,7.027836,-1
58501,1.2879227,9.418145,36
135377,0.38124394,5.7774873,-1
112686,-18.519451,9.487456,89
135131,8.200444,10.893891,28
158970,4.1866713,5.1949773,-1
112763,0.13713329,5.397037,-1
40114,17.8616,8.22319,77
134971,6.122732,7.7335005,-1
76671,4.8439946,5.8471646,-1
58500,3.324777,-0.17850408,18
87816,6.2338834,15.010071,-1
87937,-8.099863,12.652955,87
134961,16.48717,4.698853,80
135448,-1.771191,9.522904,-1
112622,2.858335,2.176992,-1
76613,-16.799706,17.565407,89
58277,6.076581,2.194192,-1
76357,0.36866271,11.40171,-1
159181,1.4856071,1.4598898,-1
134565,1.7988852,3.1305084,-1
98346,0.4039492,-13.7657,88
134522,-4.143586,5.1086206,-1
134510,9.0104265,12.378118,-1
77086,1.5381871,6.6029835,-1
59222,6.399786,11.004523,-1
59240,2.034443,9.2760515,-1
58140,4.203651,6.988376,-1
135886,-9.564392,14.010764,-1
40539,4.678634,-13.773892,61
158410,0.53156483,6.819007,-1
58102,10.020338,10.652574,-1
135914,0.9799996,7.2472515,-1
39808,3.2864761,-0.46258926,18
135942,-3.8570244,3.427218,56
158473,2.2073276,0.7346759,-1
40478,5.750291,6.4453344,-1
59151,1.1367599,3.2167459,-1
135761,2.7116287,2.8152142,-1
112937,3.896633,2.2225795,-1
58260,1.8499745,1.4864258,-1
159194,-3.595989,5.4660945,-1
158571,0.9320023,-4.376036,68
113022,-3.6725323,6.0092173,-1
135735,6.3991585,4.6545744,-1
134686,-0.79624206,0.19495204,-1
98871,3.4157715,-0.24996997,-1
112353,1.8438678,3.2420704,-1
159239,3.1332726,5.0743837,-1
134660,-0.16369702,5.642516,-1
159249,4.0896754,6.23072,-1
135778,7.9614806,10.916442,-1
76467,3.052198,2.7159228,-1
59752,-16.262684,14.462311,89
39428,2.0623229,10.543393,-1
77341,10.082252,10.634749,-1
38727,5.2322593,6.567415,-1
88677,3.9377685,7.9132066,-1
60698,-1.030006,6.0672874,-1
137775,2.7670283,3.872477,-1
132475,3.627617,-0.27208817,-1
41456,4.4037833,2.2949727,-1
157320,7.066642,14.857593,-1
75728,1.5267425,10.551424,71
38767,-2.9485347,23.991776,74
97637,20.037506,1.4203807,92
137819,3.2372596,6.947181,-1
157298,-6.9823885,-9.056798,89
114048,7.588182,5.556215,-1
88719,5.3398633,6.575708,-1
132396,0.20477054,8.542178,-1
160625,4.6276283,9.558493,-1
99885,0.62538505,0.9553482,-1
86932,2.960499,7.618616,-1
41413,4.496816,7.447564,43
137601,22.145414,0.6778375,89
99826,2.011148,9.186618,-1
97748,5.502594,7.4878983,-1
60605,0.2314149,6.9263134,-1
113933,15.58707,11.289114,97
160392,5.0725136,-0.15267049,24
137608,1.311227,6.6287923,-1
77613,3.8018012,14.384817,-1
157420,-3.638222,5.4806848,-1
41359,0.9493364,10.568908,-1
137625,7.89251,13.983897,-1
77601,4.896715,5.767564,-1
97719,-1.0514804,6.0670023,-1
38851,4.7458186,1.8091712,-1
86874,-4.132475,4.057443,-1
77710,0.4214488,7.6452756,-1
99416,-6.451975,5.6093397,-1
160629,22.362396,7.550011,74
56615,-1.4098595,3.2348359,-1
132263,19.602163,1.3546638,92
138116,1.616062,16.446627,-1
77755,-0.9226542,10.989887,-1
77770,5.90293,2.1634877,-1
38570,-9.796885,22.510468,89
77772,3.0414255,9.82839,-1
100070,5.089687,18.3345,51
61015,2.3406906,2.1031115,-1
114198,7.017213,7.5405965,103
86757,4.1633015,5.3220305,-1
132091,5.1633434,18.418564,51
114268,-1.2198108,9.564367,-1
100049,3.683565,-0.61298794,-1
132284,-17.532818,11.479503,89
157200,6.3493547,4.560659,-1
86855,-0.034235932,11.973358,106
132345,5.318484,-4.778103,-1
77724,-2.6169794,14.463485,-1
88757,0.31581092,8.997485,82
60902,0.101049416,0.7358488,-1
60912,1.8887712,2.3443432,-1
138087,0.2793716,10.726604,-1
132307,2.9897609,1.1143966,-1
157194,-2.5439062,18.033108,101
160728,-10.272368,-1.6857303,77
114112,10.242635,5.4958525,-1
157160,-4.52327,3.8482797,-1
138053,5.085617,6.107001,-1
157455,2.1522465,6.7306,-1
38936,0.38393843,0.7765938,14
86992,-7.0504017,8.223207,-1
133378,-16.734495,7.1794887,89
88375,13.808,21.677267,102
157822,5.7801914,9.019309,-1
77450,1.7343293,2.6358135,-1
39279,1.9148242,1.6817518,20
137017,3.0936644,11.557226,-1
98004,1.6722459,2.741093,-1
133320,1.5707651,-3.1197581,-1
97973,2.3362393,1.7746687,20
